"","logFC","AveExpr","t","P.Value","adj.P.Val","B"
"237351_at",-4.15665473198473,2.95655199630579,-21.2990049781465,1.36358999093759e-42,7.45542827545126e-38,86.2365966234476
"214505_s_at",-5.37346542466685,4.41011070527273,-20.6793051127979,2.22380021917977e-41,6.07931384918268e-37,83.498204986208
"89977_at",-4.36565386561142,3.11606457590909,-20.4184019662157,7.30686292190098e-41,1.33167576751645e-36,82.3304743236398
"230595_at",-3.58264338405543,2.91407675797521,-20.318512878377,1.15479849731987e-40,1.43473317031985e-36,81.8810604187832
"214582_at",-4.4090977886397,3.14658973001653,-20.2906984145277,1.31205593993585e-40,1.43473317031985e-36,81.7556887122
"223764_x_at",-3.50607290562896,2.85191547441322,-19.9863887340559,5.33731768481729e-40,4.86363074028976e-36,80.3774540433815
"219059_s_at",-4.44331503759332,3.00984852873554,-19.7856900729829,1.3551314999646e-39,1.05845449657949e-35,79.4618664703743
"235670_at",-3.58966974250453,2.95757510520661,-19.6287423562426,2.81814087726737e-39,1.92602315580742e-35,78.74220043596
"206930_at",-4.48815015292647,2.96766882066116,-19.5957168474427,3.288859693178e-39,1.99798226360563e-35,78.5903550032692
"221295_at",-3.93009694573812,3.00111955195041,-19.4875992380066,5.45853756840558e-39,2.98445541552575e-35,78.0922497736742
"222083_at",-5.1308059996957,3.12694300176033,-19.4205584352022,7.4788309435507e-39,3.71731892580577e-35,77.7826186382665
"235201_at",-2.72765178917873,2.85098438920661,-19.3774307736805,9.16095663111313e-39,4.17396086505092e-35,77.5831199751964
"235382_at",-4.14558306146833,3.0033164955124,-19.2235810254351,1.89268621983878e-38,7.96020146689888e-35,76.8694586621789
"230463_at",-3.70458784234898,2.95936227393388,-19.0193085471013,4.98322528829036e-38,1.94612744740911e-34,75.9171015353375
"223727_at",-4.43412520861086,4.11836992513223,-18.8869195009057,9.35876313984467e-38,3.41126916447338e-34,75.2969530077108
"232313_at",-3.79893174463631,5.09337377700826,-18.8542485403829,1.0937358642975e-37,3.73750052377911e-34,75.1435587961066
"206069_s_at",-3.6110060137172,2.85086704899174,-18.8248530084775,1.25854858940362e-37,4.04771436033193e-34,75.0054233680387
"239273_s_at",-3.37498223780713,2.96278552386777,-18.7829662224922,1.53749177244643e-37,4.67013125880602e-34,74.8083930834189
"220061_at",-3.61375752206278,3.62321833866942,-18.7053306210297,2.22953041235724e-37,6.41576712082274e-34,74.4425957741961
"204997_at",-5.37890761199378,3.27606224777686,-18.6570083018269,2.81086896282868e-37,7.40667252702515e-34,74.2145150744499
"206262_at",-4.59624949013744,3.25789273910744,-18.6545066178719,2.84481249323325e-37,7.40667252702515e-34,74.2026988174955
"206030_at",-4.680777807681,3.17096029665289,-18.5469230411182,4.7704981369385e-37,1.14110048688767e-33,73.693770133685
"230282_at",-2.24034958462217,2.72619480572727,-18.5451657036029,4.81101049765533e-37,1.14110048688767e-33,73.6854443715997
"243879_at",-3.58665965451301,3.13142328821488,-18.5367882169019,5.0089458958032e-37,1.14110048688767e-33,73.6457486703506
"1563182_at",-4.83035759268721,4.46505912516529,-18.4968328068714,6.07171607025434e-37,1.32788430456462e-33,73.4562982019871
"1552519_at",-5.83013652149435,3.44225464800826,-18.455631471769,7.40583999046176e-37,1.55736269799422e-33,73.260720918894
"1555741_at",-2.80764902636369,2.73662678339669,-18.4098900413966,9.2353231737668e-37,1.87015294268778e-33,73.043331768102
"236383_at",-2.8061477910034,2.88833316715702,-18.2750956339786,1.77280525602482e-36,3.46171883475561e-33,72.4011184777874
"206068_s_at",-3.61965097822681,2.98860108827273,-18.2647977479004,1.86353858504575e-36,3.51341283232333e-33,72.3519575001263
"220736_at",-4.51392137293212,3.02106040386777,-18.1730317231339,2.90914790743502e-36,5.30192206130033e-33,71.9132638355744
"220327_at",-3.53736253410294,3.24145003709091,-18.1281702513024,3.61821617448385e-36,6.38148288193241e-33,71.698399760185
"203295_s_at",-2.41720882546946,2.72662696445455,-18.0731437004329,4.72975241428193e-36,8.08122541408951e-33,71.4344908715987
"239220_at",-3.60988616867873,3.55887075742975,-17.9624567385957,8.1165077794916e-36,1.34475776619304e-32,70.902435578808
"235708_at",-4.87366573355826,3.14128790842149,-17.9533112910184,8.48744958561077e-36,1.36485678262726e-32,70.8584033172862
"214040_s_at",-2.31259482118099,3.12692081342975,-17.9113079026296,1.0422537300351e-35,1.62814921970482e-32,70.6560310457038
"218934_s_at",-3.60560148502489,2.89090405673554,-17.8505790038845,1.40315281977013e-35,2.13103834502589e-32,70.3630328244043
"238003_at",-4.63872265112726,3.36938450319835,-17.7277048251299,2.56446317902632e-35,3.78951417062875e-32,69.7687347311804
"1558820_a_at",-2.17918153541629,3.07765686007438,-17.7046938921386,2.87166101485605e-35,4.1317912101909e-32,69.6572209561639
"230309_at",-4.41399582168212,3.39014909408264,-17.6510106393183,3.74006150922836e-35,5.24327853889899e-32,69.3967981162373
"230670_at",-2.31945432211878,2.95353248279339,-17.6279493710918,4.19005223390927e-35,5.72727764722474e-32,69.2848107729195
"206209_s_at",-3.81191481538009,2.9575600382314,-17.6158799924865,4.44686563714532e-35,5.93005801733952e-32,69.2261734235576
"229480_at",-3.84014655264876,3.0954742448595,-17.5734547557373,5.48186618117452e-35,7.13621508227897e-32,69.0199066558405
"208383_s_at",-6.17612779389762,3.85453379213223,-17.4835960175766,8.54532151650276e-35,1.08654756724369e-31,68.5822539592222
"241866_at",-3.59916580513744,3.81413986154545,-17.4569433352798,9.74986372369402e-35,1.21153136157493e-31,68.4522425408094
"213325_at",-2.29162043802206,2.87110791766116,-17.4460081717876,1.02921644967293e-34,1.25049798635261e-31,68.3988744107037
"205208_at",-3.34675054348077,3.38799598633058,-17.43886695599,1.06625787591419e-34,1.26734020360018e-31,68.3640139816283
"1558420_at",-4.46789949829751,3.18195381928926,-17.431973651137,1.10328404227181e-34,1.28344797896194e-31,68.3303575038046
"239345_at",-5.19967506404016,3.55853390478512,-17.420340339593,1.1687250847631e-34,1.33125091686297e-31,68.2735440878578
"210807_s_at",-3.67960707253903,3.19773912669422,-17.4095906187342,1.23265966577649e-34,1.37542178012917e-31,68.221030321215
"231683_at",-3.13536867306278,2.88718729219835,-17.3816077087704,1.41607121662646e-34,1.54847387538103e-31,68.0842602934427
"1556056_at",-2.81629783543439,2.76140168543802,-17.3575013308061,1.59593651838131e-34,1.70227603521768e-31,67.9663563457465
"210963_s_at",-3.79424013389649,2.94026049035537,-17.3543567857218,1.6210334876591e-34,1.70227603521768e-31,67.9509708984088
"206742_at",-4.04087666820079,3.08004860478512,-17.3507723031211,1.65012583203543e-34,1.70227603521768e-31,67.9334313963093
"205609_at",-4.36718638875113,3.86725045470248,-17.3018426903711,2.10395778348226e-34,2.13025725577579e-31,67.6938447446877
"210298_x_at",-5.46231092192421,3.30265242613223,-17.2660983249955,2.51306681943834e-34,2.49821687914166e-31,67.5186256503643
"201539_s_at",-5.63722991083371,3.40805612865289,-17.2146547828107,3.24626977464768e-34,3.16946071301539e-31,67.2661608259885
"1553243_at",-3.86820088589367,3.4952809537438,-17.160414318795,4.25367907103686e-34,4.08017374050772e-31,66.9996018652851
"202884_s_at",-3.70878169572059,3.27704179645455,-17.1407717863012,4.69149937264949e-34,4.42254703792433e-31,66.9029777024607
"231790_at",-2.65922835244513,2.75544055617355,-17.0804462073342,6.34031104853246e-34,5.8755340098053e-31,66.6059195094588
"207537_at",-3.66911326468439,3.03576314296694,-17.0430883756426,7.64202797606194e-34,6.96379799318644e-31,66.4217268797707
"210106_at",-4.51047714802375,4.42142533617355,-17.0052382743934,9.2353173516455e-34,8.27772092133144e-31,66.2349253503547
"220037_s_at",-2.63020441390837,2.70969051886777,-16.9515955974915,1.20820853559371e-33,1.06546454328365e-30,65.9698698090614
"244276_at",-5.43018024749208,3.71474297510744,-16.9310334178193,1.33940574548951e-33,1.16241284340697e-30,65.8681721992857
"239183_at",-1.96647201557692,2.59804213369421,-16.8553465790069,1.95839778625279e-33,1.67305310880268e-30,65.4933727750184
"228540_at",-2.24970002177432,2.8325405567686,-16.8444876619741,2.06822243149089e-33,1.73969325295022e-30,65.4395400083467
"228082_at",-2.92344100538858,3.01962364423967,-16.7862192937707,2.77241351068136e-33,2.29669255600763e-30,65.1504209799092
"1558552_s_at",-2.30825414772116,2.70438434279339,-16.722328512468,3.8247789734326e-33,3.121190901081e-30,64.8329105537493
"220868_s_at",-2.67589891332749,2.74226314309091,-16.5388222921302,9.6648397758309e-33,7.77095756975815e-30,63.9181008367373
"237017_s_at",-2.99707966400848,2.81376072709917,-16.4666362236641,1.39331453161233e-32,1.10405031907108e-29,63.5570832656233
"233346_at",-2.47287352490441,2.68314899938843,-16.4226276360679,1.74192788438118e-32,1.36057010112201e-29,63.3366678478891
"237154_at",-5.50893036188405,3.5766588232562,-16.3971819389522,1.98221543028125e-32,1.5264454739525e-29,63.2091138885566
"227529_s_at",-4.58814346698699,3.29550497667769,-16.3858983413166,2.09917084066348e-32,1.59405785712883e-29,63.1525257864504
"1554044_a_at",-4.9611667182862,3.31764262282645,-16.3813811928509,2.14791263970999e-32,1.60872772022115e-29,63.1298675047258
"238062_at",-2.78897867001697,2.83029133929752,-16.3701914241686,2.27360887211106e-32,1.67985898760368e-29,63.073728045222
"228368_at",-3.79393424573925,3.03392830431405,-16.3624854592964,2.36444339559478e-32,1.7236792353886e-29,63.0350579047349
"239811_at",2.76311877401075,7.11635735804959,16.3273374208603,2.82727395287929e-32,2.0339632022852e-29,62.8585842190533
"230246_at",-2.6768819232172,2.93826529979339,-16.3054429833316,3.16055576588682e-32,2.24419982467353e-29,62.7485776892198
"241925_x_at",-3.4671208940345,2.87234295792562,-16.3013578472985,3.22697821004414e-32,2.2619876106944e-29,62.7280457364587
"238969_at",-3.13219749919513,2.85296086212397,-16.2910926892346,3.40014153551871e-32,2.35319922094285e-29,62.6764437856925
"230115_at",-2.27143004910859,2.80134427436364,-16.2596051487601,3.9917620803076e-32,2.72811989676022e-29,62.5180776734667
"210832_x_at",-3.35017163080317,3.40954555440496,-16.2139391064616,5.03842336183715e-32,3.40026315555179e-29,62.2881834307208
"238919_at",-3.58457017230487,2.99541284198347,-16.2115729539119,5.09961735263369e-32,3.40026315555179e-29,62.2762646207505
"219937_at",-2.74204815089649,2.78642084964463,-16.1901442944271,5.688955959689e-32,3.74751406139754e-29,62.1682925371001
"218864_at",-3.13465562374604,4.08277846456198,-16.1464257312212,7.11222217058475e-32,4.62929460924668e-29,61.9478336564399
"206955_at",-4.40711327499321,5.06699047757851,-16.1302716903777,7.72434871457532e-32,4.96857371728712e-29,61.8663145417481
"208591_s_at",-2.14193892546889,2.62210221545455,-16.0748361777608,1.02568200628577e-31,6.52083298763659e-29,61.5863237693051
"237248_at",-3.66184467429695,3.02947032979339,-16.0654141298811,1.07636542773319e-31,6.76439997256463e-29,61.538697998093
"219738_s_at",-3.61917518253959,3.02441831539669,-16.0090133263157,1.4369612776382e-31,8.92793839259871e-29,61.2533813991946
"209818_s_at",-1.6065738691233,4.55784019416529,-15.9763172304525,1.69928028815725e-31,1.04391179499997e-28,61.0878031426229
"231380_at",-2.73737294809163,2.83592571942149,-15.9515542579878,1.92953654615799e-31,1.17219345179098e-28,60.9623130274296
"1558421_a_at",-5.33584988957523,3.51003232935537,-15.8888981445974,2.66214484557286e-31,1.59948098276589e-28,60.6444616810443
"205108_s_at",-2.79185538841063,2.75411635042149,-15.8020274284688,4.16256993704503e-31,2.47378816639062e-28,60.2029865198838
"206208_at",-2.6123859994655,3.13531574218182,-15.7880050269121,4.47438475035995e-31,2.63050522823581e-28,60.1316398545393
"239523_at",-5.20868806962726,4.1405002467686,-15.7778688432316,4.7142957931219e-31,2.74206513286106e-28,60.08005176142
"223704_s_at",-2.09928456961991,2.65331145691736,-15.7592510461332,5.1891313905547e-31,2.98648167135345e-28,59.9852644159862
"229011_at",-3.40303596458032,4.1515169914876,-15.7438789412311,5.61720028477011e-31,3.19917109968548e-28,59.9069703212956
"205824_at",-3.5558837107681,4.39598856580165,-15.7230929678957,6.25299799901464e-31,3.510305034033e-28,59.8010570481477
"233496_s_at",-2.55408555863348,2.94201840822314,-15.7218908550095,6.29190477064899e-31,3.510305034033e-28,59.7949301981601
"232187_at",-2.25163505764706,2.71991942332231,-15.7106508871038,6.66766316905135e-31,3.6823685229079e-28,59.7376347182924
"203641_s_at",-2.64180715328846,2.76215657019008,-15.6703496151808,8.21014761467554e-31,4.48027996924654e-28,59.5320760433084
"235849_at",-5.47416680781957,4.11153101727273,-15.6687955159591,8.27632879549887e-31,4.48027996924654e-28,59.5241454079629
"229015_at",-2.18492963869117,2.76597782585124,-15.6542383809329,8.92285737866931e-31,4.78291399194847e-28,59.4498457727974
"241765_at",-3.08434904654016,3.34915773984298,-15.6289894646599,1.01668813598266e-30,5.39683726551963e-28,59.320915565298
"239398_at",-4.76688465683541,3.78209044752066,-15.6212187901032,1.05837445538039e-30,5.56409839883875e-28,59.2812204323273
"219902_at",-3.99113931335294,3.51121362821488,-15.6148876985678,1.0936040861463e-30,5.69455270571895e-28,59.2488738654593
"243311_at",-5.32651497691403,3.44833421547934,-15.6026360732475,1.16515897915668e-30,5.95374459676557e-28,59.186264851136
"212705_x_at",-2.00881218825396,4.80976439402479,-15.4808096180401,2.19024917654676e-30,1.10881364562679e-27,58.5627357088484
"236936_at",-2.64828451776866,2.79230583712397,-15.4710236634376,2.30432556516099e-30,1.15586238784566e-27,58.5125737544418
"227058_at",-3.06230580722794,5.2180542128843,-15.4353515072447,2.77308161333749e-30,1.37714868840144e-27,58.329626470567
"1570454_at",-1.97501773906844,2.60541992609917,-15.433776391656,2.79585741952556e-30,1.37714868840144e-27,58.3215449449424
"1552616_a_at",-3.2490044024638,2.88270734256198,-15.3775121969141,3.74531415266529e-30,1.82834867229442e-27,58.0326776718928
"208186_s_at",-4.58707156695305,6.53750669742149,-15.3633143087304,4.03230800884309e-30,1.95103044587164e-27,57.9597257747368
"240929_at",-3.10269517484728,3.16564651122314,-15.355558403618,4.19830828279529e-30,2.013530748788e-27,57.9198643317418
"214584_x_at",-2.31175030038065,2.76690991342975,-15.3247364194892,4.92867843206193e-30,2.34326515889553e-27,57.7613859602389
"222717_at",-5.03369738631561,4.04682802447107,-15.2738195168153,6.42542588708411e-30,3.02853586531313e-27,57.4993443597654
"1555740_a_at",-2.62694769419004,2.70662408157025,-15.2644833748211,6.74580079974217e-30,3.1523646044949e-27,57.4512638916413
"224339_s_at",-2.70347412227885,2.77271211252066,-15.1919185924428,9.84968440847267e-30,4.52547474817852e-27,57.0772192612624
"203435_s_at",-4.29545056110237,5.01202280576033,-15.1861582688979,1.0150389915756e-29,4.62477140536632e-27,57.0475010948121
"1556579_s_at",-2.78903116907975,3.01186422590083,-15.1816789429773,1.03905809818209e-29,4.69508277009139e-27,57.0243891225369
"220065_at",-4.12490060581787,3.08966660478512,-15.1667914267733,1.1230653167312e-29,5.03308165510477e-27,56.9475575756655
"207317_s_at",-3.33519568143043,3.24213602089256,-15.1537969197466,1.20194765803896e-29,5.34280391896588e-27,56.8804748296749
"218711_s_at",-2.80570221789989,2.73573329219835,-15.1515588030029,1.21608512353297e-29,5.36205275235201e-27,56.8689188515521
"217504_at",-3.09828108548246,3.06738864380165,-15.110075688803,1.51055053652294e-29,6.60714804675132e-27,56.654627691392
"210831_s_at",-2.70019457914988,2.95157545068595,-15.0741004042682,1.8233498959312e-29,7.91203615555861e-27,56.4686306380069
"226286_at",-2.50159520789254,3.96951601605785,-15.0717782370072,1.84564443947359e-29,7.94571730143452e-27,56.4566196944785
"235129_at",-4.75506618004185,3.56310721339669,-15.0659213138985,1.90309865911149e-29,8.12905618647819e-27,56.4263232329374
"213644_at",-2.61922527547851,3.71486647736364,-15.055933159349,2.0052520740588e-29,8.49900443016784e-27,56.3746479731545
"229778_at",-5.03292261418665,3.25144145061157,-15.0344810143258,2.24365283367108e-29,9.43628605238204e-27,56.2636239949116
"215918_s_at",-4.63372265445305,3.51071765194215,-15.0315806461304,2.2779982579938e-29,9.50759959968025e-27,56.2486093813546
"211792_s_at",-3.15900605482862,4.96504516771901,-15.0033280323428,2.64145424546618e-29,1.0941023550823e-26,56.102301941357
"207302_at",-4.62648027054129,3.19150396342975,-14.9937197338449,2.77789429408717e-29,1.14196519194899e-26,56.0525245312949
"1552615_at",-2.55899099077149,5.09115860120661,-14.9812256590003,2.96595225643232e-29,1.21017492254058e-26,55.9877814112714
"239349_at",-3.42657110971549,2.97625349052066,-14.9737894741591,3.08389456008984e-29,1.24897729683638e-26,55.949239513293
"228890_at",-2.12370598912557,3.5723075602314,-14.9684884543575,3.17083616015543e-29,1.27474608129778e-26,55.9217604468828
"230438_at",-2.87274716396833,5.64408685406612,-14.9557123152329,3.39062557292962e-29,1.3531565927002e-26,55.8555194725865
"228104_at",-3.68986041778846,3.45112093655372,-14.9520995834473,3.45550556546722e-29,1.36905628110087e-26,55.8367850909765
"232331_at",-3.10226284649434,3.28205896887603,-14.9480112353846,3.53043171331476e-29,1.38867880521931e-26,55.8155825725149
"222317_at",-5.45056865512727,4.04314613002479,-14.946293593047,3.562395099498e-29,1.39124251475038e-26,55.8066741786017
"1560697_at",-2.5081002800509,2.68593838289256,-14.9366374256393,3.74756991546312e-29,1.45318003636841e-26,55.7565872392978
"231067_s_at",-3.49620276905373,3.09669931817355,-14.926343133564,3.95563866247289e-29,1.52306016810356e-26,55.7031788938029
"228802_at",-3.10723404935237,3.29985696159504,-14.9215628217275,4.05616403027935e-29,1.55084453395471e-26,55.6783739065472
"241764_at",-2.01399234939084,2.61330976223967,-14.86345635267,5.50403875871417e-29,2.08981471619929e-26,55.3766574760089
"226911_at",-2.8222755891793,3.9357123226281,-14.8478652058581,5.97418328593256e-29,2.25267911143698e-26,55.2956373111484
"235927_at",2.73080951968948,6.51434103115702,14.8377856076571,6.29938141243523e-29,2.35903204606093e-26,55.2432439238956
"1557832_at",-4.97104899575,3.2622082676281,-14.8320518850106,6.49223832195851e-29,2.41471517178967e-26,55.2134352509311
"209614_at",-5.33770648625848,4.10183294436364,-14.8138134783091,7.14600755245921e-29,2.63991866845073e-26,55.1185927701953
"239982_at",-2.16503226324378,3.64038109950413,-14.767573896174,9.11539776479173e-29,3.34486156234891e-26,54.8779765182933
"200671_s_at",-2.75211071360294,2.99676577965289,-14.7662891384059,9.17728525731845e-29,3.34512047629257e-26,54.8712877048127
"220357_s_at",-1.92940211683654,3.15282839184298,-14.7630783971401,9.33379898774435e-29,3.37963880566174e-26,54.8545708872856
"222161_at",-2.70328941558484,2.72303680409917,-14.753446476649,9.81958756725944e-29,3.5312845954113e-26,54.8044152689921
"227243_s_at",-3.54568007701244,3.2886241658843,-14.752247967548,9.88178405300282e-29,3.5312845954113e-26,54.79817364995
"1555854_at",-4.54529976536029,3.19829864167769,-14.7010183432771,1.29451577021464e-28,4.59595128158996e-26,54.531233014656
"1559901_s_at",-2.56615612291912,3.24346790469421,-14.6950948587467,1.33559516908213e-28,4.71120424964938e-26,54.5003493361952
"215039_at",-4.70884644214536,4.17009457199174,-14.6830787626183,1.42299098697821e-28,4.98730975724576e-26,54.4376885334898
"230003_at",-4.9053688662353,4.66329300058678,-14.6526918593389,1.67049074511244e-28,5.81745741968298e-26,54.2791592368152
"205610_at",-2.65439972213575,4.19284959828926,-14.6485833993249,1.70711683411426e-28,5.90738056362009e-26,54.2577176567222
"227178_at",-2.91100894196493,4.28632273059504,-14.5490432987763,2.88872411183017e-28,9.93339564869902e-26,53.7376768432159
"210964_s_at",-5.28952975067081,4.01302955661984,-14.5433413332593,2.97718312917932e-28,1.01735929742424e-25,53.7078553124145
"243225_at",-2.87181905125792,3.61253582183471,-14.5384681451522,3.05493651640322e-28,1.03744505611395e-25,53.6823655909064
"1553583_a_at",-3.24423271080204,4.65266010485124,-14.4659572637774,4.48465534576273e-28,1.50428546643912e-25,53.3027933624288
"238613_at",-2.86878971902828,3.92353950346281,-14.4088460682098,6.07032462153534e-28,2.02374999196613e-25,53.003445077809
"242313_at",-2.00094448418439,2.78048418106612,-14.3742853854701,7.29203074204076e-28,2.41631382315805e-25,52.822130229078
"205289_at",-2.41473449863179,3.07179457253719,-14.3459046587023,8.4778197456678e-28,2.79231803972522e-25,52.6731446078313
"239272_at",-3.55221032056561,3.36662950133058,-14.3329643292971,9.08095695073923e-28,2.97306180408184e-25,52.6051863034174
"209840_s_at",-3.74139149840667,3.27938495247107,-14.3203927040006,9.70813115882953e-28,3.15947661374407e-25,52.5391478053642
"221104_s_at",-2.40100545961934,2.66033441565289,-14.3119387964903,1.01541491729685e-27,3.28507755048553e-25,52.4947304656583
"202178_at",2.68367106030373,6.29248826758678,14.3040865658094,1.05868272949494e-27,3.40491048441975e-25,52.4534678041663
"208510_s_at",-4.7380466743224,4.40509549847934,-14.252398479795,1.39355605763315e-27,4.45571213164284e-25,52.1816949290283
"1559942_at",-3.35694009093665,3.41104686989256,-14.2513015556035,1.40171178625962e-27,4.4557320880084e-25,52.1759244164538
"210089_s_at",-2.72662132778507,5.08031003256198,-14.2271101559484,1.59427261144089e-27,5.02065964351064e-25,52.0486313589201
"221142_s_at",-2.60836784811368,3.26369081157851,-14.2266954113696,1.59779566158363e-27,5.02065964351064e-25,52.0464484914863
"209209_s_at",-3.53141061798133,4.15187295376859,-14.214156679763,1.70807567849884e-27,5.33651644125282e-25,51.9804469141495
"227281_at",-2.80655242599774,3.01047621941322,-14.2056551727147,1.78716208652954e-27,5.55187994778424e-25,51.9356875066277
"238752_at",-3.73229748099491,3.04562203960331,-14.204395276929,1.79919106432885e-27,5.55767070294801e-25,51.9290536868806
"214434_at",-3.43546484773981,4.33171054770248,-14.1812100766626,2.03564547290475e-27,6.25274810286894e-25,51.806946435743
"205608_s_at",-3.41132680292647,3.84090375466942,-14.1660023367113,2.20743782124096e-27,6.74255099867873e-25,51.7268239533169
"220266_s_at",-2.7946665496431,3.18877454231405,-14.156265092494,2.3249993711102e-27,7.06218558974722e-25,51.6755107815039
"227333_at",-1.84833924301923,4.7702800418595,-14.1543949600394,2.34828738442631e-27,7.09351451621595e-25,51.665654501098
"213181_s_at",-2.74561084035973,2.98832843391736,-14.1493648616388,2.4120932981981e-27,7.24621983950446e-25,51.6391423111852
"228411_at",-2.11997376352602,3.39662685238017,-14.1348459936867,2.60618989200903e-27,7.78652635768272e-25,51.5626033898947
"235737_at",-2.52710104066742,2.78821863668595,-14.092085475096,3.27378986876725e-27,9.72795984102442e-25,51.3370614081474
"237413_at",-1.97211808684389,2.62985800299174,-14.0892953491816,3.3228914711166e-27,9.82049141531353e-25,51.3223384775024
"226304_at",-1.61005615701753,2.84846394333058,-14.0775134870523,3.53851486666914e-27,1.04015215233944e-24,51.2601594819088
"200606_at",4.97780060908767,9.77596073287603,14.0622310461562,3.83925793122123e-27,1.11655014568894e-24,51.1794856990641
"222278_at",-2.9527787043569,3.14326748509917,-14.0558157812586,3.97302639494343e-27,1.14933977853721e-24,51.1456135905128
"205083_at",-3.47925262920984,3.26894030452893,-14.0510847362336,4.07466354569932e-27,1.172538049269e-24,51.1206314400403
"210715_s_at",4.19893205759107,10.3918528632231,14.0414403520584,4.29000661359716e-27,1.2280424691017e-24,51.0696977280239
"230573_at",-2.53850396343665,2.78734881144628,-14.0375560509771,4.3799293811754e-27,1.24725332768628e-24,51.0491814624017
"228568_at",-4.10794254775566,5.38896545252893,-14.0307251863647,4.54267811345984e-27,1.28689598887781e-24,51.0130983248321
"232204_at",-3.954220187875,4.61020752576859,-14.0187923350691,4.84167954291738e-27,1.36453004643819e-24,50.9500536566857
"219514_at",-2.02494799969966,2.77966552158678,-14.0153095239021,4.93261523709011e-27,1.3830294260918e-24,50.9316503436187
"200672_x_at",-2.10755677021041,4.89072389203306,-14.005624665546,5.19459575236378e-27,1.44905368755352e-24,50.8804689401756
"232317_at",-3.66519000481674,4.90520178091736,-13.9934698329612,5.54323843580692e-27,1.53845970293271e-24,50.8162215669059
"239262_at",-4.98643307185747,4.4380351142314,-13.9839888615695,5.8314087433223e-27,1.61026400525832e-24,50.7660975680305
"205384_at",-3.71250328091233,3.10209405407438,-13.9808943326606,5.92868243079552e-27,1.62889804976756e-24,50.7497355223022
"209663_s_at",-2.89384808175396,3.25886745538843,-13.9791951519026,5.9827853195076e-27,1.63554393672039e-24,50.7407508601641
"210299_s_at",-6.05862818879355,5.01132911884298,-13.9702408067274,6.2761884366219e-27,1.70721692921543e-24,50.6933988484136
"1564796_at",-2.40213426940781,3.14450864497521,-13.957018578369,6.73604328911754e-27,1.8232334991708e-24,50.6234633868144
"243584_at",-4.71818233422455,4.22014472128926,-13.8803793092613,1.01517822551074e-26,2.72221182626909e-24,50.2177688731845
"210374_x_at",-2.81412937912274,4.51932776489256,-13.8802842941913,1.01569494752427e-26,2.72221182626909e-24,50.2172655563397
"236154_at",-2.51448506245362,3.07397552897521,-13.8611809363104,1.12513265762794e-26,3.00081112467355e-24,50.1160531970247
"207277_at",-2.77004913652658,3.79322848255372,-13.8299376159721,1.33020117949211e-26,3.52979243630111e-24,49.95044697797
"219054_at",-4.22838297895248,4.73577032046281,-13.8290727485464,1.33638232156256e-26,3.52979243630111e-24,49.9458614083182
"206243_at",-6.32146909166515,4.62424674352893,-13.7942656143851,1.61059333938747e-26,4.23361494379856e-24,49.7612538579268
"235706_at",-4.03853768348529,4.62564433010744,-13.7924223317221,1.62659596978341e-26,4.25522175348842e-24,49.7514744189822
"53991_at",-1.79917998558258,3.50185501205785,-13.7878690464262,1.66681277562335e-26,4.3396661193908e-24,49.7273158410383
"210678_s_at",-2.75856457888518,6.26320390295041,-13.7830926100508,1.71007311860213e-26,4.431196576283e-24,49.7019711962012
"236644_at",-1.85004866482579,2.62202734369421,-13.7565736427738,1.97157594121469e-26,5.08471295216572e-24,49.5612179928357
"244885_at",-3.16003173581618,3.13867775902479,-13.7538804398865,2.00028193292751e-26,5.13452651093012e-24,49.5469197727354
"227561_at",-3.63263350324887,7.52885894901653,-13.7356507368844,2.20592709571119e-26,5.63593756813128e-24,49.450120546174
"201866_s_at",-2.445842657444,4.35357573772727,-13.6846529053115,2.9010471899911e-26,7.36672039539304e-24,49.1791605017644
"243403_x_at",-3.23547722409955,3.60773753132231,-13.6837367119937,2.91536507752056e-26,7.36672039539304e-24,49.1742904283626
"227419_x_at",-4.48200023154751,6.42911047179339,-13.6832001620422,2.92378294613679e-26,7.36672039539304e-24,49.1714383334255
"1552509_a_at",-4.56028754871324,3.49609450930578,-13.6578524245469,3.35053047389505e-26,8.40322264496385e-24,49.0366694644686
"1552724_at",-2.39618389285407,2.88191963891736,-13.6467730852795,3.55617869739979e-26,8.87826804933029e-24,48.977744444195
"243813_at",-3.0385816335707,2.807840071,-13.6452122092114,3.58615096847791e-26,8.91240019097862e-24,48.969442091504
"217546_at",-3.16209941626301,3.0754722493719,-13.6415497766143,3.65747639832408e-26,9.04853041078593e-24,48.94996062061
"204419_x_at",-1.71771156016063,2.58399147741322,-13.6367616759688,3.75287481390666e-26,9.24272209235796e-24,48.9244895823125
"239942_at",-2.00110719589988,2.70089852138017,-13.6265255064677,3.96527659620239e-26,9.72204026445587e-24,48.8700297413462
"204018_x_at",-4.99222704308201,4.90693123319835,-13.5885077470154,4.86530198205607e-26,1.18754636548623e-23,48.6676798429904
"221163_s_at",-1.58500795722172,2.85585172767769,-13.5848595116781,4.96178073277873e-26,1.20571271806523e-23,48.6482552470758
"201035_s_at",-2.65132053693495,5.84475851175207,-13.5705824537799,5.35815341281401e-26,1.29627007896286e-23,48.5722273011616
"212701_at",-3.54855253969683,4.15311221392562,-13.5554009091268,5.814545733811e-26,1.40027432640582e-23,48.4913628458368
"217414_x_at",-4.92837847081504,4.57622692601653,-13.5546127013249,5.83927839818065e-26,1.40027432640582e-23,48.487163898919
"238151_at",-2.82881296707692,3.4782201784876,-13.5447347694724,6.15832797200909e-26,1.46635147187299e-23,48.4345374211357
"225846_at",4.89483432411709,8.48336147657851,13.5444293924636,6.16846526805281e-26,1.46635147187299e-23,48.4329103315853
"203414_at",-4.16980322410012,7.977330384,-13.5328273911491,6.56625977626258e-26,1.55415694055046e-23,48.3710871956767
"237390_at",-3.36947369317591,2.81622164391736,-13.5239789106427,6.88685621652003e-26,1.62301234326824e-23,48.3239286350302
"205204_at",-3.60556467251357,5.59540999565289,-13.517008753475,7.15041588374359e-26,1.67789265426473e-23,48.286775855719
"225977_at",-2.09698873157183,2.73608839920661,-13.4967935196346,7.97343808477195e-26,1.86302447557652e-23,48.178999129576
"206100_at",-4.60308258642534,4.20423983908264,-13.4914146420595,8.20800519874526e-26,1.9096709967719e-23,48.1503158110891
"244803_at",2.73021834570532,6.58506547385124,13.4654907527505,9.43932243434099e-26,2.18684302583726e-23,48.0120390059961
"202886_s_at",-3.41714019261765,4.14018688314876,-13.4609086640615,9.6754865216356e-26,2.23209799818745e-23,47.987592267161
"210746_s_at",-1.68696821459672,2.5651796351405,-13.449786019784,1.02737048166318e-25,2.36014626407287e-23,47.9282422258025
"205295_at",-2.87723213722907,3.26423336907438,-13.4454557547688,1.05165130771362e-25,2.40581737444528e-23,47.9051331805413
"221697_at",-2.00076306470984,2.68424735367769,-13.4400819935888,1.0825851208616e-25,2.46626422846283e-23,47.8764531188148
"1560698_a_at",-3.04599318261256,2.96817191814876,-13.4390846857876,1.08842568740395e-25,2.46928109787596e-23,47.8711301568361
"203859_s_at",-2.17441618675113,5.07337293635537,-13.4191203382874,1.21222631869382e-25,2.7336074096607e-23,47.764555758418
"213895_at",-3.45099234039084,3.27490556395868,-13.4187065160957,1.21493662651587e-25,2.7336074096607e-23,47.762346314519
"231698_at",-2.39443537032296,2.8613573571405,-13.4168362870935,1.2272615968779e-25,2.75002163152866e-23,47.7523607647541
"243703_x_at",-1.76921435796832,2.68662314187603,-13.4127977119824,1.25430560180295e-25,2.79914933790107e-23,47.7307969288681
"213593_s_at",2.6268890437155,8.41232128128099,13.409209916331,1.27883194764097e-25,2.84228198118984e-23,47.7116388394507
"223620_at",-4.12828774796041,3.74471949452893,-13.3852846482534,1.45515251489245e-25,3.21959563575107e-23,47.5838546391315
"219737_s_at",-3.69608895352206,4.906187981,-13.3846212468881,1.46037442645865e-25,3.21959563575107e-23,47.580310733511
"214449_s_at",-2.7935932278535,4.21069839876859,-13.3482838481415,1.77705734725241e-25,3.90203254863555e-23,47.3861383375744
"235978_at",-7.63872299110464,5.0562229981157,-13.3420419402775,1.83801056445901e-25,4.01972910447186e-23,47.3527728435416
"213706_at",-6.06034935549774,5.59134698506612,-13.3336224669876,1.923563028563e-25,4.1900720552463e-23,47.3077621861393
"32625_at",-3.48945429444513,4.19455870733884,-13.325688269125,2.00783654473339e-25,4.34768863765361e-23,47.2653403594631
"211432_s_at",-2.89699869753055,4.34629058899174,-13.3232983937325,2.03393911082135e-25,4.37817405055737e-23,47.2525613607186
"227554_at",-2.86605185018891,4.21657647039669,-13.299873428151,2.30851460426666e-25,4.94972690150115e-23,47.1272794554207
"235051_at",-2.38426167556787,4.19290805805785,-13.2893435971066,2.44376730333842e-25,5.20717758606807e-23,47.0709486581317
"235279_at",-1.64017254588292,4.90742369765289,-13.2890511242696,2.44763537196067e-25,5.20717758606807e-23,47.069383902218
"214889_at",-3.18799958389084,3.15371041691736,-13.2560970894509,2.92522010580871e-25,6.19908563120509e-23,46.8930314371679
"203434_s_at",-4.43200315104129,4.17427458726446,-13.2372410363166,3.23944255556665e-25,6.8384757423014e-23,46.7920835614292
"214293_at",-2.60147211616233,5.88435839421488,-13.223530868199,3.48896833074614e-25,7.33689782629021e-23,46.7186664145967
"235316_at",-3.46851568324095,3.16988530807438,-13.2063974649037,3.82806739853877e-25,8.01914118831829e-23,46.6268964722793
"201418_s_at",2.91226439926301,7.8788104871405,13.1919094075543,4.1404791107485e-25,8.64048455649521e-23,46.5492769121537
"209458_x_at",-5.33951048187726,5.19949042485124,-13.1886737378564,4.2136726840553e-25,8.75979292778417e-23,46.5319395348315
"226129_at",3.95110913180374,8.10817728338843,13.1788168761657,4.44473708723545e-25,9.20515152441661e-23,46.479119248113
"227503_at",-2.53605851990894,3.07566184432231,-13.1656495073619,4.77335306371438e-25,9.84841806636164e-23,46.4085466210782
"203296_s_at",-4.63542146187896,3.79254553258678,-13.1319559186016,5.72951740149627e-25,1.17767430047672e-22,46.2278971441105
"213668_s_at",3.47307554227432,8.4162746443719,13.0879953530721,7.27165010503259e-25,1.48905419285639e-22,45.9920652893608
"227791_at",-2.53909373521267,4.36462062452066,-13.0840274591168,7.42984025167258e-25,1.51577058119477e-22,45.9707715433562
"204154_at",-5.81604166050057,4.45912308509917,-13.0773275061663,7.70482241898234e-25,1.56602663850505e-22,45.9348133732683
"219140_s_at",-7.07585964534163,4.92768187250413,-13.074236113489,7.83511853988565e-25,1.58661150432684e-22,45.9182209050181
"232710_at",2.98794642734276,6.63731204036364,13.0533273910095,8.77631750648687e-25,1.77064634563531e-22,45.8059777062111
"232341_x_at",-1.58821432507127,3.16640557643802,-13.0427154752162,9.29656530449713e-25,1.86871216185066e-22,45.7489973192438
"220437_at",-2.62912342822285,2.7572034328843,-13.0410403404064,9.38146860716466e-25,1.87887104797336e-22,45.7400019325507
"1554514_at",-1.89547753551188,2.61641648179339,-13.0145505497447,1.08322784447253e-24,2.16151395607795e-22,45.597724369035
"228495_at",-2.47470826194683,5.71498227702479,-13.0059199033092,1.13519726504032e-24,2.25697856240289e-22,45.5513572330985
"222049_s_at",-1.57997123597002,2.57028307781818,-13.0034168273112,1.15073197174926e-24,2.27957502012286e-22,45.5379086848131
"229487_at",-4.51688772625396,5.66068043316529,-12.9691533200073,1.38610524570921e-24,2.73593156350727e-22,45.3537694682518
"1558212_at",-2.15254589751301,2.65420270044628,-12.9632818725409,1.43103359708618e-24,2.81445186765061e-22,45.3222061604905
"236132_at",-1.60914011346719,3.17027021242975,-12.9324487136209,1.69207125928535e-24,3.3159138387608e-22,45.1564129297934
"215436_at",-2.1343451581086,2.80319627064463,-12.9061663814989,1.95196138558283e-24,3.81155316988361e-22,45.0150339636525
"232267_at",-1.82321945696267,2.63238108483471,-12.8933389587083,2.09297840919478e-24,4.07236991184074e-22,44.9460136070931
"223828_s_at",-4.79456115238348,4.1295452282314,-12.8912415483921,2.11698867676692e-24,4.10448070575289e-22,44.9347269436765
"229086_at",-3.46752398331165,4.35474728943802,-12.8708966659927,2.36470778170373e-24,4.56856529910429e-22,44.8252295414182
"227704_at",-1.78999237444287,3.04426115103306,-12.8513995545685,2.62933555854342e-24,5.06193386138597e-22,44.7202665300936
"225926_at",-3.12240832194457,4.01550703089256,-12.846771860825,2.69638718796464e-24,5.17280594743743e-22,44.6953492117829
"235593_at",-2.68592502771776,3.66467673463636,-12.8373071534592,2.83890905569038e-24,5.42013635270787e-22,44.6443826897846
"228770_at",-3.71958023728959,4.15228385294215,-12.836904445113,2.84513787512969e-24,5.42013635270787e-22,44.6422140012927
"229404_at",-3.69071022230825,4.18258969858678,-12.8229222121542,3.07011529528312e-24,5.82842200588904e-22,44.5669088219398
"1554485_s_at",-4.64393934527828,4.2232283243719,-12.8198906410257,3.12119963204845e-24,5.88453758214652e-22,44.5505796046373
"215119_at",-2.20851108595192,2.69363735254545,-12.8075240180095,3.33856709022586e-24,6.26151828434961e-22,44.4839613615827
"219789_at",-3.67190963833088,3.66920774838017,-12.8072222194975,3.34405731875644e-24,6.26151828434961e-22,44.4823354548104
"235642_at",-2.82464533255373,2.75649271887603,-12.7908885344521,3.65509777674137e-24,6.82056214823666e-22,44.3943298226113
"1554371_at",-2.03545191389932,2.66561501780992,-12.7858970810597,3.75581532129911e-24,6.98466675823227e-22,44.3674321723992
"1562102_at",-1.88090315860973,2.61979740355372,-12.7307067909438,5.07322937036359e-24,9.40267172286878e-22,44.069909179332
"227530_at",-4.21771599934389,5.57144683186777,-12.7197368366698,5.38580123579963e-24,9.94826630295083e-22,44.0107464266432
"243278_at",-2.52212539645418,3.0271022498595,-12.7177148686582,5.44548668542096e-24,1.00246459436159e-21,43.9998407160209
"211699_x_at",-4.99188647317704,5.45379795238017,-12.7137692230858,5.56387207657765e-24,1.02082116035867e-21,43.9785586238496
"235471_at",-2.17126169781052,3.84286735522314,-12.7072177497475,5.76616822425786e-24,1.05439882160969e-21,43.9432188061005
"209789_at",-1.76003236837274,2.60730527840496,-12.687548914201,6.41888474045901e-24,1.16984174394866e-21,43.8371039199755
"1568779_a_at",-1.60035398811821,2.84892121182645,-12.6559824115212,7.62477649212119e-24,1.38499885284627e-21,43.6667452070971
"1553102_a_at",-3.59987550456957,3.45798755542149,-12.6518489308174,7.79865511785207e-24,1.41189228002835e-21,43.644432578363
"225420_at",-5.10151495688179,5.98219673227273,-12.6468606721148,8.01379114036204e-24,1.4460529062683e-21,43.6175043103192
"220141_at",-1.93715114179581,3.76249379375207,-12.6427773242767,8.19432005913203e-24,1.47376463563501e-21,43.5954598091444
"230351_at",-3.524281995694,3.5530961721405,-12.6407406215061,8.28588261225424e-24,1.48534633385246e-21,43.5844639790676
"227086_at",-1.52055747926074,6.83993715533884,-12.6383525904793,8.39454641501143e-24,1.49990792562337e-21,43.5715710313553
"228875_at",-2.60414470354072,4.25585484249587,-12.6370886630822,8.4526363922304e-24,1.50536773532637e-21,43.5647469500922
"213247_at",-3.60213015147115,4.99096127597521,-12.6291992112676,8.82445232043471e-24,1.56648354097327e-21,43.5221485363759
"219398_at",-6.16654777794288,6.16295721978512,-12.6285971239951,8.85349193498838e-24,1.56655233509867e-21,43.5188974479924
"207583_at",-1.81287814823756,2.57701546971074,-12.6264001012113,8.96027256051716e-24,1.58033194272992e-21,43.507033987959
"229309_at",-4.65144813438744,3.88161404328099,-12.6036952514452,1.01423011523798e-23,1.78305567686934e-21,43.3844138630718
"241114_s_at",-2.44113678644683,3.29523636294215,-12.5902284167742,1.09159785029092e-23,1.91292027130307e-21,43.3116686486982
"219569_s_at",-2.95371563746154,4.39022620316529,-12.5825481549403,1.1383420076942e-23,1.98846163804091e-21,43.2701760573316
"226834_at",-4.06860354857806,6.04414296564463,-12.5716941555705,1.20784358505717e-23,2.10314802589174e-21,43.211530805924
"213515_x_at",-2.73313762982749,2.80947584173554,-12.5564477205,1.31271343346752e-23,2.27849545951862e-21,43.1291398843952
"225655_at",3.57993633901188,6.88578658138843,12.5543252422968,1.32801879992462e-23,2.29776670524932e-21,43.1176689355569
"1557938_s_at",-1.98778816594288,3.78768136590083,-12.5522503825905,1.34315363537283e-23,2.31662224018958e-21,43.1064550609453
"211673_s_at",-2.14613402045588,4.75163159580165,-12.5403940127923,1.43301498836225e-23,2.46383944933039e-21,43.042370319565
"202920_at",-3.34337644422342,3.91123398770248,-12.5355309812237,1.47159288852696e-23,2.52223640063359e-21,43.01608259492
"238835_at",-1.72147532546437,3.21399082587603,-12.5341155201603,1.48301591427439e-23,2.53387172227976e-21,43.0084308595648
"206701_x_at",-2.02371891488518,2.71038779571074,-12.5076797142744,1.71345990450841e-23,2.91848661305287e-21,42.8655001165631
"1553961_s_at",-2.14546857041572,4.59566515827273,-12.4980748688562,1.80579943942736e-23,3.0662137997109e-21,42.8135585649338
"239071_at",2.25528279775566,6.82409376972727,12.4932128604798,1.85442669730438e-23,3.13903342647421e-21,42.7872633508507
"205168_at",-3.41131990761482,4.8728191785124,-12.4587436834479,2.23893681506151e-23,3.7782058754163e-21,42.6008013671056
"208794_s_at",2.01394540425227,10.0123397499256,12.4478127704633,2.37683598595688e-23,3.98630391203044e-21,42.5416549484554
"218865_at",-3.89602110167817,5.52239503561157,-12.4405242013639,2.47348322095053e-23,4.13570933044252e-21,42.5022129326763
"241809_at",-1.52508681542421,2.63262670319008,-12.4300802362619,2.61887626647687e-23,4.35219026959339e-21,42.4456898752092
"215617_at",-1.73112222218665,2.57915290433884,-12.4251336686863,2.69069725952717e-23,4.45799614135296e-21,42.4189165871044
"240478_at",2.90904864284503,7.08438435044628,12.4234374069662,2.7157776453855e-23,4.48595597466622e-21,42.4097352321187
"201286_at",4.63728752622794,7.15104552678512,12.4197362700932,2.77131766713895e-23,4.55390742278116e-21,42.3897014860117
"236038_at",-3.75433947533597,3.64601171061983,-12.4174215162232,2.80663038357336e-23,4.58574978192489e-21,42.37717162014
"211745_x_at",-5.35023407443382,5.91813257267769,-12.4172189813576,2.80974152161836e-23,4.58574978192489e-21,42.3760752744961
"201988_s_at",-1.70473902916968,3.31173941887603,-12.4055759421645,2.9945231329627e-23,4.87278429448617e-21,42.3130459465914
"219230_at",-4.85243458201414,3.89188989161157,-12.4040894614772,3.01897473396783e-23,4.89799535844781e-21,42.3049983307889
"211922_s_at",-3.33349080028959,6.17831345745455,-12.3990487101948,3.1033909310389e-23,5.0200561880045e-21,42.2777073642281
"223859_at",-1.85852155599604,2.63888849907438,-12.3897696269562,3.26501851928725e-23,5.26592588619559e-21,42.2274658136069
"204389_at",-3.97647795386482,4.70957437139669,-12.3797674854713,3.44870025758716e-23,5.5458143112817e-21,42.1733035296877
"1556427_s_at",-4.15181675139083,3.88575116073554,-12.374529091412,3.5489948487832e-23,5.69036050900943e-21,42.1449349001736
"222351_at",-3.98420544327263,7.98409270402479,-12.3632329193653,3.77533073618418e-23,6.01796524783877e-21,42.0837547418632
"204134_at",-1.75614454163518,3.06971160619835,-12.3617498599609,3.80610091281586e-23,6.04937695954091e-21,42.075721922983
"204042_at",-3.59493657275396,4.55177327131405,-12.357912045559,3.88689855501865e-23,6.15988923175782e-21,42.0549342486572
"203228_at",3.83643850025735,8.1070379121405,12.342658412453,4.22538676888489e-23,6.6769659418723e-21,41.9723038308096
"221067_s_at",-1.9968053369112,2.84280895854545,-12.331509885677,4.49132170080213e-23,7.07674391905926e-21,41.9119026206787
"214846_s_at",-1.60774091171833,2.61136704417355,-12.3247929443998,4.65957651520054e-23,7.32075706806292e-21,41.8755076745433
"209841_s_at",-3.84001228942534,4.44290040553719,-12.3116244332775,5.00798775969974e-23,7.84560833127747e-21,41.804148142393
"224458_at",-1.5053291833586,2.64749047118182,-12.2979116599434,5.39857316097067e-23,8.43334250217348e-21,41.7298287527596
"1555578_at",-1.67682315411765,2.87069086413223,-12.2882078579022,5.69327575813809e-23,8.86837185402279e-21,41.6772304184048
"221928_at",-3.94102446460407,6.4345198628595,-12.285856082504,5.76709265416915e-23,8.95783496780393e-21,41.6644820919304
"238549_at",2.46163640186312,7.58010665957025,12.2753830335891,6.10763708925706e-23,9.45991665311983e-21,41.6077068028289
"208609_s_at",-2.02204379598133,3.72123040333058,-12.2635888036194,6.51532260058923e-23,1.00628605420118e-20,41.5437619284967
"212224_at",-4.18623409429185,4.57182916664463,-12.2579623657874,6.71930609067376e-23,1.03486777607771e-20,41.5132542949271
"241929_at",-2.68362339123303,2.875989466,-12.2368962742985,7.54152944886327e-23,1.15823910847359e-20,41.3990143325362
"213720_s_at",2.0450891709095,8.7527846538843,12.2186709463992,8.33378483877005e-23,1.27632965282844e-20,41.3001600121852
"203649_s_at",-2.94391416863745,5.08331329176859,-12.2134760655352,8.57451204977653e-23,1.30952917966908e-20,41.2719796326476
"217232_x_at",-5.83178713907466,5.62647521055372,-12.1938917863969,9.54636862546942e-23,1.44985473499317e-20,41.1657288167659
"206538_at",-2.1390772295017,3.59331213666942,-12.1873448594947,9.89527731664695e-23,1.49868223625394e-20,41.1302051186426
"230715_at",-1.98911659511652,2.74877281206612,-12.1686790196355,1.09617821826944e-22,1.65562276474811e-20,41.0289115783009
"243329_at",2.97966415997115,6.36890058815702,12.1659474724614,1.1127230755705e-22,1.67598165721259e-20,41.0140868039313
"228186_s_at",-3.30089316257918,4.20459710182645,-12.1491917390824,1.21982966110903e-22,1.83225787695429e-20,40.9231407956163
"241698_at",-1.52729892178733,2.6070000905124,-12.139281292617,1.28797917643542e-22,1.92932223209881e-20,40.8693424495132
"223836_at",-3.24903083562557,3.12802158556198,-12.135095466029,1.3178967934878e-22,1.96874336568157e-20,40.8466183812481
"219576_at",-2.03558953596719,4.16005466260331,-12.1316125728392,1.34332022027101e-22,2.00125430635742e-20,40.8277097188896
"212703_at",-2.24292344856448,5.41181927103306,-12.1298903587366,1.35607249031485e-22,2.01476259260773e-20,40.8183595707209
"207071_s_at",-3.14600148780147,6.15748497440496,-12.1265367510783,1.38125357523491e-22,2.04661352915905e-20,40.8001519155169
"216048_s_at",-2.07857138745305,2.95826682240496,-12.1253026237306,1.3906376568795e-22,2.05494902405099e-20,40.79345135482
"243963_at",1.913163432431,6.46872505439669,12.1229248333818,1.40889838575716e-22,2.07632127334968e-20,40.7805411800929
"238458_at",-2.9690902691431,3.29668223864463,-12.1179349644842,1.44800381268772e-22,2.12821528114787e-20,40.7534478278807
"222513_s_at",-4.59258610266742,5.83440925683471,-12.1171216587745,1.45447992456361e-22,2.13200240953124e-20,40.7490317242129
"228191_at",2.4519073211776,7.72364828416529,12.1094331286946,1.51715325817317e-22,2.21792391418765e-20,40.7072827279604
"242033_at",-2.77471137335068,3.28319857209091,-12.0950447384833,1.64180064547981e-22,2.39374534110956e-20,40.629145215859
"220032_at",-1.67064492858937,2.99195526003306,-12.0930946765774,1.65946553102216e-22,2.41306590182544e-20,40.6185544189613
"206848_at",2.59657386894796,5.54159614071074,12.081762830153,1.76595006569282e-22,2.56009452227477e-20,40.5570073355977
"238488_at",-1.73203621957296,2.96349999539669,-12.0813514560819,1.76994189194305e-22,2.56009452227477e-20,40.5547729037197
"238142_at",2.63773853308711,6.50876659140496,12.0789851399884,1.79307993152234e-22,2.58671887218955e-20,40.5419197861381
"228728_at",-4.23144146813688,6.00626855495868,-12.0599578231717,1.99048958549958e-22,2.86394784439973e-20,40.4385590555018
"209086_x_at",-3.69184349005995,4.8808067188595,-12.0489629671265,2.11433939220038e-22,3.0341602695159e-20,40.3788243830507
"204422_s_at",-3.56944054049377,3.13791250386777,-12.0391155790404,2.23180271233663e-22,3.19434066222527e-20,40.3253188716035
"214890_s_at",-3.4043195588552,3.91921209119835,-12.0306025766997,2.33860414656762e-22,3.33846427450613e-20,40.2790599318007
"230353_at",-1.77551273478281,3.43235332033058,-12.0254937683186,2.40514021293561e-22,3.42450627974621e-20,40.2512974238471
"205200_at",-4.39218161461595,5.9804408662562,-12.0076825078862,2.65229398972e-22,3.7666019191673e-20,40.1544969629961
"204648_at",-1.60092873384955,5.52149346802479,-12.0043728735998,2.70094741042243e-22,3.82575905867477e-20,40.136508138561
"201839_s_at",5.15644479761652,11.1996588161157,12.0020097328554,2.73623292323319e-22,3.86572442061433e-20,40.1236634656841
"201287_s_at",4.35397978178055,7.32172688150413,11.9986587747527,2.78706113913006e-22,3.92738576757568e-20,40.1054491358788
"224352_s_at",-3.06766173122059,5.02773015919835,-11.9938118493362,2.86225842854734e-22,4.02298148022689e-20,40.0791024556147
"243357_at",-2.53380093904242,2.98317014134711,-11.9854470128017,2.99684517963941e-22,4.20134641530218e-20,40.0336307038285
"207092_at",-7.35386199965893,5.61636636019835,-11.9840011067893,3.02074357003525e-22,4.22401930157743e-20,40.025770341987
"204848_x_at",-1.66787973817194,2.58413389391736,-11.9832008979065,3.034051627601e-22,4.23180542701746e-20,40.0214201341154
"203337_x_at",-4.16076315340667,5.16810696905785,-11.9790856728001,3.10342400109491e-22,4.31754980304998e-20,39.999047900659
"203713_s_at",2.77073409093892,5.53943747165289,11.978330746381,3.11632155420282e-22,4.32037230296094e-20,39.9949436925159
"205978_at",-1.65905825847342,2.69147905034711,-11.9780427116676,3.12125662491005e-22,4.32037230296094e-20,39.993377765519
"207977_s_at",-4.08107144447172,5.12183936607438,-11.9749328156302,3.17504141892043e-22,4.38372195907764e-20,39.9764702878994
"226448_at",-4.33410995641855,4.53042648967769,-11.9540594390247,3.56087196984956e-22,4.9040472279981e-20,39.8629771391231
"218631_at",-3.02001156791798,6.33762518822314,-11.9521427940154,3.59857199934734e-22,4.94351568000794e-20,39.8525549213884
"235798_at",-3.53195160416629,4.39315360002479,-11.945514059959,3.73206689209164e-22,5.11405406829851e-20,39.816508304751
"204254_s_at",2.83189263693495,7.44155158536364,11.9380499491406,3.88833149134497e-22,5.31486310723215e-20,39.7759165925948
"223316_at",-4.25888122333654,6.4418873278595,-11.9361897387212,3.92828543478728e-22,5.35608494132156e-20,39.7657999108836
"228233_at",-1.81785918240328,2.80781898738017,-11.930898147938,4.0442018254264e-22,5.50041628868628e-20,39.7370209543897
"216594_x_at",-5.42735403276187,7.06369057987603,-11.9160906221928,4.38710296098254e-22,5.95198149855386e-20,39.6564818139475
"238178_at",-1.92987794241799,2.86499078102479,-11.9027206855208,4.72166345466741e-22,6.3900234996025e-20,39.5837535110634
"221747_at",-3.81017963085689,5.35641141379339,-11.8996891743632,4.80100814939155e-22,6.48136100167859e-20,39.567261944587
"228855_at",-2.89617713347624,3.96458411986777,-11.8910899645721,5.03341933533441e-22,6.76172486878155e-20,39.5204796572172
"237600_at",2.27445276301131,5.67869459478512,11.8819900037349,5.29164702201238e-22,7.09119610118939e-20,39.4709696544651
"214066_x_at",-1.50524656621267,5.2013798133719,-11.8804801616524,5.33575686925303e-22,7.13282412778507e-20,39.4627547380051
"239238_at",2.70181743607692,5.98178359484297,11.8648948617779,5.81316642190322e-22,7.73320861599899e-20,39.3779508237698
"209576_at",-3.7193662841595,4.55955726777686,-11.8625663214455,5.88807803407836e-22,7.81385112896199e-20,39.3652797086118
"219388_at",2.6376964607534,7.85986707441322,11.8587929380562,6.01152988987955e-22,7.95499001844353e-20,39.3447457691404
"238593_at",3.57374111634729,6.34739591196694,11.8498524816847,6.31447623224302e-22,8.31913224091294e-20,39.2960913444635
"218816_at",2.96462512606391,6.97297794354545,11.8473126593309,6.40329355743073e-22,8.41586719357032e-20,39.282268890494
"213486_at",-3.78118147300113,3.64694442929752,-11.8382202509969,6.73163530250912e-22,8.82619089123947e-20,39.2327831538597
"205220_at",-3.99792268022228,3.69499209306612,-11.8308518914836,7.01004775604689e-22,9.1692430876044e-20,39.1926781028822
"231411_at",-2.78695329946663,4.32964127953719,-11.8290071013741,7.0815394816254e-22,9.24064847632145e-20,39.1826367935637
"1552721_a_at",-1.53009504183258,2.57596949213223,-11.8217844207058,7.3685376055614e-22,9.56947253168812e-20,39.143321945079
"210517_s_at",-3.9374138763569,5.37082456302479,-11.8102432548647,7.85150533461216e-22,1.01725368286711e-19,39.0804961011773
"230636_s_at",-1.70897272965271,2.69847692293388,-11.8042191735271,8.11606085082417e-22,1.04904403550546e-19,39.0477010904374
"224715_at",2.29804624961199,8.04918536577686,11.7950114755984,8.53778094393681e-22,1.10095087997581e-19,38.9975717076108
"212727_at",2.71493761181109,5.73983494592562,11.7853350609986,9.004637379128e-22,1.15570081855358e-19,38.9448868614929
"220351_at",-2.66794604837217,3.55932548920661,-11.7744178342453,9.5621216786188e-22,1.22151636163197e-19,38.8854417774954
"227140_at",4.06481292627093,8.66691218328926,11.7715840531797,9.71239347525161e-22,1.2378207768284e-19,38.8700108737113
"228445_at",-2.40021145525283,5.5447903646281,-11.7640243759197,1.01249437366107e-21,1.28441136612341e-19,38.8288443274825
"203358_s_at",3.75139392932749,6.70037218535537,11.7592195476372,1.03962294742365e-21,1.31577279283306e-19,38.8026782803287
"222725_s_at",-4.02659062432918,5.01318862870248,-11.744283137008,1.12869203706172e-21,1.425201781209e-19,38.7213321912388
"204755_x_at",-2.73526775757975,3.30781617224793,-11.7391193313892,1.16123036517013e-21,1.46290945197413e-19,38.6932073029217
"220326_s_at",-2.50946507071832,4.27771293938016,-11.7370986431062,1.17421739423303e-21,1.475869793786e-19,38.6822012635249
"205478_at",-4.83379955287556,6.45898738745455,-11.7223443165271,1.27355701268708e-21,1.59705801992353e-19,38.6018345494498
"232150_at",2.70489370520475,8.18413224422314,11.7214544733898,1.27981046539614e-21,1.59761476738516e-19,38.5969873205661
"218625_at",-3.30180164714876,4.61446215470248,-11.7207177861891,1.28501085703974e-21,1.60040930771408e-19,38.5929743534512
"214071_at",-2.22271189049095,2.84474893689256,-11.7099113332983,1.36377259225313e-21,1.69464242003273e-19,38.5341058990868
"201416_at",2.63181643886935,9.87531499277686,11.6980293649075,1.4559638062354e-21,1.80509798426124e-19,38.4693736053468
"231015_at",-2.05867139401527,6.0249494102314,-11.6953174216585,1.47786543156039e-21,1.8281061644924e-19,38.4545983726487
"203662_s_at",-1.96900012053846,2.84183408703306,-11.6897207040342,1.52411287695439e-21,1.88105804847587e-19,38.4241054484942
"223430_at",-3.24285842051923,5.18999761932231,-11.684031990233,1.57260575534859e-21,1.93653647913703e-19,38.3931101438459
"210247_at",-1.88773344373869,2.85665414296694,-11.6579618126109,1.81536882743486e-21,2.23045596943822e-19,38.2510505203368
"205709_s_at",3.04153587351244,7.37368983096694,11.6553232326822,1.84193986884538e-21,2.25802830334352e-19,38.2366712461541
"205005_s_at",-3.48178016427546,5.01327140310744,-11.6427781743773,1.97369655316101e-21,2.40874685366246e-19,38.1683020841991
"227190_at",-3.71681405247568,5.71846711639669,-11.640424892648,1.99944364865634e-21,2.43473455434934e-19,38.1554763618764
"238081_at",-1.50768038886482,2.75346309115702,-11.6389294267751,2.01597990789622e-21,2.4494155880939e-19,38.1473257607725
"204159_at",-3.78974640977432,7.25362269145455,-11.6377256296634,2.0293904271528e-21,2.46024216418136e-19,38.1407647600624
"240452_at",2.7349059100034,6.59721675673554,11.6334994325578,2.07718215816442e-21,2.51260917030176e-19,38.1177305209621
"231262_at",-1.97405992047059,2.67375238255372,-11.6276768091626,2.14487813836973e-21,2.58876848157538e-19,38.0859942175521
"212117_at",-2.29151654124887,7.87827845366116,-11.6186612629876,2.25407996958438e-21,2.71457758451599e-19,38.0368525946646
"209616_s_at",-4.99599457811934,5.60711705320661,-11.5976069152224,2.53127635763353e-21,3.04074969967974e-19,37.9220798283017
"1570124_at",-1.84150417269344,2.67378562910744,-11.5972653712775,2.53604364527473e-21,3.04074969967974e-19,37.9202178633783
"205960_at",-1.91052386264197,2.61905442721488,-11.5920264111815,2.61030590845784e-21,3.12294257209917e-19,37.8916566152123
"204653_at",4.66070675702206,9.47537838913223,11.5912748828271,2.62113589759304e-21,3.12905251530348e-19,37.8875594341302
"228501_at",-3.06186424121776,3.25172299316529,-11.5857538362335,2.70208888143166e-21,3.21866469699947e-19,37.8574592452027
"229839_at",-5.78971075341968,4.29230572283471,-11.580569634511,2.78038003659087e-21,3.30472344566534e-19,37.8291946137016
"234032_at",2.89100776877545,5.99892394275207,11.5793027908909,2.7998545345913e-21,3.32065177177396e-19,37.8222875634444
"222380_s_at",3.00189216111086,8.06565947522314,11.5668980610252,2.99791109250681e-21,3.54785257538549e-19,37.7546521570275
"229490_s_at",4.1168044439146,8.31029602807438,11.5645569543862,3.03683382852508e-21,3.58615312256175e-19,37.7418869928965
"227113_at",-2.57656359797115,4.41242223158678,-11.561824204785,3.08290831631136e-21,3.63271578005007e-19,37.726986132825
"211696_x_at",-5.87138887833823,6.36953512771901,-11.5580913255492,3.14697802550801e-21,3.70023706547635e-19,37.706631492947
"224964_s_at",-3.88606188704977,5.25170347356198,-11.5452459486783,3.37781054329797e-21,3.96312857199177e-19,37.6365849598839
"212886_at",-3.99271878369005,5.23465183146281,-11.5442091279875,3.39716552051452e-21,3.97730245897497e-19,37.6309309009521
"201690_s_at",3.75362404852602,10.3089999351983,11.5377593193566,3.52008663115144e-21,4.11240890081634e-19,37.5957576484765
"207275_s_at",-4.52362167679808,5.4464279061405,-11.5354453042938,3.56526435104482e-21,4.1563076416498e-19,37.5831381411004
"231050_at",-3.38170891405034,4.2697526584876,-11.5349297333228,3.57540891703353e-21,4.15926558593209e-19,37.5803264470648
"231773_at",-3.73632900480147,3.73517055917355,-11.527982654569,3.71495371467203e-21,4.3124223853438e-19,37.5424394042145
"204392_at",-2.43808978171663,3.3178865026281,-11.5253130743673,3.77001575768358e-21,4.36706804134216e-19,37.5278800250264
"232264_at",2.61175901928677,8.19772655205785,11.5156004241076,3.97733004374865e-21,4.59747399877288e-19,37.4749073158213
"217164_at",2.39558539199095,6.327801807,11.5130150766584,4.03441157620662e-21,4.65361715040288e-19,37.4608063874766
"205969_at",-2.31135834637443,2.78028508769421,-11.5111674193642,4.07570751619592e-21,4.69135386206341e-19,37.4507288284373
"227000_at",-2.49345599208767,3.06751468232231,-11.5096592001836,4.10973034037501e-21,4.72057786470596e-19,37.4425025714704
"211653_x_at",-5.45192581622794,6.39080010468595,-11.4913378583188,4.5464521428774e-21,5.21126354112834e-19,37.3425675288646
"217482_at",1.85927124334219,4.89872760829752,11.4800336034833,4.83878078458025e-21,5.53473513382688e-19,37.2809029303462
"219909_at",-1.89740109594457,2.66491530765289,-11.4763254793386,4.93871379961474e-21,5.61380825351219e-19,37.2606743726566
"226875_at",-4.3557894111595,5.61213473627273,-11.4751034060369,4.97209890994781e-21,5.64003128426134e-19,37.2540076352993
"204388_s_at",-4.95148399091629,5.00224515577686,-11.4732664740836,5.02270643957339e-21,5.68564129572826e-19,37.2439866016395
"225894_at",-3.00138316976018,3.16428702671074,-11.467006405761,5.19907585772391e-21,5.87312959754245e-19,37.2098352902166
"243501_at",-1.84250316819174,2.91187123776033,-11.4653597645324,5.24648887588038e-21,5.9144696760569e-19,37.2008519901122
"229241_at",-2.04253529411538,2.73874185547934,-11.4592500225034,5.42622489255829e-21,6.10450300412807e-19,37.1675194671963
"205006_s_at",-3.49225331086765,5.1057043616281,-11.4580995956822,5.46075130268725e-21,6.1307305436227e-19,37.1612430452872
"223276_at",-2.58988617977545,5.12345583029752,-11.4541019247552,5.58244741991074e-21,6.25451460417253e-19,37.1394325420433
"223422_s_at",-2.18510338253959,4.07750047841322,-11.4457903589215,5.84422515834232e-21,6.53441739329993e-19,37.0940849127533
"206163_at",-2.77608950052432,2.95289660361983,-11.4399451819891,6.03564791840672e-21,6.73467448854872e-19,37.0621927242512
"227699_at",-1.93189719606674,3.85208635540496,-11.4393029359824,6.0570597257334e-21,6.74480123227034e-19,37.0586884760416
"226663_at",2.81075615198529,8.18124401609091,11.437899624264,6.10410958939189e-21,6.78337788211386e-19,37.0510316332431
"229357_at",-3.86479534374774,4.71724018070248,-11.4215448731242,6.6801814626767e-21,7.4084973929381e-19,36.9617919855401
"232555_at",-1.90734223901527,2.68798532728099,-11.410443530965,7.10191164453087e-21,7.82856893477269e-19,36.90121365403
"218186_at",4.22468620577715,7.59066291383471,11.4010037851774,7.48141894868704e-21,8.23031350139767e-19,36.8496999720417
"227657_at",-3.62040658970023,3.68410374120661,-11.399345442945,7.55015559176391e-21,8.28925214818658e-19,36.8406499969505
"226627_at",-2.47760995477093,4.27198317140496,-11.397202915833,7.63989789422903e-21,8.37097028791527e-19,36.8289576076965
"229693_at",-3.13473700940215,4.7240520813719,-11.3957843227217,7.69990403261911e-21,8.419845059669e-19,36.8212158734889
"228409_at",-5.962601251694,5.20278046590909,-11.3903942271284,7.93223666523308e-21,8.65658761819598e-19,36.7917998826241
"205980_s_at",3.79067004005147,6.89924471317355,11.3707963787941,8.83769761804158e-21,9.58732375528617e-19,36.6848404016287
"228907_at",2.24009124784502,6.57540096015703,11.3686713046951,8.94189700259865e-21,9.6811528439026e-19,36.6732418058776
"223986_x_at",-1.5435631342483,2.78241568916529,-11.3682203282185,8.96416753211855e-21,9.68608418613798e-19,36.6707803751601
"203812_at",-2.39220229662387,5.2251285578595,-11.3677183699509,8.98902097711005e-21,9.69378149750478e-19,36.6680406801279
"238009_at",-3.24020313128054,3.18419909298347,-11.3540989425692,9.69032745332424e-21,1.04174998652044e-18,36.5937034389055
"209542_x_at",-3.87105056824435,5.56013659422314,-11.3529901182764,9.74977935546051e-21,1.04523369854863e-18,36.5876510930204
"214091_s_at",-5.02213487021154,6.76576317642975,-11.3509043801814,9.86260143380855e-21,1.05525975223773e-18,36.5762663387465
"216333_x_at",-3.97624058644796,6.57413757249587,-11.3479499655006,1.00246518927895e-20,1.07050359812161e-18,36.5601398481211
"204183_s_at",-2.04206073807636,5.22006051982645,-11.3470352649673,1.00753616662922e-20,1.07382144074957e-18,36.5551469717663
"202525_at",3.85329084826471,6.96018074800826,11.3465496143426,1.01023897404119e-20,1.07460731334051e-18,36.552496048964
"209220_at",-3.46104626644853,3.98427121096694,-11.3430196200322,1.03010385105075e-20,1.09361025351844e-18,36.5332274246913
"1554062_at",-3.27269770387613,3.94918434803306,-11.3394185482312,1.05077158079941e-20,1.11339023605054e-18,36.5135705350026
"239574_at",-2.7852280754078,3.31027197468595,-11.3377643184734,1.06040435492711e-20,1.12142375446112e-18,36.5045406238206
"226303_at",-2.20485899854355,3.96511720952893,-11.3283116677754,1.11716827182587e-20,1.17917326760771e-18,36.4529404749455
"218237_s_at",4.16433062899887,9.60804650466116,11.3227708538094,1.15184475916254e-20,1.21343183443568e-18,36.4226933664484
"226751_at",-3.20291722283145,5.63636220801653,-11.3221373143927,1.15587769008057e-20,1.21533870586837e-18,36.4192348550163
"219395_at",3.27629437029016,6.68462220408265,11.3214514034529,1.16025993642028e-20,1.21760483730861e-18,36.415490436122
"211577_s_at",-3.77247625715215,4.61719655964463,-11.3184247552507,1.17979643664449e-20,1.23573506079574e-18,36.398967706562
"224881_at",-3.44313861700622,4.66064563266116,-11.3152578684753,1.20059068802935e-20,1.25271557000009e-18,36.3816791943493
"229815_at",-1.69011245372568,2.75580171732231,-11.3031220123787,1.28372948082459e-20,1.33691255931589e-18,36.3154257775462
"202947_s_at",-2.36845828340781,5.42516849609917,-11.3018423782371,1.29282490975758e-20,1.34382513195809e-18,36.308439678156
"228692_at",-3.04766300178167,3.56437788196694,-11.2998151963169,1.30736597404434e-20,1.35636118844163e-18,36.2973723097231
"205530_at",-2.0880230106414,5.0398421995124,-11.2952042361467,1.34105304318464e-20,1.38867566545682e-18,36.2721985310097
"205792_at",-4.0417500689621,4.15457427080992,-11.2916808608279,1.36737867408287e-20,1.41325952751382e-18,36.2529621879617
"218651_s_at",-2.99648919424378,5.61613849353719,-11.2892074289996,1.3861677953772e-20,1.42997592853298e-18,36.2394580036768
"213605_s_at",3.10913034522398,9.80400918771901,11.2745373447123,1.50303960950059e-20,1.54471223025272e-18,36.1593613153987
"242725_at",2.00901175785408,5.78028659016529,11.2715651376166,1.5278935977337e-20,1.56730923932627e-18,36.1431329509208
"225380_at",-2.9889276846974,4.72503011382645,-11.2482989385039,1.73720748501735e-20,1.77868575362029e-18,36.0160928135787
"240466_at",-1.65867354211255,2.5956506138843,-11.2407687921751,1.81091924513126e-20,1.85069177060844e-18,35.9749739013155
"244579_at",3.86949935546889,10.0013191128099,11.2239506274872,1.98704954206085e-20,2.02312725721e-18,35.8831334335299
"212001_at",1.78080164252602,6.81808903308264,11.2200656466368,2.03011442988471e-20,2.06313209022205e-18,35.8619176666454
"216331_at",-4.16669244196267,5.37768763045455,-11.2113212182747,2.13049390952907e-20,2.16112717075143e-18,35.8141636584723
"207057_at",-4.40781236164479,6.41133999259504,-11.2082571853879,2.1668293810275e-20,2.19391474829034e-18,35.7974304308349
"210168_at",-2.03275532213292,2.72664064622314,-11.1982325553948,2.29009795157225e-20,2.3144381793385e-18,35.7426830643269
"232298_at",-1.77594329063405,2.64747850156198,-11.1971750320997,2.30350426311056e-20,2.32369180047177e-18,35.7369075322078
"213089_at",3.26629280474491,8.80012858352066,11.1902381936849,2.39341140342867e-20,2.40994048770649e-18,35.6990224062491
"204421_s_at",-2.45359882561991,3.67644400677686,-11.1881686496768,2.42090832782849e-20,2.4331463754416e-18,35.6877195679843
"236657_at",-1.73034011806335,2.74316404365289,-11.1760469508288,2.58842998851396e-20,2.59674146095414e-18,35.621515430554
"203336_s_at",-2.59587551492986,7.9067266405124,-11.1711741463918,2.65899670167722e-20,2.66264916967403e-18,35.5949013805393
"235019_at",-3.33366481090668,4.19081568219835,-11.1618347882227,2.79967199070804e-20,2.79839243312545e-18,35.5438911302428
"208051_s_at",2.4909322078586,8.2102984281157,11.1609570399723,2.81327004137871e-20,2.8033933583257e-18,35.5390969277636
"209164_s_at",2.93645108288858,8.57473362813223,11.1583993777729,2.85327126275188e-20,2.83641102347198e-18,35.5251270833635
"230867_at",-3.54137367786538,3.15282124409917,-11.1573731369641,2.86948094937891e-20,2.84734792935194e-18,35.5195217722144
"219778_at",-2.57529105390441,3.701660194,-11.1463755434039,3.04908242748382e-20,3.01462173097066e-18,35.4594521469792
"209116_x_at",-6.31441355672851,6.0088172892562,-11.1432219046827,3.10262944015598e-20,3.06202643755466e-18,35.4422264386212
"209686_at",-5.36419339284276,3.95203459858678,-11.1421796728266,3.12053200002669e-20,3.07414571353981e-18,35.4365335616595
"225424_at",-5.44752910668721,6.08303700458678,-11.1371598450275,3.20821664921665e-20,3.15484254129353e-18,35.4091140592443
"202366_at",-1.56119423348133,4.97273108963636,-11.1306639629434,3.32535360630422e-20,3.26415993581119e-18,35.3736314899408
"220661_s_at",2.35728425089706,6.44572097884298,11.1036525165074,3.86012935577738e-20,3.76879593798444e-18,35.2260805468918
"230313_at",-1.9630193566233,3.6141174907438,-11.1030999557317,3.87192338136335e-20,3.7735723863822e-18,35.2230620702404
"224461_s_at",-3.41571606963066,4.99452095591736,-11.0828346660604,4.33030914525728e-20,4.21280520492779e-18,35.1123562924906
"240869_at",-3.16140127525113,3.19523409133884,-11.0796256995551,4.40771586215869e-20,4.28049493363279e-18,35.094825834372
"201432_at",-2.44427055488348,10.5615723327273,-11.0637266711352,4.81214022604506e-20,4.66496040530166e-18,35.0079684272474
"209008_x_at",3.97874161257579,10.1463786461488,11.0620509079311,4.85687259194782e-20,4.69999130911057e-18,34.9988134715864
"203851_at",-3.7055487932172,5.52955459533884,-11.0608936126542,4.88800772935111e-20,4.72176365021682e-18,34.9924909703275
"206093_x_at",-3.87443052822002,6.50102867289256,-11.0594678364947,4.92664057376707e-20,4.75068912470396e-18,34.9847016936003
"226152_at",-2.15208899198134,4.55866892699174,-11.056235488507,5.01535932858626e-20,4.82772484666292e-18,34.9670427078869
"205913_at",-6.39474090875792,4.95523837378512,-11.0435233022386,5.38005140945995e-20,5.16060194407409e-18,34.8975924123433
"230332_at",2.2110955890345,6.69089093423967,11.0408474666398,5.46013399762009e-20,5.21910535524263e-18,34.8829733642205
"227646_at",-4.58730363134672,6.62070099858678,-11.0179669831791,6.19546672726541e-20,5.9116429897598e-18,34.7579664757704
"229858_at",2.23160730188971,8.23709045172727,11.0012312640361,6.79532538986414e-20,6.46146809897081e-18,34.6665285847525
"218039_at",3.75415301893552,8.17279326915702,10.9992293509471,6.87086479627826e-20,6.52195369334226e-18,34.6555907147789
"206159_at",-1.55052371139027,2.5630509982314,-10.9881234968004,7.30544439600617e-20,6.91047010988992e-18,34.5949110370559
"217047_s_at",-3.38122651860351,6.95767490113223,-10.9793777970463,7.66693632287347e-20,7.23989194219529e-18,34.5471260689654
"226955_at",-2.84069493655147,3.81309034380165,-10.9745767505072,7.87293299834609e-20,7.42159675318228e-18,34.5208937816362
"37117_at",3.61661182384163,7.96687189350413,10.9686674415854,8.13409800084133e-20,7.6545922236833e-18,34.4886058974827
"205222_at",-2.41518142745588,4.70068423571901,-10.9656425419459,8.27112051033258e-20,7.77016346911399e-18,34.4720780614364
"32837_at",-3.55126491048699,6.34910021961157,-10.9644067783585,8.3277604714517e-20,7.80995375260071e-18,34.4653259218557
"229477_at",-5.68070969517591,4.98240578963636,-10.9587939393169,8.58994184445135e-20,8.04203887577702e-18,34.4346575897436
"201596_x_at",4.92378059882749,10.2771666303636,10.9554862901782,8.74829538089513e-20,8.17629145214429e-18,34.4165846428953
"219093_at",-3.27622883600735,4.94121156919835,-10.9420633473691,9.42145561335283e-20,8.79041101808986e-18,34.3432412939224
"204642_at",-1.62812176026414,3.8721217545124,-10.9401394581577,9.52209370357125e-20,8.86917330907595e-18,34.3327290348432
"201131_s_at",4.89110716488179,10.2389990800496,10.9320445776554,9.95744992965045e-20,9.24318463333852e-18,34.2884978826053
"200644_at",3.0007608618733,9.12043384420661,10.9251558854849,1.03435806873112e-19,9.5853436284532e-18,34.2508572297259
"224822_at",-3.04035052125113,6.82682263661157,-10.922209977233,1.05132457143231e-19,9.67833008363137e-18,34.2347603700762
"231947_at",-1.73992299289197,3.97770573172727,-10.9221844333918,1.05147289797477e-19,9.67833008363137e-18,34.2346207947654
"235141_at",3.30691134691346,8.35938018359504,10.9187290529164,1.07173155277092e-19,9.84822229373954e-18,34.215740064264
"228507_at",-1.98059903262896,3.19317962286777,-10.9070164403959,1.14335118363428e-19,1.04887124102691e-17,34.1517402337954
"212120_at",-2.7261923611578,7.09889564903306,-10.8997935908984,1.18988337006488e-19,1.08972987032323e-17,34.1122730616926
"213451_x_at",-3.99342079050113,6.3840942368843,-10.8952237327308,1.22029753685625e-19,1.1157151810638e-17,34.0873023174568
"235542_at",2.27629772635973,6.88649906028926,10.8929917860485,1.23543339735409e-19,1.12680059701689e-17,34.0751064334888
"207096_at",-3.48081475869627,3.37914421607438,-10.892829113984,1.23654386503911e-19,1.12680059701689e-17,34.0742175544116
"235198_at",-1.92550152073077,3.44648485631405,-10.8906837123542,1.25128302211573e-19,1.1383344298532e-17,34.0624945606598
"223983_s_at",-2.1273121528569,8.64709768413223,-10.8884521894934,1.26680030826706e-19,1.15053665871265e-17,34.0503009681807
"211778_s_at",2.88177362044966,6.50145323104959,10.8841521221678,1.29724642170632e-19,1.1762346286367e-17,34.026804306357
"228880_at",-1.65458585415724,4.84477629739669,-10.8832309468893,1.30386328359317e-19,1.18027690447776e-17,34.0217707652379
"227312_at",-2.09631757084955,3.91828128256198,-10.8773121450446,1.34719112674197e-19,1.21748222900193e-17,33.9894288548171
"232165_at",5.2833251885181,8.3818684805124,10.8707039783385,1.39726891844743e-19,1.25857789318143e-17,33.953320000183
"238970_at",1.75481935186369,5.55351657183471,10.8656384571614,1.43691323556833e-19,1.29215840714965e-17,33.9256405458287
"239093_at",-1.52606486559333,2.58918056132231,-10.8640547330199,1.44953730264909e-19,1.30137031235368e-17,33.9169866183569
"206170_at",-2.89840630347964,3.50123622921488,-10.8608159078208,1.4757008291217e-19,1.32268758741359e-17,33.89928873088
"232653_at",3.83177663098529,8.7383377488843,10.8581183421942,1.49785215120119e-19,1.34034478505605e-17,33.8845484362456
"228224_at",-2.59481737974943,3.83686610519008,-10.8558416172441,1.51680627171833e-19,1.35508795598366e-17,33.8721077345786
"209182_s_at",-2.96725052398812,3.65420455814876,-10.8542277983011,1.53038668859302e-19,1.36499008480952e-17,33.8632893460518
"228268_at",-4.30028282974887,4.69833499800826,-10.8530761585771,1.54015211795542e-19,1.37146281839109e-17,33.8569964417415
"229024_at",-4.00426933469174,3.79888943473554,-10.8527304564692,1.5430956725903e-19,1.37184968941259e-17,33.85510742175
"221206_at",1.63279315482014,6.851508484,10.8509496573703,1.55834804433861e-19,1.38316037863983e-17,33.8453766003954
"226018_at",-3.82829482215893,4.53244131671901,-10.8503125681158,1.56384119378744e-19,1.38578634149641e-17,33.8418953528978
"242108_at",2.35062198781335,6.54979909954545,10.8438979857707,1.62024005367876e-19,1.43344053292697e-17,33.8068441355773
"226213_at",4.58074444781674,9.33930519512397,10.841799682326,1.63912696406953e-19,1.4478072174556e-17,33.7953783692363
"209980_s_at",-2.2815706243371,3.00815890893388,-10.8396391110209,1.65880445689995e-19,1.4628247367904e-17,33.783572352212
"210155_at",-2.52846976529808,2.77133905850413,-10.8387271294472,1.66718110996663e-19,1.4678442381228e-17,33.7785890082924
"206876_at",-1.97884215355147,2.88247809816529,-10.8076854031739,1.97899014021548e-19,1.73399496660707e-17,33.6089678872798
"222919_at",-2.6117635063586,2.77217388152066,-10.8003115863046,2.06125421615716e-19,1.80030470077305e-17,33.5686753537772
"224578_at",1.97921490627375,9.05137515228099,10.7932046341121,2.14377579614436e-19,1.8693930088388e-17,33.5298411404495
"202972_s_at",-3.00706656118778,5.08564714252893,-10.7886885515185,2.19792225650729e-19,1.91355731488115e-17,33.5051641630993
"203282_at",-2.41948011412047,9.23127693582645,-10.7742802160299,2.37998581724141e-19,2.0687714556069e-17,33.426433863352
"222316_at",2.19295423101358,6.22715307864463,10.7678237611325,2.46639032022889e-19,2.13708226241703e-17,33.3911545862402
"1562610_at",-1.96019335578846,2.75019097172727,-10.7615236046665,2.55372609557966e-19,2.20925592208572e-17,33.3567294935173
"204058_at",-3.64738958090724,4.89002178652893,-10.7455173864729,2.7897749455227e-19,2.40965158209248e-17,33.2692695879778
"218736_s_at",-4.64609345199435,6.06293940598347,-10.7442186491884,2.80985884941341e-19,2.42317086106748e-17,33.2621731797285
"232662_x_at",-2.68322953823586,5.83531926392562,-10.7437763250722,2.81673198143678e-19,2.42527277299301e-17,33.2597562858515
"203548_s_at",-6.45943615844061,6.14796972234711,-10.7345034381593,2.96475450819035e-19,2.54870994866835e-17,33.2090887167099
"208350_at",-3.07615099386765,3.01508219752066,-10.7337272281409,2.9774923762053e-19,2.55564200422331e-17,33.2048474814853
"221590_s_at",-2.14197484984672,3.48025100995041,-10.7332462394918,2.9854130086215e-19,2.55842407909687e-17,33.2022193463889
"229574_at",2.2199974987302,8.4381612282314,10.7304713974295,3.0315205612942e-19,2.58981854201188e-17,33.1870575572587
"232812_at",-3.05231971357353,4.8838220591157,-10.691384773098,3.76199110612785e-19,3.20384522940094e-17,32.973492343702
"218665_at",-3.05323737545532,7.05195454328926,-10.6886694104033,3.81883617904484e-19,3.24215633679001e-17,32.9586562638133
"219976_at",2.96044310573643,7.18314901832231,10.6880117932037,3.83273183609875e-19,3.24890873083254e-17,32.9550632118698
"201890_at",4.46826840318609,8.35827683128099,10.6810962631767,3.98195593298298e-19,3.37017709962608e-17,32.917278723707
"226064_s_at",-5.16473526597737,4.74580944583471,-10.6755833070157,4.10506555285782e-19,3.46865924383859e-17,32.8871577646784
"236923_x_at",-2.04439537343326,6.76291715814876,-10.6753215944762,4.11100354825314e-19,3.46865924383859e-17,32.8857278603962
"232068_s_at",-1.80350077128846,2.81902686259504,-10.6596381804434,4.48297673397058e-19,3.76508069016654e-17,32.8000402977993
"210751_s_at",-2.1625069791793,3.04951621623967,-10.657220403,4.54324100570127e-19,3.809842055011e-17,32.7868307691822
"214454_at",-1.8066186367517,3.85479607793388,-10.6426382513949,4.92427458816354e-19,4.1167387325358e-17,32.7071623071025
"224327_s_at",-4.97738501257013,5.71420842963636,-10.6381551090607,5.04772085736657e-19,4.2134982881911e-17,32.6826694100862
"203317_at",1.87130415934163,6.23328640185124,10.6346886450568,5.14528929879984e-19,4.28839470140063e-17,32.663731100804
"209612_s_at",-6.64490445476414,6.15219162008264,-10.6157538900015,5.71248404948837e-19,4.74665752896317e-17,32.5602871709122
"236660_at",-1.54308710102545,2.74354354909917,-10.6133948460189,5.78739480213049e-19,4.80160562680553e-17,32.5473995643079
"81811_at",2.36282404414197,6.03790007179339,10.611993113131,5.83237074761098e-19,4.83158894887318e-17,32.539741838116
"203395_s_at",2.31788092440837,7.79113647131405,10.6112066859815,5.85775686181626e-19,4.8452777068049e-17,32.5354455628903
"229991_s_at",-1.78864895703111,4.11775435643802,-10.5979902907735,6.30129890869053e-19,5.1964331498138e-17,32.4632450572882
"213924_at",-2.78473401644514,5.25147639934711,-10.5973373602181,6.32406143207848e-19,5.20735028311583e-17,32.4596781833194
"231174_s_at",-1.58730462563518,2.61186436168595,-10.5965139849812,6.35288324188418e-19,5.2232164097747e-17,32.4551801996781
"227894_at",2.77006054149095,7.41834196841322,10.5825246799575,6.8631359303696e-19,5.609530585095e-17,32.3787598500227
"212285_s_at",2.34028477010577,5.66252263950413,10.582507482434,6.86378776667317e-19,5.609530585095e-17,32.3786659054156
"201613_s_at",2.21614864744061,7.41722308370248,10.575639516994,7.12911430712425e-19,5.81767648868684e-17,32.3411486952243
"222407_s_at",-2.41160833720871,5.00155906919835,-10.5615925826548,7.70414255254598e-19,6.27755579821835e-17,32.2644173101871
"225940_at",-2.02897855853224,5.37706106790909,-10.5604505413431,7.75288294731453e-19,6.30787016583961e-17,32.2581790265048
"201291_s_at",4.55336596833541,7.62158575540496,10.5534249790167,8.05957705463413e-19,6.54765788205232e-17,32.2198030114585
"218730_s_at",-3.59825554362613,3.4308799704876,-10.5520840625514,8.11947731844859e-19,6.57677662794336e-17,32.2124785478925
"225863_s_at",-2.11146467439988,7.06036615158678,-10.5511674946434,8.16067731188903e-19,6.59972385421662e-17,32.2074720104541
"212741_at",-5.07489327495192,5.19606401054545,-10.5509175441928,8.17194887847215e-19,6.59972385421662e-17,32.2061067167662
"239185_at",-2.18464505812839,4.3884029972562,-10.5467999494095,8.35988858560655e-19,6.74154732179998e-17,32.1836154836553
"202193_at",2.46590132732975,8.03956317986777,10.5435938496591,8.50921166713526e-19,6.85185784831547e-17,32.1661032127072
"206737_at",-2.74616768573472,3.82553211401653,-10.5382504689251,8.76402603427672e-19,7.03631605615389e-17,32.1369170799924
"226338_at",-2.59909573241233,4.83475548686777,-10.5367388885301,8.83748437787428e-19,7.08488941877238e-17,32.1286607389634
"208079_s_at",3.66716885946663,7.39009409953719,10.5240802327806,9.47732090944508e-19,7.57562164801037e-17,32.0595197828875
"202022_at",-3.89527493270023,4.78470397557851,-10.5207442420917,9.65351643218614e-19,7.70519723985076e-17,32.0412991799964
"217626_at",-2.64991081316233,3.42836249898347,-10.5191840746516,9.73703917404277e-19,7.76053377318933e-17,32.0327778763589
"214004_s_at",1.81698117751415,8.72899022402479,10.5184454467934,9.77683278728543e-19,7.78090731651864e-17,32.028743661192
"201548_s_at",2.18982013037444,7.64205025942975,10.5127733437037,1.0087884562208e-18,8.0167890761442e-17,31.9977642332657
"219064_at",-4.67855468343495,5.64651302483471,-10.5104554794209,1.02178230747358e-18,8.09651415378522e-17,31.9851048622429
"226549_at",2.83959074724378,5.51486109992562,10.5099488494266,1.02464466003541e-18,8.10744526590967e-17,31.9823378365929
"243041_s_at",-2.87726259628733,4.34631426891736,-10.5055936842219,1.04958337020571e-18,8.28264453468649e-17,31.9585517096211
"1554127_s_at",-2.41959683793043,3.10766237334711,-10.5055534315974,1.04981667353228e-18,8.28264453468649e-17,31.9583318677541
"208190_s_at",2.97633885241459,7.2524613265124,10.5050305138695,1.05285220815146e-18,8.29462456493966e-17,31.955475926996
"1558662_s_at",-1.85873731608937,2.72971205373554,-10.5008298005776,1.07755781670058e-18,8.47704656519486e-17,31.9325336919343
"218585_s_at",2.91469621945079,6.15371609087603,10.4981341474228,1.09371612120558e-18,8.59180013317745e-17,31.9178115137726
"202871_at",2.58394783938462,7.49855947642149,10.4914201440193,1.13502191885965e-18,8.90348972936173e-17,31.8811438522674
"1560297_at",2.25386902796889,7.24975455816529,10.4743844832328,1.24696180441214e-18,9.72576842456975e-17,31.7881093475466
"214728_x_at",2.01802449041459,9.27277869139669,10.4702483608281,1.27576494164462e-18,9.93624618011673e-17,31.7655221031914
"204039_at",-3.19573246693382,6.83589587922314,-10.466515970673,1.30232692677264e-18,1.01255138105632e-16,31.7451399004144
"208607_s_at",-5.36809249890215,7.03280368940496,-10.4663153995968,1.3037698623935e-18,1.01255138105632e-16,31.7440446095276
"210078_s_at",-2.56589200820758,4.08163097238017,-10.4574275606869,1.36934038317602e-18,1.05896301909687e-16,31.695510112852
"230744_at",-2.32832017323077,3.40962303695041,-10.4529188329715,1.40385367867134e-18,1.08259097152828e-16,31.6708895377079
"204239_s_at",-1.76575717900339,3.58794642430579,-10.4520011236963,1.41098432399142e-18,1.08655729456663e-16,31.665878298519
"204753_s_at",-2.73237617643269,3.08313196054545,-10.4433386999357,1.48010099569995e-18,1.13817893023762e-16,31.6185771186853
"33322_i_at",3.71635346607976,10.830441731281,10.4404115364278,1.50421337096804e-18,1.15347638229562e-16,31.6025936733364
"204796_at",-2.00630276336539,3.16532299038017,-10.4328739193563,1.56812675737876e-18,1.20080294761462e-16,31.5614361621859
"212119_at",-2.37721341007579,8.94002711478512,-10.4307471095418,1.58664657142482e-18,1.21328533276436e-16,31.5498233912001
"243864_at",-3.15847969360068,4.60048536801653,-10.4249403800822,1.6383311090979e-18,1.25105800823922e-16,31.5181180606361
"213710_s_at",-1.73663441038179,3.63208917045455,-10.4167230827946,1.71435990353416e-18,1.30546835272605e-16,31.4732519915218
"235197_s_at",-1.63139762341346,2.76721834036364,-10.4099650117324,1.77952280558935e-18,1.35320458130178e-16,31.4363543086983
"224579_at",3.57616864158937,9.93324487735537,10.3982359273744,1.89854807066731e-18,1.44170994116299e-16,31.3723182721826
"230433_at",-1.84623402936142,3.56584660899174,-10.3975534253994,1.90571398325172e-18,1.44514441101647e-16,31.3685921822534
"205577_at",-1.90109932037839,2.65806300752893,-10.3959002405986,1.92318379152892e-18,1.45637221332194e-16,31.359566734707
"227558_at",2.5584698703965,8.74706625767769,10.3901426278925,1.9852854391636e-18,1.50132062774924e-16,31.3281339282836
"203065_s_at",-4.54010439862387,6.71734592256198,-10.3854634242032,2.03722857277553e-18,1.53847337315611e-16,31.3025890857622
"228664_at",-1.81784534340328,4.40532754505785,-10.3839455717121,2.05436806515529e-18,1.54927688223953e-16,31.2943028899074
"213071_at",-4.25021409466176,7.42294281318182,-10.3807550501355,2.09086648980857e-18,1.57246389725287e-16,31.2768855035189
"205560_at",-2.21775090036086,3.71958650564463,-10.3748093218353,2.16062136859563e-18,1.62046602644673e-16,31.2444277919856
"219667_s_at",-2.78448926898077,3.16597471115702,-10.3743561705483,2.16603212188076e-18,1.62207773589925e-16,31.2419540745919
"241359_at",-3.09539005952375,5.33052923520661,-10.374132830777,2.16870384077248e-18,1.62207773589925e-16,31.2407348820496
"226569_s_at",2.45681180493043,6.00498667657025,10.3714982887061,2.20046940906381e-18,1.64358831886016e-16,31.2263532331731
"244444_at",-1.99155642838122,2.92165822705785,-10.3675548216542,2.24888810698739e-18,1.67746189972081e-16,31.2048266281454
"230304_at",2.11120222426584,5.68828501490909,10.3656216204359,2.27301181059263e-18,1.69084245910411e-16,31.1942738016984
"209512_at",-3.44284147533597,5.20874212680165,-10.3640824217127,2.29240368253056e-18,1.70064004535086e-16,31.1858717933552
"219295_s_at",-5.73619710180996,5.92681811481818,-10.3637706984937,2.29635107004571e-18,1.70126009152777e-16,31.1841701999612
"220416_at",-2.09791418603959,2.74836939209091,-10.363096269098,2.30491470988325e-18,1.70529379922689e-16,31.1804887221952
"221950_at",-1.78820223021097,2.76920194333884,-10.3560727808449,2.39601529634154e-18,1.77029913956045e-16,31.1421505760389
"223427_s_at",-1.91891941878733,2.91432626607438,-10.3524627486735,2.44423166645562e-18,1.80348672555278e-16,31.1224454619488
"1552797_s_at",4.12231042542478,9.57910920240496,10.3514416628448,2.45804458258283e-18,1.80879660232458e-16,31.116871993119
"235757_at",2.71561561032296,6.08539529633058,10.3509532052988,2.46467983330651e-18,1.81124153072626e-16,31.1142058180613
"1564164_at",2.89926918254355,6.73398171208264,10.3472355495874,2.51577082791285e-18,1.84630563780047e-16,31.0939137253129
"234312_s_at",-2.25016445988122,6.54038867735537,-10.3419608557346,2.59008114476758e-18,1.89829338592717e-16,31.06512344066
"232164_s_at",5.03668817088744,8.50427170999174,10.3326086456861,2.72726880831775e-18,1.99616361572655e-16,31.0140790328717
"232889_at",2.91681346376245,8.28628772340496,10.3312294820449,2.74810509192093e-18,2.00872521257723e-16,31.0065517411737
"235658_at",-2.07024784191233,3.38735733207438,-10.3132728535779,3.0343638724912e-18,2.20441502498607e-16,30.9085514024289
"227899_at",-2.50342714955826,3.1182282807438,-10.313176091741,3.03598447885598e-18,2.20441502498607e-16,30.9080233369213
"243249_at",2.07150123001131,8.62491337352893,10.299195058852,3.27947141596766e-18,2.37490198235804e-16,30.8317262870605
"242181_at",-4.00980002236765,5.03206567047107,-10.2945736793005,3.36417158025696e-18,2.43301694643584e-16,30.8065077564949
"206488_s_at",-6.34326023960124,6.60366996100826,-10.2912301252983,3.42681148108126e-18,2.47504514832388e-16,30.7882625979782
"210375_at",-3.91738803466289,5.21616490412397,-10.2890279504826,3.46870340432892e-18,2.50199681572142e-16,30.7762459069592
"211006_s_at",-3.36266107528507,3.43548574832231,-10.2879172133399,3.49002668051938e-18,2.51406072144133e-16,30.7701849572574
"230998_at",2.18752210368948,6.2401568901157,10.2826693105578,3.59255766482787e-18,2.57435242889206e-16,30.7415492449162
"226694_at",-2.44912402579016,8.46070974707438,-10.2805076203116,3.63566195168318e-18,2.60183006817118e-16,30.7297539917787
"229966_at",1.93981804978903,7.14219609304132,10.2740895668199,3.76670716934538e-18,2.69208777103214e-16,30.6947347036612
"225939_at",-2.51774514393609,4.53581805905785,-10.2692364253062,3.86892423346725e-18,2.76153306089846e-16,30.6682549511175
"214414_x_at",-5.10593570471889,7.89847127876859,-10.2658907937185,3.94099944007721e-18,2.80931087856873e-16,30.6500008888094
"227326_at",-2.4316910664836,5.52465109069422,-10.2614873309751,4.03791248073398e-18,2.87464667817878e-16,30.6259757095416
"211162_x_at",-2.95774917383314,3.41668710980992,-10.2577495757166,4.12204047072689e-18,2.93072253234061e-16,30.6055830654155
"239461_at",-2.29027272458145,3.48955557952066,-10.2562760451575,4.15568542176498e-18,2.95080649915584e-16,30.5975438137528
"202503_s_at",3.85955836642761,8.08249448229752,10.2517277197619,4.26127719959709e-18,3.02185902578432e-16,30.5727295842594
"224663_s_at",-3.13159734468099,5.52937514717355,-10.2431270595822,4.46832821135179e-18,3.1645834838816e-16,30.5258088099545
"213007_at",2.54615128836878,6.33256736146281,10.2381336947188,4.59311874169682e-18,3.2487550737681e-16,30.4985686234005
"227126_at",-1.79658353435577,3.32992379632231,-10.2376876673626,4.60443352002148e-18,3.25255042257331e-16,30.4961354583382
"204570_at",-3.99901604470532,7.42506708689256,-10.2341847861376,4.69426789047268e-18,3.31173028273025e-16,30.4770267823451
"1554789_a_at",-2.06830804647511,2.77175600903306,-10.2333335696761,4.71636124061561e-18,3.32302900554972e-16,30.4723833428537
"225301_s_at",2.79159171456787,6.70575072764463,10.2322723970107,4.74404955208242e-18,3.33823564041321e-16,30.4665946107893
"243827_at",2.04410582055713,5.96384928401653,10.2222848451784,5.0127360090906e-18,3.52276788299523e-16,30.4121139238599
"238299_at",1.88215515535237,5.02486334070248,10.2215414155782,5.03333346538677e-18,3.53270227496819e-16,30.4080587468423
"228613_at",3.16734726559955,8.22000448381818,10.2095484877781,5.37753929334601e-18,3.76462177802424e-16,30.3426435161594
"213517_at",2.38314907346041,8.07612245042149,10.1965429846591,5.77743414496266e-18,4.02909709025297e-16,30.2717105169759
"210511_s_at",3.7257342346793,6.88218739547934,10.1934435285637,5.87704015933732e-18,4.09333975429004e-16,30.2548066765997
"206101_at",-4.66705612945305,6.37654549743802,-10.1921569099463,5.91888993364995e-18,4.11724309315917e-16,30.2477897994132
"214724_at",-2.33514237496776,5.76307996319008,-10.1906505762516,5.96826484302757e-18,4.14406049613229e-16,30.2395747250852
"201718_s_at",-2.77777245304638,3.58099345661983,-10.1905188795268,5.97260113571512e-18,4.14406049613229e-16,30.2388564958397
"228573_at",-2.48662832695758,6.14067792495041,-10.1883367990892,6.04490893433169e-18,4.1889150314903e-16,30.2269562547891
"202870_s_at",3.82126383078394,6.7515147441405,10.1879976686507,6.05622498591763e-18,4.1914443177854e-16,30.225106780142
"219616_at",-3.07862070176527,3.91732136555372,-10.1773096233135,6.42391458211583e-18,4.42909873615615e-16,30.1668206858792
"209895_at",-1.63064619457636,4.06571930802479,-10.1739226696161,6.54502283784092e-18,4.50691591510016e-16,30.1483511194999
"1566472_s_at",-2.87963786813009,4.18203878377686,-10.1719696557253,6.61589138924263e-18,4.54998568184705e-16,30.1377012223654
"227372_s_at",3.75851066422455,6.74238047976033,10.1651433428575,6.86967283644884e-18,4.71266452111468e-16,30.1004779893754
"202784_s_at",-1.8266502312664,4.06059948043802,-10.1598043004326,7.07492086538396e-18,4.8413178762812e-16,30.0713658402792
"43427_at",-4.19664285811199,7.78624027477686,-10.1551435945153,7.25909326225361e-18,4.96113655142145e-16,30.0459532760546
"206102_at",3.22427680552206,6.57139487815703,10.1526011360915,7.3615720392471e-18,5.02489327398047e-16,30.0320908124543
"204754_at",-2.08456240426527,3.69405722093388,-10.1518324675012,7.39283832568885e-18,5.03994308549923e-16,30.0278997805027
"224397_s_at",-2.3398957036069,3.47524024381818,-10.1366745780208,8.03723009238657e-18,5.4656163594681e-16,29.9452583862648
"209452_s_at",-2.16453530291629,7.87669162542975,-10.1363759518519,8.05047345894881e-18,5.46782156978914e-16,29.9436303491154
"266_s_at",4.19908928676188,11.3867180924628,10.1358024838856,8.07596656651789e-18,5.47833091841644e-16,29.9405039506135
"226433_at",-2.1184393766103,2.94781198315702,-10.1292631163953,8.37243523208129e-18,5.66878703689907e-16,29.9048538749452
"230071_at",-2.74572729634332,5.53712029616529,-10.1291541416675,8.37746671388102e-18,5.66878703689907e-16,29.904259800744
"225467_s_at",1.90939174679129,7.02509909676859,10.1244276563606,8.59862492448504e-18,5.81124620205463e-16,29.8784938582313
"213935_at",-1.97869255370249,5.60367578420661,-10.1221614769759,8.70672138759801e-18,5.87703693662866e-16,29.8661403136492
"239348_at",2.49270357101697,5.90716385083471,10.1142153553196,9.09658770438555e-18,6.1326255577963e-16,29.8228254272666
"204271_s_at",-3.22527094731165,6.35898375292562,-10.111194799584,9.24931997142827e-18,6.22791341672218e-16,29.806360786975
"205726_at",-2.7658414309621,5.43845613152066,-10.1079879576332,9.41427595916292e-18,6.33118743010127e-16,29.7888811073295
"227223_at",1.87754466592478,10.1030449032231,10.1063546738413,9.49941624467979e-18,6.38059684493695e-16,29.7799786445361
"234996_at",-1.99990176138235,3.93247421491736,-10.0970802525508,9.99766624297059e-18,6.69880394404923e-16,29.7294289488824
"212262_at",-2.17149054290441,5.04503954780165,-10.096836211328,1.00111234990876e-17,6.69961049342244e-16,29.7280988614655
"216379_x_at",4.24634196469287,12.1969205039917,10.0960785456183,1.00530191380115e-17,6.71942324414152e-16,29.7239694033412
"34726_at",2.42715423435464,6.42051217304959,10.0946327991626,1.01334491988625e-17,6.76491251462523e-16,29.7160898039458
"235183_at",-1.87936967198416,3.4939730351157,-10.0900522757063,1.03925424997851e-17,6.92941781921644e-16,29.6911256015295
"243003_at",2.2129656725543,7.02078092122314,10.0815220345432,1.08928121732861e-17,7.25413526887231e-16,29.6446373452867
"201697_s_at",1.89556603722342,7.68759762679339,10.0745539925156,1.13192609874262e-17,7.51790461881235e-16,29.6066649430497
"206723_s_at",2.36470188717082,6.04313925363636,10.0743797012063,1.13301388310953e-17,7.51790461881235e-16,29.6057151661468
"203683_s_at",-2.47600777820475,5.32678694684297,-10.0714226614858,1.15162926398985e-17,7.63216121316911e-16,29.5896013653763
"33323_r_at",4.054921372987,10.5692779201322,10.0694732259626,1.16406826798668e-17,7.705258178229e-16,29.5789784972313
"218970_s_at",-2.18851360612104,5.39132950638843,-10.0691916440187,1.16587605047341e-17,7.70789275207178e-16,29.577444113061
"205290_s_at",-3.14882454924661,3.62035955007438,-10.0668127413797,1.18126117693468e-17,7.80017570638931e-16,29.564481228246
"221610_s_at",2.64424720592987,7.13679568678512,10.05954420468,1.22953682676569e-17,8.09938867511012e-16,29.5248756582118
"222593_s_at",1.64534575792704,6.68462967118182,10.0574389207046,1.24388408002797e-17,8.17501782331782e-16,29.5134045701858
"219770_at",-1.80265629941856,5.56267800642149,-10.0574208137524,1.24400819917703e-17,8.17501782331782e-16,29.5133059113945
"218414_s_at",2.11119477768269,6.01838275736364,10.0549520941765,1.26104706334681e-17,8.27704059885799e-16,29.4998548023013
"209064_x_at",2.1158367361612,8.17381384397521,10.0537767486078,1.2692408941921e-17,8.32083284052198e-16,29.4934508824194
"228333_at",-2.80678782224265,5.97316638060331,-10.0527314362484,1.27657287435692e-17,8.35887687490593e-16,29.4877555021643
"203088_at",-2.89887528714649,4.88475893699174,-10.0349811528534,1.40773670737606e-17,9.19569945947262e-16,29.3910501462894
"1556667_at",-1.57604725559049,2.67362977693388,-10.0326596491687,1.42585818811314e-17,9.30295900180026e-16,29.3784033435131
"221810_at",2.11856694932636,5.7539581748843,10.0245088936494,1.49134722951006e-17,9.69553029410966e-16,29.3340024884086
"205404_at",-3.23097124387726,3.9441902088843,-10.0210505460189,1.52003391687757e-17,9.87029149706426e-16,29.3151641696119
"207828_s_at",3.02638228572059,6.13680589781818,10.0156016003094,1.56635471757756e-17,1.0159008799947e-15,29.285483715992
"205480_s_at",-2.97766102126075,8.89313570290083,-10.0110739211781,1.60591445644048e-17,1.04032432352942e-15,29.2608223974483
"205428_s_at",-3.80351978775509,4.78191928016529,-10.01058671028,1.6102303910127e-17,1.04188575891857e-15,29.2581687155815
"65517_at",3.54879097542591,6.50847373715702,10.0070207982483,1.64217351392823e-17,1.06129830820362e-15,29.2387466526347
"209283_at",-4.68725263447229,6.98511705691736,-10.006570475562,1.64625221279365e-17,1.06267815507076e-15,29.2362939693092
"205498_at",-4.81513107833371,5.84554764028926,-10.0062879765056,1.64881604849388e-17,1.06307803598353e-15,29.2347553422736
"209771_x_at",4.16974493931674,12.1345164752231,10.005706121862,1.65410927407169e-17,1.06523468268397e-15,29.2315862904962
"227623_at",-3.40656918701131,5.02162102461983,-9.99600025367725,1.74495011111472e-17,1.11715629186414e-15,29.1787258287562
"237515_at",-2.08059633727036,3.26092669166942,-9.98786598385126,1.82490777812525e-17,1.1669805002222e-15,29.1344279223424
"241584_at",-2.46539467449717,3.13981119604132,-9.9780171077349,1.92663196963231e-17,1.22772264498423e-15,29.0807965741511
"213652_at",-2.21203789901584,4.55459376796694,-9.97124200993369,1.99987720854525e-17,1.27291369472889e-15,29.0439058519369
"219935_at",-3.74658119908372,5.905428615,-9.96633370045822,2.0546716546042e-17,1.30594410201493e-15,29.0171812081433
"236291_at",-1.8380798135526,4.4420189291157,-9.96616790640969,2.05654846243229e-17,1.30594410201493e-15,29.0162785163483
"232327_at",-1.6063387962681,2.72718594378512,-9.96320817938431,2.09034246814516e-17,1.32586397268952e-15,29.0001640329231
"204290_s_at",-2.69417979135803,5.23641811247107,-9.95710118525592,2.16183454513848e-17,1.36962113273982e-15,28.9669152878013
"227492_at",2.8204352406069,7.92313757593388,9.94474929952513,2.31398295199963e-17,1.46431733681226e-15,28.8996724321018
"225630_at",-1.60305572739763,3.73859602528099,-9.94174996783313,2.35251382272721e-17,1.48697911280474e-15,28.8833453673769
"1555216_a_at",-2.63822926873416,3.53047304992562,-9.94067311731592,2.36650331647812e-17,1.49409432827299e-15,28.8774835644367
"229493_at",-2.25463779454977,3.6927855854876,-9.93938627566457,2.38332982120029e-17,1.50298221423444e-15,28.8704787545109
"221984_s_at",1.62855651892704,9.1902490808843,9.9367462691953,2.41822494872228e-17,1.52323098008515e-15,28.8561083608104
"218180_s_at",2.6817403253077,7.50326928217355,9.9347429921249,2.44504394405228e-17,1.5383518715887e-15,28.8452041127775
"227399_at",-3.29388607539423,5.53773951309917,-9.9255984986228,2.57128849608893e-17,1.61406657317637e-15,28.7954312422104
"205554_s_at",-2.48608679124378,3.32712055901653,-9.91372416129077,2.74498203248551e-17,1.72112262185947e-15,28.7308061508655
"213004_at",-2.73569620284163,6.20716343089256,-9.90789188822506,2.83453663406284e-17,1.77523814968369e-15,28.699067058235
"201761_at",2.10529021268778,9.48576412258678,9.89779631937792,2.99650394035469e-17,1.8723868907302e-15,28.6441312532106
"231031_at",-1.770377292375,3.15660970159504,-9.89426799210592,3.05526304337518e-17,1.90502218641429e-15,28.6249328102395
"203323_at",-4.60992374763235,6.15944913852066,-9.89372763639242,3.06436290304126e-17,1.90607555999751e-15,28.6219926661178
"242059_at",2.18033161823134,6.23067303597521,9.89133661943452,3.10495472968625e-17,1.92912954369995e-15,28.6089830179817
"209186_at",2.17119843055713,7.4654887974876,9.89033558987846,3.12210804064877e-17,1.93706061683193e-15,28.6035364507687
"206726_at",-2.32097824132296,3.76862031105785,-9.89017866587283,3.12480560410747e-17,1.93706061683193e-15,28.6026826373341
"223840_s_at",-1.61527226829695,2.56461345366116,-9.88319772910724,3.2471938763864e-17,2.00837471936003e-15,28.5647010896451
"1558170_at",-2.81045659884446,3.47338951124793,-9.88077246109565,3.2908239493998e-17,2.03305988060377e-15,28.551506395756
"209540_at",-4.07251591209163,5.7098763397438,-9.87425123022648,3.41106428999598e-17,2.1049654633807e-15,28.5160290913733
"227692_at",-3.75958452864083,5.73564908098347,-9.87308702879692,3.43298707439098e-17,2.11610561772635e-15,28.5096957459618
"1560049_at",-2.35329994449321,3.94215492897521,-9.87046898371116,3.48280207358127e-17,2.14198204019185e-15,28.4954536382665
"225162_at",-3.31768481812556,6.47082349290909,-9.86923772497628,3.50647880540982e-17,2.15412054703126e-15,28.4887557420998
"238672_at",1.79569158115555,6.7582738266281,9.86760280204558,3.53816643308113e-17,2.1695407299601e-15,28.4798620854618
"219719_at",-1.88799333648982,3.16317484513223,-9.86632035869492,3.56322235929613e-17,2.18162578381317e-15,28.4728859463338
"202597_at",3.36569496332919,7.08493780769421,9.8641680335785,3.60567252123344e-17,2.20514703689528e-15,28.4611780845895
"209297_at",-2.87905923668156,6.76475497307438,-9.8624064798324,3.64079099177258e-17,2.22413684329794e-15,28.4515960584131
"215695_s_at",-4.90112608501753,7.49852950275207,-9.85807044288644,3.72869630710655e-17,2.27529543070369e-15,28.4280107519629
"238651_at",1.82237379992194,6.71654654056198,9.85755403021075,3.73930586649036e-17,2.27922573300291e-15,28.4252018592786
"205756_s_at",-2.19859467190328,4.57369976286777,-9.8568018368686,3.75481342303254e-17,2.28612944214147e-15,28.4211105242835
"225442_at",-4.31048110397511,5.76723301393388,-9.85146279130457,3.86674654101971e-17,2.35166148087044e-15,28.3920712207044
"218779_x_at",2.40183063359616,6.00638397549587,9.84894888145957,3.92059825552063e-17,2.38173328646664e-15,28.3783984833562
"223253_at",-3.14426035298077,3.92660925380165,-9.8478008169281,3.94543995212382e-17,2.3915402370551e-15,28.3721544644077
"238642_at",2.721533185431,8.18417694247107,9.84201228603089,4.07310566596847e-17,2.4661910552251e-15,28.3406732609925
"1563130_a_at",1.68893392153903,5.75782786709917,9.83469366684725,4.2404374083316e-17,2.5618333182379e-15,28.3008732006623
"224341_x_at",-2.02471445314989,3.44916620522314,-9.83441596693638,4.24692009577884e-17,2.56291783925727e-15,28.2993630725795
"204829_s_at",-2.9866040944095,4.57691712280992,-9.82595758915259,4.44918635362961e-17,2.67978837471852e-15,28.2533685634812
"217888_s_at",1.77173549887444,7.42602357303306,9.82590862858493,4.45038471741092e-17,2.67978837471852e-15,28.2531023398156
"205421_at",-1.69219663341459,2.61747315509091,-9.81974107379693,4.60394847479198e-17,2.76616354790386e-15,28.219567248451
"1559893_at",-1.80226211736029,3.27477125,-9.81625785780665,4.69300164651086e-17,2.8125139413741e-15,28.2006287527243
"235885_at",-3.13377107428168,3.92680931283471,-9.81612139333554,4.69652533785926e-17,2.8125139413741e-15,28.1998867993499
"235759_at",-1.72023820637274,3.05632153108264,-9.81227100161365,4.79704356243779e-17,2.86956626669898e-15,28.1789527601034
"210202_s_at",-2.24366163326584,5.22540427470248,-9.8088376158045,4.88848543181774e-17,2.9210703932747e-15,28.1602866241762
"221523_s_at",-2.88919514534729,4.31782154980992,-9.80833204166767,4.90209665719478e-17,2.92600583768695e-15,28.1575380477114
"214660_at",-2.31637806011086,3.85363188228926,-9.8072401250939,4.93162281243602e-17,2.94041959945408e-15,28.1516018434027
"232396_at",1.74834497814649,5.63973143616529,9.80453324805659,5.00558644353451e-17,2.98126839651688e-15,28.1368861966875
"229568_at",-1.9314238860017,2.85352464847934,-9.80239988733771,5.06465860502546e-17,3.00401808384555e-15,28.1252887017187
"222291_at",-2.26772183490441,3.51208846167769,-9.80237800369217,5.06526814912042e-17,3.00401808384555e-15,28.1251697379549
"225798_at",-2.1735197219293,5.42096209933884,-9.79703320278443,5.21635625291358e-17,3.08509580518839e-15,28.096115172345
"204894_s_at",-4.40585254655995,6.85826428034711,-9.796926699236,5.2194121989927e-17,3.08509580518839e-15,28.095536231028
"202005_at",2.73172724519005,7.9625585364876,9.79256507956162,5.34610909532281e-17,3.15657143398245e-15,28.0718275130438
"224064_s_at",-1.99222917093043,3.9993965521157,-9.78624206961258,5.53525176493226e-17,3.25419236825453e-15,28.0374590841052
"222809_x_at",1.5904166821233,5.41097088584297,9.78128675560265,5.68813903883516e-17,3.34048337216232e-15,28.0105263139239
"218852_at",-1.94461599502149,6.59343676679339,-9.77878972786994,5.76677038298322e-17,3.38302758250652e-15,27.9969551853579
"222151_s_at",-1.65250745640498,3.48907364973554,-9.77720011753815,5.81739147728184e-17,3.40906622744249e-15,27.9883159801954
"224605_at",-1.62318708100057,7.82946319302479,-9.77649850617918,5.8398751383563e-17,3.41857787140932e-15,27.9845029135717
"203549_s_at",-5.89843543773812,7.28450029344628,-9.76917346581789,6.07985522896155e-17,3.55525224217618e-15,27.9446950315965
"60815_at",2.24672186931787,6.04855588912397,9.76232976899161,6.3129523496233e-17,3.68761399268861e-15,27.9075058547078
"211340_s_at",-2.68744147209954,7.89640813377686,-9.75954690051651,6.4102693249465e-17,3.74046398443383e-15,27.8923843238479
"212845_at",-2.82475174695927,7.06061833484298,-9.75336016194179,6.63201844116412e-17,3.8616145715724e-15,27.8587685161673
"209326_at",2.30840693878054,8.21025688016529,9.74701019141775,6.86758299716493e-17,3.99452234436162e-15,27.8242681606291
"45297_at",-2.81768670341629,5.93287259572727,-9.74289360424484,7.02473954553471e-17,4.08159016633486e-15,27.8019034106518
"218792_s_at",3.30353754054412,7.46360858878512,9.73584601334894,7.30216961883887e-17,4.23378710402985e-15,27.7636173709019
"235318_at",-2.45309406291233,3.9298630461157,-9.73532503159631,7.32310710161283e-17,4.24142882182925e-15,27.7607872570123
"229948_at",-1.96424977199039,4.24861633823967,-9.73257881866626,7.43446780893184e-17,4.29682375743497e-15,27.7458693583061
"1559949_at",3.69736429013971,7.15095750397521,9.72993353558081,7.54333368978448e-17,4.35514012131961e-15,27.7315001629765
"242680_at",-1.9388331250362,4.04091822620661,-9.72794318415,7.62629381274756e-17,4.39839255497861e-15,27.7206888430054
"213524_s_at",-5.46076379451697,7.33916498935537,-9.72737891090129,7.64997862374154e-17,4.40669272378584e-15,27.7176238311577
"211711_s_at",-2.36873205114536,6.32815881395041,-9.7271104217426,7.66127395512987e-17,4.40669272378584e-15,27.7161654622131
"209210_s_at",-3.14876364605712,9.14392547026446,-9.72702515253206,7.6648647102338e-17,4.40669272378584e-15,27.7157023011652
"226877_at",2.24946395710068,5.88282137319835,9.72569072548511,7.72127785552686e-17,4.43446288603919e-15,27.7084540850087
"230000_at",2.74404721426697,7.53290600381818,9.71445793151509,8.21287431764782e-17,4.69215154981603e-15,27.6474451972466
"219561_at",-2.65423250615667,6.07711591070248,-9.71312567477737,8.27321434409246e-17,4.721690963082e-15,27.6402098045146
"228584_at",-1.96736150374095,4.21259264047107,-9.71001743130016,8.41571765713007e-17,4.79801212621049e-15,27.6233295825082
"235515_at",3.53196959351075,6.29278397447934,9.70303701390845,8.74474070203266e-17,4.98040310295454e-15,27.5854225937234
"213805_at",-1.81730003906957,3.84408912303306,-9.70186984046579,8.80099508662636e-17,5.00722587264616e-15,27.5790845849053
"209699_x_at",-5.94026407220814,7.14661699321488,-9.69650593054843,9.06419993670216e-17,5.15161259396248e-15,27.5499584774869
"212858_at",2.44704494253733,5.98327793492562,9.69444295207171,9.16750856674372e-17,5.20491724700637e-15,27.5387569594212
"202421_at",3.3967967071448,7.99959464261157,9.69278648305509,9.2513102602989e-17,5.24161024333515e-15,27.529762893481
"216044_x_at",-2.73548489092817,5.10754119835537,-9.68467234775331,9.67298579207472e-17,5.4748498776572e-15,27.485708410615
"226484_at",-1.78946979716968,5.09416906365289,-9.68377921066019,9.72055676148705e-17,5.49040744766844e-15,27.4808595135746
"208837_at",2.5419584256793,8.96005889400826,9.68337568845672,9.74212598788294e-17,5.49691164486584e-15,27.4786687831125
"213765_at",-3.74236797225565,5.27989159980992,-9.68303409264931,9.76042243040402e-17,5.5015576946633e-15,27.476814260511
"212695_at",-1.53708539201131,5.13226846156198,-9.66772538646997,1.06165715347466e-16,5.95955902117319e-15,27.393711067053
"202454_s_at",3.71368385835181,7.02791154076033,9.66431207506754,1.08174575965618e-16,6.06609737530274e-15,27.3751840061321
"202468_s_at",-2.55280376147455,4.62425047941322,-9.66211676233647,1.09486599713384e-16,6.13338098291935e-15,27.3632685039312
"222651_s_at",2.94979880608654,10.1745983220826,9.66168353391838,1.0974738795351e-16,6.14169747836043e-15,27.3609171066781
"204844_at",-2.16942715651018,3.99995879193388,-9.6518971010341,1.15806506178856e-16,6.47189370227898e-15,27.3078033999976
"236918_s_at",-1.96671032589989,2.80060813328099,-9.6517745200461,1.15884479826815e-16,6.47189370227898e-15,27.3071381587749
"235282_at",-1.58169479905316,4.85355322704959,-9.65035429263394,1.16791714360066e-16,6.51590508432305e-15,27.2994307243328
"225562_at",-2.01874953628676,4.29595778603306,-9.6487044556365,1.17854525905769e-16,6.56849765942702e-15,27.2904773891073
"216905_s_at",2.94033450491969,6.74080557729752,9.64840880890359,1.18045996388525e-16,6.57246929994158e-15,27.2888729925323
"220751_s_at",-2.08040801259898,3.37710096109091,-9.64811730229548,1.18235089542167e-16,6.57630063145268e-15,27.2872910690012
"239731_at",1.94745950774208,5.60812748666942,9.6448405427671,1.20381553343684e-16,6.68209282138673e-15,27.2695094147725
"208623_s_at",2.18159165458711,8.92016758342975,9.64115520924099,1.22842153994507e-16,6.81175940126742e-15,27.2495114488579
"210869_s_at",-3.69367729108654,6.93867911618182,-9.63911000866626,1.2422927164932e-16,6.88169749485977e-15,27.2384138350725
"228376_at",-2.86539431076753,5.86273939983471,-9.63811871682227,1.24907209505317e-16,6.91224866366719e-15,27.2330350140311
"235349_at",-1.64150156822455,3.00852142622314,-9.63578332061262,1.26519002336139e-16,6.99436446180827e-15,27.2203632463692
"244778_x_at",2.09968239699492,7.33695610835537,9.6335564647254,1.28075212387546e-16,7.07324468413038e-15,27.2082807556127
"226657_at",-2.51349927104694,5.3378163681157,-9.63066892262717,1.30121613092329e-16,7.17177338288616e-15,27.1926140062914
"239175_at",1.76379432866742,5.25725574019008,9.62959320761099,1.30892286717784e-16,7.192498267633e-15,27.1867777131976
"1555842_at",2.80071071125735,6.3571750006281,9.62909738671205,1.31249039287162e-16,7.20486066568834e-15,27.1840876626596
"235497_at",-2.61906397909502,4.28090715833058,-9.62846117017658,1.31708230942057e-16,7.22194414199833e-15,27.1806359272468
"235228_at",-2.18090897830713,2.85899458159504,-9.6283005372226,1.31824421650011e-16,7.22194414199833e-15,27.1797644319786
"243318_at",1.93525905183937,6.90517050534711,9.6256356827487,1.33766985079469e-16,7.32103094016013e-15,27.1653068313651
"201428_at",2.35889514222681,6.03989650695041,9.62287654629198,1.35808380928558e-16,7.41790532194696e-15,27.150338231773
"243593_s_at",1.62087615606052,5.63585529032231,9.62163833786973,1.36734569385503e-16,7.46104050015208e-15,27.1436209918074
"209555_s_at",-6.45819252639197,6.58630366670248,-9.61991084781275,1.38037284881081e-16,7.52461470675287e-15,27.1342495896049
"236524_at",2.31733090144797,6.19037931424793,9.61862667097829,1.39013713193341e-16,7.57029359446806e-15,27.1272832342
"229434_at",1.96513717888179,9.16735935329752,9.61775684101549,1.39679003897674e-16,7.59603756067079e-15,27.1225646765073
"1556300_s_at",-2.89379983011595,3.05712299169421,-9.61764560402061,1.3976431250178e-16,7.59603756067079e-15,27.1219612540503
"207400_at",-1.96034723516629,2.73694316041322,-9.61216192347285,1.44034889574434e-16,7.82036503225637e-15,27.0922152230496
"243496_at",1.88785326086086,6.90215442299174,9.61142971273602,1.44614888720512e-16,7.8440665087242e-15,27.0882435280266
"201963_at",-3.58430501008088,8.55937594836364,-9.61115493692245,1.44833145196743e-16,7.84811914135968e-15,27.0867530844847
"235962_at",-1.59752909779242,3.15221519179339,-9.60899543738086,1.46559934403062e-16,7.93382615196775e-15,27.0750396720829
"203642_s_at",-2.78766388774717,6.43888219456198,-9.59764770443808,1.55977221379518e-16,8.43526664582112e-15,27.013493360285
"211749_s_at",-1.70480195163461,6.31720716293388,-9.59136371777635,1.61449518730744e-16,8.7225814590943e-15,26.9794149707376
"228109_at",-1.9486437868405,4.54004233666942,-9.59019247681656,1.62490455586253e-16,8.76892022785498e-15,26.9730635750747
"220016_at",-2.14210645747794,4.52342492447107,-9.59003829111831,1.62627985570095e-16,8.76892022785498e-15,26.9722274653301
"219563_at",-2.95320779677432,6.94250850609917,-9.58920460147797,1.63373631437932e-16,8.80044659987087e-15,26.967706607798
"231118_at",-2.53899236301527,4.37652488657851,-9.58408892527597,1.68024332758627e-16,9.03316656202351e-15,26.9399668471988
"1557384_at",1.59656914214197,5.99188821518182,9.57569838142775,1.7593997878245e-16,9.43396020980015e-15,26.8944731154562
"234018_s_at",-2.49837385413292,2.74762507592562,-9.57563925080571,1.75997062898878e-16,9.43396020980015e-15,26.8941525255146
"241484_x_at",-1.86928447563292,4.64979548028926,-9.57534516546364,1.76281244617584e-16,9.4399383442374e-15,26.8925580795075
"201650_at",5.45202011270701,10.9736863431157,9.57431786539097,1.77277547433615e-16,9.48400186490497e-15,26.8869884027478
"229461_x_at",-3.10709106858597,4.02361836480165,-9.56913029907935,1.82395063614434e-16,9.74824057000899e-15,26.8588643058749
"213001_at",-3.33730662620871,5.89926922360331,-9.5673179854801,1.84217433063167e-16,9.83602358664909e-15,26.8490394037477
"224061_at",-1.87293357015385,3.23344913505785,-9.56479200543317,1.86787776182123e-16,9.96353332951957e-15,26.8353459707227
"224645_at",-2.05496421142534,4.55893269480992,-9.56025293880715,1.91496817612544e-16,1.02047646227737e-14,26.8107406720435
"212384_at",1.93856848698077,7.42242964217355,9.55989593904456,1.91872172198617e-16,1.02148111148582e-14,26.8088055164876
"239234_at",1.69155449209785,5.52127920626446,9.55905436660272,1.92759920963365e-16,1.02520901543502e-14,26.8042437190772
"204115_at",-3.06414871537783,8.47086673400826,-9.55679446824521,1.95164149682667e-16,1.03698735509231e-14,26.7919940482322
"216080_s_at",-2.91250187482579,4.46016757239669,-9.5543275733631,1.97822764498726e-16,1.0500931698027e-14,26.7786227845525
"236361_at",-2.06736271209955,2.82319976830579,-9.54029574846764,2.13647185360859e-16,1.13079959918731e-14,26.7025747738214
"210145_at",-3.37530020476697,4.00464933836364,-9.53846578860942,2.15801937646329e-16,1.14109970414053e-14,26.6926580377799
"202930_s_at",-2.57487719321889,8.01895973432231,-9.53254842724506,2.22919076544959e-16,1.17759425218315e-14,26.6605929514155
"221479_s_at",-2.09712822668609,8.05832780452066,-9.53155551059394,2.2413605055732e-16,1.18288017029165e-14,26.6552127731687
"202220_at",1.88102570974377,8.97450656718182,9.52646965362379,2.30474272628437e-16,1.2142548667243e-14,26.6276558987869
"224746_at",2.59239277476866,7.14160326880992,9.52533535312582,2.31912101316329e-16,1.22038442150821e-14,26.6215101412806
"228011_at",-2.01963372577432,5.59974490486777,-9.52358499374128,2.34148420616682e-16,1.23096777857856e-14,26.6120267009283
"242121_at",2.1224008842483,8.57788795985124,9.52263844204779,2.35366717875796e-16,1.23618398653786e-14,26.6068983826674
"225665_at",-2.97862366379581,7.9286996694876,-9.51767915734337,2.41853895275386e-16,1.26903663379863e-14,26.5800305899223
"209493_at",-4.05219845478111,5.33555181561157,-9.51643848457199,2.43504509465235e-16,1.27535934908759e-14,26.5733093160126
"210059_s_at",2.72705652206958,6.87024976942975,9.51642283124859,2.4352540657475e-16,1.27535934908759e-14,26.5732245157643
"236600_at",-1.98456338965215,4.17932008933058,-9.51370915128316,2.47175331331517e-16,1.29323552541155e-14,26.5585237154179
"202023_at",2.61567875836312,9.08869228452066,9.51200816143903,2.49490953955044e-16,1.30409911449102e-14,26.5493092368155
"222036_s_at",2.10531320463575,7.04951556396694,9.50558930927198,2.58425806781651e-16,1.34822814749874e-14,26.5145394629409
"239350_at",2.51731937345362,5.77675805904132,9.50454512671008,2.59909170166385e-16,1.35467434498066e-14,26.5088836075059
"225950_at",-2.05426992999774,4.06308036833058,-9.50393603338124,2.60778366443469e-16,1.35791020812349e-14,26.5055844679863
"239862_at",2.99801605729695,5.98136419780165,9.50273660367785,2.62498479549926e-16,1.36556654323427e-14,26.49908786784
"203986_at",-3.0426023864293,5.15239004995041,-9.50051556727133,2.65713631333006e-16,1.38097840238898e-14,26.4870581179544
"212122_at",-2.84374969373812,5.35280920608264,-9.49859703235048,2.68522492843596e-16,1.39292858597947e-14,26.4766671022421
"1570143_at",2.52785202352658,6.14613337400826,9.49737455156637,2.70327717038638e-16,1.40096378474763e-14,26.4700461456971
"203324_s_at",-4.20647393747738,7.25763128343802,-9.49620772523365,2.72062049196635e-16,1.40861671778656e-14,26.4637267200485
"200999_s_at",1.7811908074785,10.703861837438,9.49538978047844,2.73284429373672e-16,1.41360701759749e-14,26.459296867391
"223284_at",2.32322887100396,5.95518980504132,9.48664248686149,2.86704471253263e-16,1.48022350951578e-14,26.4119261860642
"204026_s_at",2.85789912389763,8.16527902431405,9.48597226500034,2.87759437233353e-16,1.48426860667298e-14,26.4082968640828
"209513_s_at",-2.60715598283371,8.35537979973554,-9.48414822133833,2.90650235431444e-16,1.49637943150061e-14,26.3984196508687
"228729_at",3.06529481495758,6.36732792166942,9.48414537419837,2.90654770233864e-16,1.49637943150061e-14,26.3984042337803
"209298_s_at",-3.5089949395871,5.05791187497521,-9.47714920164826,3.02013901135377e-16,1.55193703426473e-14,26.3605222816516
"229228_at",-2.1988072540492,3.38753388922314,-9.47383709651612,3.07544912304717e-16,1.57887493711365e-14,26.3425896560005
"210544_s_at",-1.93195706337047,4.06643835150413,-9.4672898820896,3.18777418405917e-16,1.63194338495726e-14,26.3071437967069
"209541_at",-4.69635654086652,5.70703692075207,-9.46680446421108,3.19626324599358e-16,1.63475858722824e-14,26.3045159340786
"202723_s_at",-2.40322641444005,7.15635877998347,-9.46097031618023,3.30007337113988e-16,1.68470132182141e-14,26.2729335839755
"204813_at",-2.51706456027998,4.21786265140496,-9.46001465306438,3.31739573050452e-16,1.69196466012439e-14,26.2677604895408
"1557275_a_at",-2.73914101861425,5.64346035867769,-9.45826763185992,3.34929706416835e-16,1.70505416185665e-14,26.2583038853477
"226855_at",-1.88423634347002,4.4823445556281,-9.45735098622072,3.36615761936862e-16,1.71204342175795e-14,26.2533421901596
"204151_x_at",-5.68915639934332,8.03644017120661,-9.45131410221492,3.4793334593033e-16,1.7679605658681e-14,26.2206669063068
"243589_at",2.46288586554412,7.28765731135537,9.44125721005705,3.6763647936862e-16,1.864612663217e-14,26.1662393284761
"229321_s_at",-1.53875892896946,4.87406547145455,-9.4357883612092,3.78814079169907e-16,1.91952361247587e-14,26.1366454889604
"205304_s_at",-2.71638483395701,4.73513030424793,-9.4354692392001,3.79476691525632e-16,1.92110075084851e-14,26.1349186831779
"219332_at",2.21368506746946,6.93951491953719,9.43450100453698,3.8149417961487e-16,1.92839483999769e-14,26.1296795045536
"223087_at",-3.02560531697737,8.56785843638017,-9.43418491649217,3.82155118781017e-16,1.92839483999769e-14,26.1279691486174
"235613_at",2.22394461420758,6.30972244447107,9.43416371437723,3.82199493197368e-16,1.92839483999769e-14,26.127854424025
"218739_at",-2.36674168485407,5.15983571535537,-9.41465967942122,4.25276185948389e-16,2.1410658809142e-14,26.0223335605096
"230395_at",1.78119643856392,5.00584657843802,9.40903779250703,4.38568782994711e-16,2.20595659707781e-14,25.9919237501064
"213577_at",3.27837800077263,7.89501980450413,9.40823423965447,4.40502285261447e-16,2.21364544546596e-14,25.9875773984356
"202003_s_at",-2.90552116685351,7.58806661968595,-9.40479123520392,4.48883541560069e-16,2.25369216113836e-14,25.9689550711183
"218547_at",-1.95535416140781,6.006574258,-9.40350296070573,4.52060300632484e-16,2.26755935202578e-14,25.9619873764682
"213343_s_at",-2.06819286542081,4.47204767980165,-9.40052259534642,4.59495803540983e-16,2.30274363506904e-14,25.9458684528459
"224762_at",2.66640280743496,6.88154857006612,9.39179362716015,4.81982318444706e-16,2.41123670493699e-14,25.8986631888647
"208456_s_at",-2.17260404856787,3.28039601808264,-9.39177675261684,4.82026834658643e-16,2.41123670493699e-14,25.8985719394023
"239265_at",-1.7418337603043,2.83647810418182,-9.39051880945659,4.85356949856417e-16,2.42344146467404e-14,25.8917696511505
"203400_s_at",-4.84723417314989,4.61819170857851,-9.39035344958533,4.85796405172885e-16,2.42344146467404e-14,25.8908754826507
"205315_s_at",-1.50507435764366,7.11404241676033,-9.38999767383542,4.86743249860303e-16,2.42452071715265e-14,25.8889516653091
"201689_s_at",3.70671926213122,8.258930157,9.38993897921281,4.86899633732713e-16,2.42452071715265e-14,25.8886342817571
"213221_s_at",-2.53495304022172,6.38750317144628,-9.38820596278398,4.91539674594314e-16,2.44539869958545e-14,25.8792633501974
"227134_at",3.14117261843778,6.16077898483471,9.38690562016261,4.95050197727097e-16,2.45841107004889e-14,25.8722321787009
"203305_at",-3.39788666820362,5.14648334841322,-9.3869040248116,4.95054520004358e-16,2.45841107004889e-14,25.8722235524564
"230651_at",2.16248663306165,6.00539764330578,9.38551040967769,4.98844649486183e-16,2.47498468336271e-14,25.8646881982296
"244070_at",-1.59600210790554,2.61581266579339,-9.3815992966833,5.09636760224116e-16,2.52623661516351e-14,25.8435414642589
"236131_at",-2.07259732825566,3.59534369920661,-9.37998820920367,5.1414974077526e-16,2.54629864826878e-14,25.8348309576973
"206637_at",-3.35889487454299,4.96569355683471,-9.3737774284067,5.31923535630663e-16,2.63193839914991e-14,25.8012537953697
"202973_x_at",-3.24262297517194,8.1770209405124,-9.37190353044379,5.37405575579128e-16,2.65665911797367e-14,25.7911236363534
"205231_s_at",-1.94868526640554,5.29354181969422,-9.37049094728768,5.41575268623797e-16,2.67346915365461e-14,25.7834875091741
"223266_at",-1.86645872784163,6.48088109354545,-9.37042053213863,5.41783963831606e-16,2.67346915365461e-14,25.7831068641328
"1556053_at",1.60508361260294,6.1769733802562,9.36817311612941,5.48487117656227e-16,2.70337599398229e-14,25.7709581689981
"215269_at",1.76425555289932,5.83098294426446,9.36795789147626,5.49133371614185e-16,2.70337599398229e-14,25.7697947670946
"242859_at",2.10455168513235,5.68890737798347,9.36527014502769,5.57268103230877e-16,2.73752322948322e-14,25.7552664228382
"41660_at",3.89422602366064,6.54641405682645,9.35178062883094,5.99946970127437e-16,2.93925632542273e-14,25.682359524026
"222537_s_at",2.27819143885634,6.95678321218182,9.35034358682791,6.04681456730428e-16,2.95799009015546e-14,25.67459365276
"217525_at",-2.40851167735351,3.64063400166942,-9.3462996226052,6.18205645111966e-16,3.02058924454841e-14,25.6527407561378
"227336_at",-1.55263593000226,5.09392079442975,-9.34597060885189,6.19319142642612e-16,3.02332804678436e-14,25.6509628838461
"241036_at",2.16724329627545,5.23580179387603,9.33603539951898,6.53902161413553e-16,3.18362428096937e-14,25.5972810033554
"225662_at",-2.41843924973303,8.81155530042149,-9.33557838608647,6.5553848907406e-16,3.18875150268009e-14,25.5948118770815
"223595_at",-2.05320430323643,3.43268563334711,-9.32501927122513,6.94503478744746e-16,3.37528690669946e-14,25.537768781432
"212473_s_at",2.62474350923925,8.58681167329752,9.31780199181425,7.22457102005698e-16,3.50491056363456e-14,25.4987847965662
"218087_s_at",-5.11229071548586,6.60573481563636,-9.31503129459706,7.334840520938e-16,3.55525182165146e-14,25.4838201568816
"242865_at",2.19229211498756,5.97753104253719,9.31013185436981,7.53395468728992e-16,3.64852942894222e-14,25.4573597646326
"1557458_s_at",2.3219995601991,6.50490380067769,9.30841177393268,7.60513001443158e-16,3.6775856163301e-14,25.4480706380688
"1554464_a_at",-2.97960397332183,3.92166521375207,-9.30835703140714,7.60740618576927e-16,3.6775856163301e-14,25.4477750107326
"201540_at",-4.58313541000905,9.61978030499174,-9.3075338264736,7.64171673943931e-16,3.69090868135021e-14,25.4433294701921
"204719_at",-5.08302413762047,5.55162138124793,-9.2857404937723,8.60836245740085e-16,4.15046047053255e-14,25.3256614004519
"223519_at",-2.82832620338462,6.53203172089256,-9.2817690996265,8.79721826647139e-16,4.23777893144778e-14,25.3042233979663
"209613_s_at",-6.47069384201414,6.27092740561983,-9.27970474100526,8.89701308128082e-16,4.28207913925202e-14,25.2930803405001
"210762_s_at",-3.14492936044004,5.64913177100826,-9.27868487067734,8.94673126385673e-16,4.30222103651158e-14,25.2875753969833
"231998_at",-2.14943414488066,3.52916546180992,-9.27787480215063,8.9864190553182e-16,4.31750845210477e-14,25.2832029661334
"225864_at",2.7311378889129,8.5108108017438,9.27663084532904,9.04770644611743e-16,4.34313740071528e-14,25.2764886938677
"236000_s_at",2.54881553216799,6.86090593095868,9.27611839487745,9.07307496074476e-16,4.3514945041993e-14,25.2737227773822
"213150_at",-3.04458664897738,3.75712439409091,-9.27484731477991,9.13630549906168e-16,4.37797986994914e-14,25.266862312636
"205715_at",-1.62328390880373,2.91838894589256,-9.2595063906355,9.93500324097152e-16,4.74821942482621e-14,25.1840736767278
"219974_x_at",-2.51631524690102,5.17659698064463,-9.25579739986386,1.01383327492658e-15,4.84116456826293e-14,25.164061047298
"223356_s_at",-1.50979568659728,7.64140229960331,-9.25248286068107,1.03235463252917e-15,4.92530449681781e-14,25.1461778444745
"242143_at",2.13437501788518,7.06995384107438,9.25103374568263,1.04055779410019e-15,4.96011311180712e-14,25.1383596377607
"227705_at",-2.0255089195198,3.03673982233058,-9.24814791955115,1.05708799786108e-15,5.03451971106747e-14,25.1227907285481
"230494_at",2.19818027199321,7.24516032452066,9.24776664536184,1.05929145426894e-15,5.04062317338158e-14,25.1207338286756
"244646_at",2.71261080946946,5.70404285446281,9.24695428759065,1.06400151088842e-15,5.0586332702456e-14,25.1163513622936
"204112_s_at",-2.56114430774208,7.17333186584298,-9.24659046005976,1.0661177506814e-15,5.06429087910559e-14,25.1143886240448
"241986_at",-1.55177685798642,2.61053522955372,-9.24597521537087,1.06970593745083e-15,5.07692466407327e-14,25.1110695953039
"202726_at",1.70850933095928,4.67140699503306,9.24200167563372,1.09317192877902e-15,5.18379663538535e-14,25.0896345997299
"223333_s_at",-2.15928533423755,3.48657247990909,-9.23556045506158,1.13230619420065e-15,5.36007282839141e-14,25.0548910148002
"236346_at",2.13936608525226,7.8365810715124,9.23470618748172,1.13760022298669e-15,5.38047510309663e-14,25.0502834365981
"209683_at",-1.93674716493213,3.18694825012397,-9.23005440884708,1.16686409407946e-15,5.51411359929077e-14,25.0251948101305
"244876_at",-2.09546862130034,3.12002997414876,-9.22523055964669,1.19800337195026e-15,5.65637602429881e-14,24.9991803133795
"243305_at",1.83519331571663,6.50819474353719,9.21998962160874,1.23277481123693e-15,5.81552742056766e-14,24.9709190091664
"235701_at",1.9236759097845,5.08512938423967,9.21874689077401,1.24116631864944e-15,5.84644460889154e-14,24.9642180749345
"232136_s_at",-2.00578568672229,4.10224538395041,-9.2187024803901,1.24146725028314e-15,5.84644460889154e-14,24.9639786122435
"223300_s_at",-1.54436548824717,4.91706206252893,-9.21481410755683,1.2680994604066e-15,5.96672444042435e-14,24.9430130705979
"235060_at",2.59305241500792,7.75780436738017,9.21413783318952,1.2727892015277e-15,5.97850082418615e-14,24.9393668451735
"240594_at",1.75723535569684,5.99394824828926,9.21352417681885,1.27705967016131e-15,5.99341094129354e-14,24.9360582711494
"241751_at",1.65989362241177,5.5391779981157,9.21043430253196,1.29878030836666e-15,6.09012121440369e-14,24.9193995328491
"203010_at",-2.0450557080707,4.79696226644628,-9.21021060674417,1.3003670277707e-15,6.09233652470977e-14,24.9181935356951
"91826_at",3.14961091897681,6.9121735384876,9.20926803114214,1.30707416382069e-15,6.11851711531646e-14,24.9131119394677
"204438_at",-3.63807831494231,4.47185601192562,-9.20391569783678,1.34581929519121e-15,6.29449700295803e-14,24.8842581611081
"227006_at",-3.85611904235633,5.70714014624793,-9.20330481236295,1.35031362142418e-15,6.30493646970476e-14,24.8809651274749
"205339_at",2.20711742905317,7.11531064882645,9.20329883402977,1.35035767828519e-15,6.30493646970476e-14,24.880932900905
"242560_at",2.44631980018269,7.42466430501653,9.19988177896558,1.37577536174737e-15,6.41813292692301e-14,24.8625136226192
"226342_at",-2.55774923162443,5.56863832467769,-9.19924679617305,1.38055095412568e-15,6.43492100740167e-14,24.8590909387622
"202990_at",-3.37538920506278,7.35217241412397,-9.19762198630636,1.39284624512714e-15,6.4867008903174e-14,24.8503330675902
"49452_at",-4.25293495396776,8.20956771177686,-9.19662333334525,1.40045737856116e-15,6.51659635513458e-14,24.8449503654907
"209763_at",-5.46972826190837,6.34229765594215,-9.19232262572551,1.43371141899084e-15,6.66273547404948e-14,24.8217708197712
"1554595_at",1.99190004572795,7.23940841794215,9.19224730127032,1.43430080529607e-15,6.66273547404948e-14,24.8213648592102
"226550_at",2.34281864920532,6.2087979268843,9.19170845883543,1.43852410091134e-15,6.67668125783764e-14,24.8184607882518
"239246_at",2.91255763424717,6.87891682864463,9.19071971689907,1.44630585473632e-15,6.70710539505582e-14,24.8131320745236
"213237_at",1.76442614763518,5.93939038738017,9.18515842390755,1.49086360857967e-15,6.90787862704183e-14,24.7831618882243
"204476_s_at",-2.47470027139763,4.87323214687603,-9.17507129074892,1.57520392920214e-15,7.28015848090677e-14,24.7288093786564
"205345_at",2.27059394955204,6.10582847455372,9.17415716037698,1.58307825985457e-15,7.30420285717712e-14,24.7238842640138
"200831_s_at",-3.06811507651866,8.50285481704132,-9.16925975142275,1.62593772569033e-15,7.48931298669912e-14,24.6974996083258
"220176_at",-1.54211965045645,3.53393401027273,-9.16839490484005,1.63362568408028e-15,7.5183909324149e-14,24.6928405178258
"201348_at",-4.9361767705492,7.08435643934711,-9.16202225419018,1.691403173862e-15,7.77775176878929e-14,24.6585121445194
"226403_at",3.89448628388631,7.39954555633058,9.16036848925241,1.70672703794431e-15,7.84162191593322e-14,24.6496042573846
"204591_at",-3.28962959246606,3.84165687,-9.15118730625449,1.79435191009242e-15,8.23729560741419e-14,24.6001554371461
"201177_s_at",-1.58905762588009,9.69751515896694,-9.15079739815194,1.7981708589959e-15,8.24790198956385e-14,24.598055622803
"218261_at",3.47463952358315,6.29496602171074,9.14566913126457,1.84916018630157e-15,8.47467168365786e-14,24.5704392338456
"213700_s_at",1.75157082356788,6.26957042122314,9.13941678889848,1.91327962982177e-15,8.76118624459845e-14,24.5367731374707
"235360_at",-1.94011415616007,4.87563984860331,-9.1389050717101,1.91862451805508e-15,8.77830924892565e-14,24.5340179418438
"205034_at",2.94517201162613,6.39828458006612,9.12681598765033,2.04931638065585e-15,9.3527857355892e-14,24.4689354420892
"226808_at",1.63945439006052,5.09433202221488,9.12505517210023,2.06907850078757e-15,9.43510150379988e-14,24.4594572006275
"235391_at",-2.09035575490271,4.52903836376859,-9.12283470863133,2.09427041301478e-15,9.54201956929859e-14,24.4475051862048
"1569181_x_at",2.29389904691629,6.69408215609917,9.11497366813036,2.1859389861896e-15,9.95139167942682e-14,24.4051958908736
"209496_at",-3.30620570041629,8.64465090413223,-9.11423777312177,2.19472241670116e-15,9.98306556848054e-14,24.4012355191891
"218723_s_at",-3.04328454242987,7.75658428557851,-9.11180585558151,2.22400007718637e-15,1.01078307747435e-13,24.3881480474651
"230885_at",2.00588575423982,7.56320996708264,9.11080283585457,2.23618844852027e-15,1.01547843374456e-13,24.3827504302556
"1559491_at",2.87773462495306,5.54072725555372,9.10867844986085,2.26222359048009e-15,1.02559763523631e-13,24.3713186729533
"230058_at",1.7188362885345,5.40123574633058,9.10494874056004,2.30866554547397e-15,1.04578532476213e-13,24.3512494712145
"1569180_at",2.41356208149152,6.55076921538017,9.10167218477714,2.35024833785597e-15,1.06374029695592e-13,24.3336198349181
"218883_s_at",2.59219798172059,7.28871165038016,9.10124678584358,2.35570154794861e-15,1.06532656852018e-13,24.3313310411666
"236841_at",1.58202524241233,7.09194376320661,9.1007047385483,2.36266835631382e-15,1.06759415191288e-13,24.328414666058
"202426_s_at",-1.80153350678733,4.02009214050413,-9.0991605393366,2.38262838384321e-15,1.07536098694221e-13,24.3201065842443
"228730_s_at",-2.32028306800509,6.39892225886777,-9.09907102185999,2.38379061028615e-15,1.07536098694221e-13,24.3196249710196
"202107_s_at",2.49711158894514,6.80281054769421,9.09691970856414,2.41189222216469e-15,1.08714103253796e-13,24.3080509355781
"206481_s_at",-2.50696667701018,5.24809750227273,-9.09483499871192,2.43943879828709e-15,1.09865169931093e-13,24.296835686363
"225928_at",-1.57381947657353,4.74160119032231,-9.09377549219545,2.45355867984843e-15,1.10410140593179e-13,24.2911359642106
"209360_s_at",2.18822545679468,8.18964473954546,9.09360275842387,2.45586838697096e-15,1.10423194126346e-13,24.2902067365918
"1560512_at",2.2182630658043,6.76735357561157,9.09131384634975,2.48667995308983e-15,1.11716702083144e-13,24.2778937454165
"222494_at",-2.25230491029016,8.31340130814876,-9.08936503685593,2.51321679968601e-15,1.1281619747359e-13,24.2674107371157
"1554741_s_at",-2.28693359754073,6.18720388589256,-9.07980947685684,2.64747612600188e-15,1.18550988688905e-13,24.2160153796222
"201251_at",2.03389155835577,8.45247471891735,9.07807803022693,2.67255769129195e-15,1.19576179845652e-13,24.2067036827377
"239648_at",-1.63040208227093,4.95064372467769,-9.07217764657216,2.75982217563791e-15,1.23379621793134e-13,24.1749738804685
"226402_at",-1.96198359808937,4.08312905971901,-9.07032744360063,2.78776652989354e-15,1.24527071096347e-13,24.1650250209291
"242068_at",2.26805033517025,6.72666781983471,9.06862765809115,2.81368754327098e-15,1.25582339941503e-13,24.1558853025891
"229497_at",-2.39984803290158,3.84615476487603,-9.06843779711275,2.81659771634308e-15,1.25609690163995e-13,24.1548644423547
"208779_x_at",2.41388018902432,7.85641258741322,9.06648254764316,2.84674269922923e-15,1.26747277752735e-13,24.1443515183168
"208999_at",1.58312443810124,8.01120660661983,9.0626851918842,2.90621000239911e-15,1.2918457876518e-13,24.1239351793351
"241387_at",2.25417062858767,5.65108800696694,9.06107477143689,2.9318018555146e-15,1.30216300934412e-13,24.1152772799722
"203769_s_at",-2.41526507794909,5.05576555042149,-9.05955648583846,2.95613521381943e-15,1.31190497415241e-13,24.1071149675601
"242354_at",3.28599594604751,7.95289803965289,9.05216781753678,3.07745624670559e-15,1.36353257932438e-13,24.0673969707931
"227647_at",-2.26820971777432,4.13397749457025,-9.05200200676653,3.08023502029264e-15,1.36365870230365e-13,24.0665057175685
"202071_at",2.46688141956109,9.13340027266116,9.04916087121886,3.12823916566639e-15,1.38267159565732e-13,24.0512347256042
"1552789_at",-2.05214191868835,3.8076735502562,-9.0478948649195,3.14986919646465e-15,1.39110741774398e-13,24.0444302717426
"202286_s_at",4.51005055116799,10.8740139890661,9.04415047376039,3.21471929955582e-15,1.41860191850859e-13,24.0243061583222
"242673_at",2.16191848900113,5.61108777778512,9.04345612686679,3.22689031405646e-15,1.42282441871804e-13,24.0205745792529
"1557116_at",-2.55017173587726,6.6514078152314,-9.04208538070582,3.25105272533838e-15,1.43232318902398e-13,24.0132080290188
"211675_s_at",-2.70069283201357,7.85069384970248,-9.04052677976364,3.27874562776355e-15,1.44336084700461e-13,24.0048321726034
"229476_s_at",-5.79430022176923,5.260288957,-9.01638697011769,3.73893479620044e-15,1.64197799182537e-13,23.8751396645526
"217492_s_at",-2.01732227542421,8.24566736428926,-9.01423840871714,3.78288812183903e-15,1.65994709519702e-13,23.8635994944183
"202826_at",3.06782908169117,6.91278610675207,9.01346139653779,3.79890999319199e-15,1.66564076886746e-13,23.8594261982135
"225150_s_at",2.4454785859672,5.7687231916281,9.01093369884793,3.85150001034515e-15,1.6873458578976e-13,23.8458505133926
"233595_at",2.09707763588122,7.58282033982645,9.00579229338483,3.96071865687299e-15,1.73241834051625e-13,23.8182393866914
"223088_x_at",-2.28711784502771,6.34219647923967,-9.00398722467276,3.99979117559218e-15,1.74811017206637e-13,23.8085462388013
"225185_at",-3.32105968649209,6.92487481366116,-9.0017663267902,4.04839213599787e-15,1.76652705535262e-13,23.7966206018289
"208868_s_at",-1.51529378700962,4.21594777052066,-8.99967648750716,4.09466234308322e-15,1.78529237327013e-13,23.7853992166596
"231963_at",-2.12487491081787,2.82479271020661,-8.99882425226752,4.11368223395018e-15,1.79215598518905e-13,23.7808232821133
"221899_at",1.59130140563236,9.8068889488843,8.99747016518811,4.14408350869418e-15,1.80368004201536e-13,23.773552904775
"225721_at",-2.64732631903167,6.38664779907438,-8.99735266181634,4.14673216792558e-15,1.80368004201536e-13,23.7729220141977
"221521_s_at",2.84554210849435,6.64284731998347,8.99584338311257,4.18090338854678e-15,1.81709771676308e-13,23.7648186416656
"214063_s_at",-4.60790944659898,6.30444107534711,-8.99528233006841,4.19367747532858e-15,1.82120187421438e-13,23.7618063922863
"218024_at",-1.66692095365441,7.33761511476033,-8.99464213997594,4.20830087273972e-15,1.82610198584956e-13,23.7583693053687
"202724_s_at",-2.3792786500905,6.78447218922314,-8.98714202851584,4.38345231910589e-15,1.90059679260202e-13,23.718105725721
"1559038_at",1.62955122803903,6.58963906065289,8.98621709743238,4.40554952306228e-15,1.90866418520943e-13,23.7131407655484
"239243_at",2.00505707757296,4.83043130523967,8.9786440825415,4.59069909935591e-15,1.98573159222535e-13,23.6724930201656
"225792_at",2.72580375788801,5.62811528338016,8.9758486814291,4.66098478799555e-15,2.01294899908102e-13,23.6574904941144
"201706_s_at",-2.18726174516912,6.02938059904959,-8.97489094697718,4.68531120972397e-15,2.02185785628775e-13,23.6523506710848
"230256_at",2.61669308754582,6.38798275764463,8.97293795192657,4.73530993453848e-15,2.04182232390293e-13,23.6418699577744
"203603_s_at",-2.98823487277602,5.64629955612397,-8.97054062219039,4.79741149729149e-15,2.06534231192451e-13,23.6290053223251
"203661_s_at",-1.71364733768552,2.67756934671901,-8.96938704085356,4.8275829559892e-15,2.07669628732266e-13,23.6228151662687
"229292_at",2.71641301899321,6.29014166602479,8.96126253671684,5.04549881616704e-15,2.1670278693946e-13,23.579223100837
"226185_at",3.01991898211369,6.68700943371901,8.95281196125693,5.28256426675704e-15,2.26706594415181e-13,23.5338895114516
"209147_s_at",-2.60599605062104,7.10977768620661,-8.95024282853413,5.35681283325065e-15,2.29712738555278e-13,23.5201088803285
"243088_at",1.79138187208937,6.55808271881818,8.94599786901641,5.48177839803019e-15,2.34703393823258e-13,23.4973409100015
"213309_at",-2.26085903250735,5.50580750404959,-8.94252366339418,5.58621229967252e-15,2.38800748619699e-13,23.4787084511342
"218901_at",-2.88056918050962,6.61059128417355,-8.94076656917374,5.63978261303985e-15,2.40902433099964e-13,23.4692855382195
"236359_at",-1.9476444730379,3.49208797977686,-8.93836652388948,5.71378321493197e-15,2.43503681536791e-13,23.4564151976105
"235955_at",2.44156349181731,5.65519130632231,8.93835819874656,5.71404158046095e-15,2.43503681536791e-13,23.4563705548562
"202502_at",-2.05449155329299,8.22098609554545,-8.93746995965306,5.7416744961863e-15,2.44490695544381e-13,23.4516075069504
"209075_s_at",-1.55911391320588,10.205025563686,-8.93649348423622,5.77220608442815e-15,2.45599507911369e-13,23.4463714108987
"209550_at",-2.98295682955938,6.65913885631405,-8.92958510343442,5.99288140325056e-15,2.54395023853047e-13,23.4093301826138
"242918_at",2.40351948277715,6.76066446293388,8.92928741898745,6.00257700883771e-15,2.54608920060669e-13,23.4077341887642
"203123_s_at",1.78469969339253,7.63452199985124,8.92667532344709,6.08832617816911e-15,2.58045917667749e-13,23.3937302452558
"201340_s_at",2.61786344286199,5.53572781893388,8.90908284273638,6.69851109898986e-15,2.82811655858896e-13,23.2994344601223
"215306_at",-1.92816192761595,3.46505085213223,-8.90717583871819,6.76820989785679e-15,2.85533855065833e-13,23.2892151024372
"225822_at",3.1347338554655,5.7388844315124,8.90651288281579,6.79260903496321e-15,2.86342250567937e-13,23.2856625189368
"1555878_at",2.81882451528903,6.78325833839669,8.90513297320003,6.84367600015133e-15,2.88272715953986e-13,23.2782681608731
"228771_at",-2.94547823800057,6.78944846057025,-8.90041126476166,7.02132539581267e-15,2.95528072375718e-13,23.2529682123653
"213909_at",3.63997828945645,6.84601196278512,8.89870426107884,7.0866740667139e-15,2.98049157382756e-13,23.2438223652782
"202158_s_at",-2.60686534499039,5.34808162180992,-8.89693453304268,7.15506377328668e-15,3.00694167413105e-13,23.2343408179534
"225790_at",-1.85886467746833,4.11525843680992,-8.89509935306164,7.22667730637871e-15,3.03470492877309e-13,23.2245089979819
"217656_at",1.77443198207975,4.76400522531405,8.8925140017512,7.32877763522718e-15,3.07521809060665e-13,23.2106588818326
"205883_at",-3.4986355663914,4.48829325486777,-8.8922861841405,7.3378431756687e-15,3.07666085605588e-13,23.2094384669165
"208869_s_at",-2.00067428633823,6.1230532582314,-8.88907370439406,7.46687313572426e-15,3.12836236548448e-13,23.1922299313012
"229538_s_at",3.16194896332297,5.98114123958678,8.8852866764566,7.62188558565808e-15,3.18842076813968e-13,23.1719452588562
"201785_at",-3.09183607776414,8.10203471121488,-8.88363350795423,7.69055512658248e-15,3.21468732068728e-13,23.1630908389191
"219121_s_at",3.02350517669683,5.73840619195868,8.88345693229724,7.69792608358898e-15,3.21531022628134e-13,23.1621451138507
"218849_s_at",2.48745112844683,5.46799453338843,8.88264190840704,7.73203967739466e-15,3.2270936592485e-13,23.1577799598413
"223232_s_at",3.07400498154356,5.6232804313719,8.88239540747308,7.74238683802498e-15,3.22894737123582e-13,23.1564597510516
"203680_at",-3.89829991923473,7.68358556544628,-8.87829734999855,7.91644247095784e-15,3.29902051905198e-13,23.1345124628293
"1007_s_at",2.37807049357636,7.18737796849587,8.87364861977815,8.11860982662133e-15,3.38069301043809e-13,23.1096184825337
"1553986_at",3.74343074115271,7.21851292680165,8.87159317974243,8.20963023964924e-15,3.41599340451158e-13,23.0986124217306
"213317_at",-2.27041595148756,3.51911296716529,-8.86801795028549,8.37037942255716e-15,3.47758734747958e-13,23.0794697161076
"204963_at",-2.39557772943495,7.21087930558678,-8.86784216934499,8.37836324154817e-15,3.47826127738531e-13,23.0785285794036
"209218_at",3.43419966324717,7.5116086881157,8.86669848133532,8.43049412870887e-15,3.49724784891622e-13,23.0724053294197
"225207_at",-4.71922890195192,7.47888486582645,-8.86185482164881,8.65488065102353e-15,3.58489090602054e-13,23.0464743759664
"204227_s_at",-1.67709291705034,5.60521688777686,-8.85787661829871,8.84361650713755e-15,3.66029320611465e-13,23.0251788586414
"1552622_s_at",2.10422245799321,5.94568362213223,8.8457027735531,9.44702134351859e-15,3.89823314684437e-13,22.9600237167881
"211026_s_at",-3.51828160720531,6.36578289742975,-8.84373563688411,9.54830096785686e-15,3.93408707925828e-13,22.9494971947218
"223233_s_at",2.48880525786199,5.9224834826281,8.84032206074806,9.72662511899721e-15,4.00454238238835e-13,22.9312316338345
"201931_at",-2.13386958460238,8.15659914721488,-8.82955987740505,1.03108430958226e-14,4.2386868140158e-13,22.8736541674122
"239649_at",2.1847474789474,4.86805855027273,8.82103013036899,1.07985970906836e-14,4.42588677611037e-13,22.8280304292672
"235368_at",-3.06783940239423,7.41156025361984,-8.81424439154147,1.12029828903091e-14,4.58475366412912e-13,22.7917415082744
"213715_s_at",-2.02662115327828,4.69650410176033,-8.80973917124813,1.14797604853614e-14,4.68749741999354e-13,22.7676515889272
"202759_s_at",-2.97543773183088,5.21795463,-8.80405621099064,1.18386260367405e-14,4.83042446685662e-13,22.7372678112683
"212590_at",-2.61894162153563,4.23114903457025,-8.79692050743915,1.23050912952006e-14,5.01327024266089e-13,22.69912277133
"231956_at",2.57598289512726,6.36750665780165,8.79505475549066,1.2430046488975e-14,5.06040798052648e-13,22.6891501627446
"212713_at",-3.1230294892862,3.70327080276033,-8.79311031963592,1.25616163565534e-14,5.11016647540592e-13,22.6787574528965
"1556543_at",2.26283839194853,6.2318598156281,8.78892022745921,1.28498718166984e-14,5.22354454704819e-13,22.6563636935769
"241789_at",-2.88090032111652,4.4187539805124,-8.78381351355987,1.32101069643164e-14,5.36599255775633e-13,22.6290741218028
"221973_at",2.78924753134333,5.49603383765289,8.78125511032849,1.33943443991662e-14,5.43275801205052e-13,22.6154036243664
"218807_at",3.58705106766912,9.44631295189256,8.78099628805034,1.34131248246682e-14,5.436342474342e-13,22.6140206876734
"212492_s_at",2.46725550804299,8.25984577019835,8.7802596416526,1.34667203476516e-14,5.44998471508401e-13,22.6100846928086
"210058_at",2.53092780775962,5.84138005714876,8.77776819937402,1.36495734578892e-14,5.51989962137644e-13,22.5967731179338
"239383_at",1.98210068156618,5.28467990636364,8.77195881387693,1.40856002626501e-14,5.67524093117461e-13,22.5657371418415
"55872_at",2.09277262206448,7.65296001413223,8.76641426553793,1.45146790277352e-14,5.8438149914685e-13,22.5361200880943
"37892_at",5.376979471181,8.22281629399174,8.76451604021492,1.46645491039094e-14,5.89981031829467e-13,22.5259813405993
"236772_s_at",-1.81339890099943,4.38343354067769,-8.76430435798203,1.46813572129512e-14,5.90222945307433e-13,22.5248507383627
"240908_at",2.04889809808824,6.77042608623967,8.76229602731057,1.48417813393813e-14,5.96233941756557e-13,22.514124462768
"226405_s_at",1.95292971720305,6.75030384483471,8.76105414182,1.49418546077243e-14,5.99813436620652e-13,22.50749194933
"235926_at",1.93582550577093,7.14816314690083,8.76051517659347,1.49854941805254e-14,6.01123913661209e-13,22.5046135706457
"232489_at",2.24935905544457,5.60056029290909,8.75918064878982,1.50940968185175e-14,6.0503646888009e-13,22.4974866009307
"208650_s_at",4.47415865820079,10.1381690740413,8.7587856915902,1.51263881240546e-14,6.05886645188782e-13,22.4953773988977
"33494_at",-2.11616254529921,5.41601733690083,-8.75761897201403,1.52221802836782e-14,6.09277237928334e-13,22.4891468490863
"229063_s_at",-1.82747632784842,6.13906697077686,-8.75682233300012,1.52879342414894e-14,6.11461451831332e-13,22.4848927160149
"235705_at",2.03796812045702,5.52341177512397,8.75009654817005,1.5854470487632e-14,6.32732243730862e-13,22.4489796408014
"203744_at",2.60138961378337,7.65657053035537,8.74251237822745,1.65184264162041e-14,6.58749062221708e-13,22.4084902177734
"1554455_at",1.5214242548405,6.49621905520661,8.73984555547792,1.67584140948699e-14,6.67832573350592e-13,22.3942547094764
"208651_x_at",3.64817501631335,8.17164408433058,8.73551864044371,1.71552020347913e-14,6.82649687956487e-13,22.3711596141528
"222722_at",-4.16196720707013,4.77374263695868,-8.73447512868938,1.7252286221854e-14,6.86013635767178e-13,22.3655901945098
"214212_x_at",-2.18852983159898,6.86013622087603,-8.73411986303438,1.72854634086478e-14,6.86833366183008e-13,22.3636941072836
"222209_s_at",-2.41888276998812,7.17256841669422,-8.73155156573037,1.75272062543346e-14,6.95933189510343e-13,22.3499873514418
"217734_s_at",1.57046832689932,8.8927581177438,8.71576303186802,1.90890556283896e-14,7.56848525367803e-13,22.2657446708817
"239179_at",1.86844226245476,5.98315571676859,8.71340476837015,1.93339474477837e-14,7.66002591817082e-13,22.253164561933
"228885_at",-3.20452203744966,4.55700238886777,-8.7085186388071,1.98513434526224e-14,7.8593208057359e-13,22.2271019688796
"204273_at",-3.18733889389536,4.35729160893388,-8.70533640248054,2.01957028917125e-14,7.98409295447855e-13,22.2101296546376
"209005_at",-1.99728411216119,6.86227881823967,-8.7021567929667,2.05457182159411e-14,8.11505169247149e-13,22.1931727084731
"223082_at",-2.17378165031504,8.26599230486777,-8.70205838672717,2.05566467198409e-14,8.11505169247149e-13,22.1926479269399
"213228_at",-3.07097237167025,3.72265202893388,-8.69302440349923,2.15849693969276e-14,8.51484994067111e-13,22.1444769929899
"203124_s_at",1.57691453190554,7.27211749876033,8.69262247745845,2.1631891408515e-14,8.52720737390452e-13,22.142334102187
"215241_at",-2.35158478171041,2.94984228176859,-8.68976017840145,2.19689943487678e-14,8.65385278111586e-13,22.1270742296033
"204320_at",4.94198044944231,7.56737814770248,8.6884530696293,2.21246718464194e-14,8.7089016069329e-13,22.1201059652016
"224218_s_at",3.07865544682693,6.61152613426446,8.68654908113275,2.23534054020268e-14,8.78628641521075e-13,22.1099561188006
"219427_at",-1.65211474509728,3.33552886172727,-8.68624041897766,2.23907073329047e-14,8.7946258866851e-13,22.1083107384755
"213905_x_at",2.73755423494174,8.72169903466942,8.67690835000042,2.35482311357634e-14,9.24263845906577e-13,22.0585705501457
"201510_at",2.45849010606561,6.12521490280165,8.67553505723061,2.37235267903648e-14,9.30476203201718e-13,22.0512518635239
"233124_s_at",-2.32337914692534,6.26433067259504,-8.67401923810849,2.39185242066575e-14,9.37451835841578e-13,22.0431739107319
"244674_at",2.00122210954129,5.88122629601653,8.66879802618468,2.4602485071771e-14,9.63567959383296e-13,22.0153519539198
"221870_at",-2.55285650949264,6.88096474621488,-8.66781221599621,2.4733791385842e-14,9.68017211181755e-13,22.0100993460985
"204053_x_at",-2.02673622535068,8.11747600360331,-8.66585114737388,2.49970766560929e-14,9.77621721152991e-13,21.9996507492214
"227576_at",2.12611108885351,7.84414404157025,8.65845737789126,2.60150710078009e-14,1.01598143382251e-12,21.9602614159914
"201036_s_at",-2.16417584598925,10.341672785438,-8.65671762847161,2.62605412829215e-14,1.02483589910331e-12,21.9509942255598
"228303_at",3.73281226107919,6.37159340212397,8.65475761810575,2.65398526254523e-14,1.03499746240842e-12,21.9405542636577
"204093_at",-1.84936814650792,6.35184279147107,-8.65449002847188,2.65782142513803e-14,1.03575471432232e-12,21.9391289932365
"222640_at",1.5563984631793,5.95536189467769,8.65018723343703,2.72026979315107e-14,1.05933583290979e-12,21.9162122528371
"208658_at",1.8922042605164,8.11513347658678,8.64732113129529,2.76267521442759e-14,1.07508375337244e-12,21.9009487813872
"212793_at",-2.137100275569,4.3953473727438,-8.64694598139213,2.76827423387044e-14,1.07573129876948e-12,21.8989509991824
"236007_at",1.96340504433315,7.73386314502479,8.6448728428982,2.79941963704491e-14,1.08706156715505e-12,21.8879112872981
"212115_at",1.7738630306052,9.78009442634711,8.6421954086083,2.84016029469849e-14,1.10209910654819e-12,21.8736545125421
"226670_s_at",3.24650909982126,5.98754465891736,8.63227280832069,2.99635984482153e-14,1.15974346662892e-12,21.8208274751636
"227762_at",-3.13649184668495,4.72219192718182,-8.62577189121877,3.1033031502641e-14,1.19910317837943e-12,21.7862246502959
"227350_at",2.18836520370815,5.08457737859504,8.62444828803612,3.12553827522724e-14,1.20599015665525e-12,21.7791801552882
"229949_at",1.54537038043722,9.43715537857851,8.62395567290188,3.13385412073097e-14,1.20834607934391e-12,21.7765584167255
"241470_x_at",-1.73190530570928,2.85655647699174,-8.62331461538648,3.14470881405755e-14,1.21167691619871e-12,21.7731467066845
"243992_at",1.87412922273134,6.1242144897438,8.62210830736656,3.1652361799164e-14,1.21872738124598e-12,21.7667268887349
"232322_x_at",3.17626812999717,9.55287097745455,8.62085586051245,3.18668982200253e-14,1.22612432102736e-12,21.7600617428422
"203562_at",-2.05216931911029,3.06227800642149,-8.61678636246459,3.25740210615076e-14,1.2515703454237e-12,21.7384066253446
"222156_x_at",-2.00154430616629,4.43863444465289,-8.61664096307759,3.25995728659836e-14,1.25167250452785e-12,21.7376329514
"219981_x_at",1.77503207958428,8.85642779236364,8.61366587918444,3.31268031540447e-14,1.27102313154203e-12,21.72180310893
"202432_at",-1.62036882438348,8.93496075864463,-8.61317555388154,3.32145073608536e-14,1.27349452310987e-12,21.7191943037042
"224906_at",-2.06608273878337,8.91571263771901,-8.60129271087387,3.54121181796995e-14,1.35585263408618e-12,21.6559813636244
"206201_s_at",-3.41989118945814,4.39468777270248,-8.59499076211435,3.66357281042848e-14,1.40172038775491e-12,21.6224651697339
"228438_at",-1.99368206190102,3.18680424279339,-8.59320757754835,3.69895341103849e-14,1.41367931664504e-12,21.6129825377988
"235138_at",1.6610152699672,8.97950230394215,8.59315507893372,3.70000018677468e-14,1.41367931664504e-12,21.6127033671859
"242888_at",-2.29068631793269,4.90146273509091,-8.59203981443886,3.72230736942629e-14,1.42083747449616e-12,21.6067728455195
"242277_at",-1.76277310372228,4.33739620622314,-8.5919588243824,3.72393251203108e-14,1.42083747449616e-12,21.6063421803817
"228772_at",-2.73106624125848,5.93801686818182,-8.58998147203887,3.76382982584766e-14,1.4350585476166e-12,21.5958278887763
"202156_s_at",-2.47299742505543,5.90602875104959,-8.58927887951708,3.77810834461211e-14,1.43949877171893e-12,21.5920920875018
"225531_at",-1.86383634863292,5.00432673695868,-8.58693751376468,3.82608137787551e-14,1.45676183381158e-12,21.5796431685079
"202464_s_at",-2.45268724812217,9.35239030852066,-8.58651816797627,3.83473729500959e-14,1.45904148646242e-12,21.5774136121618
"201015_s_at",1.91690262264197,8.52038277136364,8.58306055720688,3.90685445558362e-14,1.48544692182917e-12,21.559031328087
"209160_at",-4.36139909035408,8.12009081794215,-8.58290663440779,3.91009610121204e-14,1.4856463122569e-12,21.5582130421809
"208781_x_at",-1.8359538551957,8.78389291904959,-8.58189586596644,3.93144970651488e-14,1.49272231044237e-12,21.5528396698781
"213675_at",-2.10222755798303,6.2731545761405,-8.57857746016419,4.00237414458978e-14,1.5185968518768e-12,21.5351996434443
"226455_at",3.47667909412953,7.22100626061157,8.57597886727367,4.0588019053257e-14,1.53787244749607e-12,21.5213871191895
"1552621_at",1.77644250405826,6.83077284438017,8.57450391675415,4.0911816169402e-14,1.54906755475212e-12,21.5135476225854
"218999_at",-2.28267623267477,5.62507319905785,-8.57337243873891,4.11619520671889e-14,1.55746002025851e-12,21.5075339272776
"237943_at",1.62902819696041,4.97530052886777,8.57195539809486,4.14773652874887e-14,1.56830909204249e-12,21.5000027562015
"214456_x_at",-4.70257520089537,8.22827243476033,-8.56697629273393,4.2604841581995e-14,1.60982703075023e-12,21.4735425281116
"225548_at",2.70319876274321,6.84671803617355,8.55731516495848,4.48802626813018e-14,1.69112912618896e-12,21.4222111435073
"217617_at",2.94822449618383,6.20148819515703,8.55706201766628,4.49414833425198e-14,1.6922696981765e-12,21.4208663076792
"212521_s_at",-1.5105088084638,3.32313251247107,-8.55668379965027,4.50331057629225e-14,1.69455268932401e-12,21.4188570556248
"48031_r_at",-1.91286332230769,6.23676517808264,-8.55477189284615,4.54991136385437e-14,1.7097347341494e-12,21.4087005286579
"1563320_at",1.79509267907127,5.63019961769422,8.55372749988676,4.57556975762087e-14,1.71819558034287e-12,21.4031526782342
"221732_at",2.19765050672003,9.26179966878512,8.54802255076319,4.71829059913574e-14,1.77057335969627e-12,21.3728506214474
"223465_at",-1.83132301262217,6.58822497855372,-8.546942780472,4.74579771263991e-14,1.77967414223996e-12,21.367115918135
"224517_at",1.69505832500622,7.21975104189256,8.54415379036645,4.8175879059708e-14,1.80535722247398e-12,21.3523042738633
"230961_at",1.7741957898026,5.2484983464876,8.54319327301173,4.84256155073212e-14,1.81347296428958e-12,21.3472034663961
"202590_s_at",-1.68173998752092,5.43997472297521,-8.54279529193995,4.85294685273099e-14,1.81611820104769e-12,21.345090036031
"45288_at",-1.87222806273303,3.98255203971901,-8.53779220734909,4.98540856717081e-14,1.86441322441904e-12,21.3185237543894
"213388_at",-2.00094429329411,5.49986783484298,-8.53287369190853,5.11913784192013e-14,1.91311593647972e-12,21.2924101415812
"213927_at",1.65733340674378,5.25906810440496,8.53255953805027,5.12779964196126e-14,1.9150440261218e-12,21.2907423429671
"229994_at",-2.77876747384785,4.95882583230579,-8.53097999582322,5.17157206063991e-14,1.93007305403063e-12,21.2823569974891
"212295_s_at",2.24919339384785,7.28420118061157,8.52581829976807,5.31722309171017e-14,1.98247728475596e-12,21.2549575891611
"230392_at",1.83633591870418,6.43720135817355,8.52574783381839,5.31923946362505e-14,1.98247728475596e-12,21.2545835679514
"221841_s_at",-3.34375507127149,7.83451817219008,-8.52139188264235,5.44537306297054e-14,2.02672411312399e-12,21.2314643605218
"228818_at",2.96381705377715,6.1256363844876,8.51738371516617,5.56406366747499e-14,2.06808416736366e-12,21.2101935163042
"200978_at",-2.09078546833597,10.0485096658264,-8.51572842349255,5.61382842119451e-14,2.08516351174463e-12,21.2014097909245
"222416_at",1.57119071613518,8.4423046855124,8.51252658871638,5.71134895175743e-14,2.11682222594542e-12,21.1844205736841
"228766_at",-5.60125936106901,7.27641332004959,-8.51242245123521,5.71454888979503e-14,2.11682222594542e-12,21.183868036842
"210564_x_at",-1.52129374972625,5.59540885653719,-8.51188751580294,5.73101453683565e-14,2.12004884845392e-12,21.1810297805186
"236752_at",2.09747595105769,7.67166052119008,8.51114028225025,5.75409391940912e-14,2.12714729576534e-12,21.177065186326
"204223_at",-3.06864498129355,5.50929689899174,-8.51082435087125,5.76387971246021e-14,2.12932515728893e-12,21.1753889756263
"203658_at",-1.78619622801527,5.41804294333884,-8.51048238915648,5.77449044567348e-14,2.13180462604455e-12,21.1735746748373
"211726_s_at",-3.51622156410294,6.04655390016529,-8.50821482803623,5.84534411512772e-14,2.15505185094139e-12,21.1615444217786
"203216_s_at",2.2237633907319,8.64266628638017,8.5069633685651,5.88481782935276e-14,2.16814295700716e-12,21.1549052959377
"205022_s_at",-1.97041029281561,7.68916294554545,-8.50422393666169,5.97215369225162e-14,2.19883840487446e-12,21.1403731403892
"213693_s_at",4.51374344849943,10.5961960883471,8.50301644916466,6.01105803737489e-14,2.21167293535311e-12,21.1339680120706
"211776_s_at",-2.22632698113744,4.68285097666116,-8.49814971326555,6.17043394492487e-14,2.26726126302935e-12,21.1081545975945
"210150_s_at",2.00687098659899,7.48422814519008,8.4931897118951,6.33719093693098e-14,2.32540882199128e-12,21.081850182557
"211708_s_at",-2.99377805485916,3.60232103204132,-8.49163400177287,6.39041262960866e-14,2.3433655970748e-12,21.0736005404035
"212758_s_at",-2.02023961554637,6.79401425175207,-8.48991186069041,6.44984684796682e-14,2.36199180450493e-12,21.0644687739763
"213308_at",2.73347448715498,5.47184892,8.48951934221445,6.46347016204933e-14,2.36539645990661e-12,21.0623874819356
"243462_s_at",2.29784599940272,5.53652162177686,8.48775033643711,6.52522401939335e-14,2.38639881779486e-12,21.0530077868323
"210075_at",-1.78630580237896,6.12119719813223,-8.48636561076339,6.57397248164685e-14,2.4026199561099e-12,21.0456659694454
"200910_at",1.57976567300905,10.244857473438,8.48446863555587,6.64134318939045e-14,2.42562083420122e-12,21.0356086779993
"238909_at",-2.00241702964593,4.42505142215702,-8.48394852376075,6.65993456671252e-14,2.4307871991656e-12,21.0328512701472
"209087_x_at",-2.76456402375509,7.70300672252893,-8.48095262577432,6.76803552809727e-14,2.46859467977797e-12,21.0169691172005
"212530_at",-2.04351008502149,9.35505656478512,-8.47817134527807,6.86995457334705e-14,2.50243015521486e-12,21.0022259418986
"240139_at",1.56135815822738,4.87799577006612,8.47698097905838,6.91404046004644e-14,2.51681199835579e-12,20.9959163397955
"238504_at",-2.08278997090498,6.79570555049587,-8.47634520382879,6.93770196715966e-14,2.52374487727515e-12,20.9925464667394
"212071_s_at",-2.36427158190441,9.50337513816529,-8.47481530457571,6.99497064037034e-14,2.5428857696958e-12,20.9844376181038
"205908_s_at",-1.91407789145588,2.92687295358678,-8.47455342889167,7.00482046740486e-14,2.54477447877316e-12,20.9830496474053
"201425_at",-3.12392683703903,9.12569118930579,-8.46574140694328,7.34443255667104e-14,2.66461081642992e-12,20.9363510682217
"201561_s_at",1.7682733886561,8.22877846334711,8.46543455434319,7.35654920546289e-14,2.66723692180825e-12,20.9347251432902
"225777_at",2.41237477135408,5.71449174705785,8.46527968488188,7.36267206623786e-14,2.66768784109712e-12,20.9339045394248
"244185_at",1.79872059307692,6.76062383647934,8.46332541412824,7.44037247634981e-14,2.69405539830746e-12,20.9235497995237
"35148_at",3.11998464887783,6.53152185856198,8.46177254454107,7.50269475528053e-14,2.71482353239552e-12,20.9153223107206
"201325_s_at",-3.065230613319,7.03037196619835,-8.46061196363008,7.54961198694222e-14,2.72898648513995e-12,20.9091735075796
"231835_at",2.00257875529525,7.36742973894215,8.4605575680548,7.55181811068448e-14,2.72898648513995e-12,20.9088853227887
"244845_at",2.62691613728224,5.74750727784297,8.45974559200754,7.58482581295864e-14,2.73729604834003e-12,20.9045835722653
"242146_at",1.83137841919061,5.55849381156198,8.45750623294323,7.67660391825578e-14,2.76859049624429e-12,20.8927202474085
"242022_at",2.52944931646945,8.23618080736364,8.45693793571482,7.70007032474768e-14,2.77423329850665e-12,20.8897097348602
"235333_at",-1.77009956832014,4.12303377621488,-8.45688165746205,7.7023980743175e-14,2.77423329850665e-12,20.8894116076946
"217871_s_at",1.93534464311312,11.1331481711653,8.45413913735047,7.81668511761666e-14,2.81354350760823e-12,20.8748840363319
"202894_at",2.23327376689254,7.99731500163636,8.45011719305664,7.98734696606453e-14,2.87119129105574e-12,20.8535812557784
"213147_at",-1.66423671631392,4.5336144161405,-8.44944449909539,8.01625087243476e-14,2.8796880187278e-12,20.8500184846991
"218009_s_at",3.40302106710577,6.51128880224793,8.44768940447103,8.09215361276897e-14,2.90504595389457e-12,20.8407233546997
"212400_at",1.82831270345136,6.80680527815703,8.44751578873963,8.09970074421804e-14,2.90584736345224e-12,20.839803897071
"226566_at",1.61775497851301,6.21083535379339,8.44522453760118,8.19996072079815e-14,2.93988755678452e-12,20.8276700190043
"217234_s_at",2.83435242427998,7.99708103980992,8.44197057691546,8.34447219037242e-14,2.98778007209307e-12,20.8104392823607
"239393_at",1.50230970272002,6.46880821243802,8.44154715439546,8.36346215003755e-14,2.99261971893523e-12,20.8081972493646
"202883_s_at",-1.99488123754694,6.80242537495868,-8.44125832894598,8.3764402648405e-14,2.99334556522977e-12,20.8066679273121
"201719_s_at",-2.33673238964705,8.53544796682645,-8.44004663176493,8.4311055150294e-14,3.01091243653973e-12,20.8002521690377
"223019_at",1.94492736845645,6.38300695784298,8.43908165221536,8.47489396984511e-14,3.02457459400314e-12,20.7951429081936
"204059_s_at",-3.6830594534836,5.73583959012397,-8.4376494291866,8.54030228389766e-14,3.04592972845469e-12,20.7875600092702
"240339_at",1.99621525608937,5.08377201278512,8.43714299047226,8.56355087385372e-14,3.05223040435432e-12,20.7848787482746
"212486_s_at",-2.11236063646267,4.6263713082562,-8.43283975458598,8.7636530993538e-14,3.1215161772454e-12,20.7620975537426
"232235_at",-2.79840741418609,4.22683496001653,-8.43214755425683,8.79627219972539e-14,3.13109493828116e-12,20.7584333377831
"235692_at",-2.09183431855486,5.08448286661157,-8.4312768532063,8.83747451557819e-14,3.14218739802757e-12,20.7538243210865
"210201_x_at",-2.34826747591007,5.36215265869421,-8.43112509139232,8.84467563889243e-14,3.14218739802757e-12,20.7530209889394
"222603_at",1.83456753695984,8.49152144246281,8.42896395566187,8.94785763619367e-14,3.17677997570707e-12,20.7415816797518
"228249_at",-1.62302324911086,4.05452374744628,-8.42144005772768,9.3165125401247e-14,3.30551799566073e-12,20.701761958613
"225102_at",-3.05640237257975,7.97724854365289,-8.41873596818639,9.45266616079643e-14,3.3516505988427e-12,20.6874529253042
"231919_at",-1.5121060219276,3.27927421601653,-8.41289975247239,9.75330956192439e-14,3.45600907516666e-12,20.6565737844674
"219523_s_at",-1.98543306540554,4.28413226860331,-8.41261190811636,9.76838110927776e-14,3.45910775356063e-12,20.6550509530391
"1560060_s_at",1.73741135058315,9.88720189138843,8.4118023226484,9.8108953930291e-14,3.47191395219331e-12,20.6507679371779
"242890_at",2.1816878398569,5.37080108453719,8.41019207468707,9.89600332486459e-14,3.49750473036181e-12,20.6422494201107
"235005_at",-1.68177769044004,5.34247268845455,-8.40888513730568,9.96561978337554e-14,3.51756140513917e-12,20.6353357757944
"216321_s_at",-2.03693188350056,9.79118243858678,-8.4080015440969,1.001296185328e-13,3.53199154405214e-12,20.6306617580757
"242134_at",-2.5293030350362,4.48332323060331,-8.4069131950681,1.00715821646467e-13,3.5503788191622e-12,20.6249047965459
"229842_at",2.68304839930543,6.11527617329752,8.40516605039889,1.01664010956756e-13,3.5814947158896e-12,20.6156634446478
"205907_s_at",-2.231506830944,3.29503464728926,-8.4008929527059,1.04020641961583e-13,3.66215621329657e-12,20.5930633558002
"228156_at",2.14939802554016,7.57953940817355,8.39977505345132,1.04646085264007e-13,3.6818048338543e-12,20.5871513515603
"235570_at",-3.34847939320588,5.02829586755372,-8.39733296092029,1.06025432508777e-13,3.72793602727806e-12,20.574237051552
"204276_at",-1.7226413375854,7.55139066793388,-8.39580794071292,1.06895955742272e-13,3.75612877905445e-12,20.5661729061748
"218151_x_at",1.94969746873417,7.97504621680165,8.38861325118596,1.11099747862064e-13,3.90133507665919e-12,20.5281331671954
"225305_at",2.20772363396267,6.67291395215702,8.38622928276635,1.12528636728586e-13,3.94897510470823e-12,20.5155304870452
"221552_at",-1.59517525091855,3.20268491996694,-8.38569734493987,1.12849952794679e-13,3.95771082042917e-12,20.5127185599307
"205932_s_at",-2.50210568952149,5.43084623969421,-8.38469658185885,1.13456937695138e-13,3.97644747979593e-12,20.5074284542901
"242233_at",1.70381212805656,7.40965331566942,8.38285645926207,1.14581500905375e-13,4.01071930986004e-12,20.4977018540693
"213689_x_at",-2.52949238113688,6.76330936308264,-8.38177555310382,1.15247242806926e-13,4.03144145903305e-12,20.4919886071593
"240214_at",-1.83341555510068,3.71194322352893,-8.37690397465391,1.18295771984235e-13,4.13543563506271e-12,20.4662416858478
"205412_at",-2.24924510070927,8.86876261742149,-8.3723145431974,1.21241074502183e-13,4.23569057406189e-12,20.4419894518259
"204826_at",1.50892806906392,5.80308919577686,8.37166627309956,1.21662944597612e-13,4.2477148760373e-12,20.4385640300744
"221478_at",-2.079912107944,8.70183840413223,-8.37056898895588,1.22380346467866e-13,4.27003538170426e-12,20.4327661990569
"207175_at",-5.48075293642704,7.00626608610744,-8.368100661662,1.24009549455739e-13,4.3241212477631e-12,20.4197247617458
"203908_at",-3.68254295626244,3.56094712061983,-8.36778381452103,1.24220238697721e-13,4.32870717068063e-12,20.4180507675418
"228006_at",-1.98402040177262,6.26439341742149,-8.36696369474063,1.2476723687024e-13,4.34499915661169e-12,20.4137179154465
"224357_s_at",-1.95759845411708,4.70912052002479,-8.36643057839757,1.25124095625845e-13,4.35465304159331e-12,20.4109014167817
"243817_at",1.7430244348914,5.94040877501653,8.34837760251735,1.37826733422876e-13,4.78759634682068e-12,20.3155533332601
"200959_at",1.70872589918722,10.0217105159669,8.34734407350026,1.38591588022546e-13,4.80990980340006e-12,20.3100962871028
"221556_at",-2.31545130797511,4.70935598052066,-8.34725060081011,1.38660969537449e-13,4.80990980340006e-12,20.3096027587613
"1558078_at",2.31839001888971,5.73126746859504,8.34703519306572,1.3882099075931e-13,4.80990980340006e-12,20.3084654285227
"207016_s_at",-1.75142001912952,2.76573326752066,-8.34583449146053,1.39716334392977e-13,4.8369591795146e-12,20.3021259897304
"244753_at",2.17138892738801,7.80344036659504,8.34575126153697,1.39778610034441e-13,4.8369591795146e-12,20.3016865629151
"230077_at",1.6381265941086,6.36740946510744,8.34534870720127,1.40080205684211e-13,4.84432969372816e-12,20.299561223532
"213085_s_at",2.15973721535917,7.19180397295868,8.34257376333363,1.42176889933131e-13,4.90739514113437e-12,20.284911260551
"219298_at",-2.98951851200282,6.38906998819835,-8.34246086690111,1.42262849541801e-13,4.90739514113437e-12,20.2843152649824
"210749_x_at",2.34785409995984,7.74413612738017,8.33997771468692,1.44166654503494e-13,4.96680014806462e-12,20.2712068978683
"203422_at",1.61115856712047,5.51808266435537,8.33864737317604,1.4519701514186e-13,4.9991478607564e-12,20.2641845460315
"212631_at",-1.70965354154185,7.50371036453719,-8.33849495584863,1.45315530298485e-13,5.00007968475122e-12,20.2633800132566
"202954_at",2.78691440631617,7.89743246046281,8.3352643782164,1.47850286653603e-13,5.08090158566045e-12,20.2463283539613
"1552309_a_at",-2.03397610743496,4.05841052991736,-8.3324111828639,1.50125486062538e-13,5.15261202163796e-12,20.2312700284308
"209433_s_at",2.08995566716007,7.00281428628099,8.33179106305262,1.50624571155493e-13,5.16649838640312e-12,20.2279973964003
"242467_at",1.99585009858937,7.40588424140496,8.33160707520878,1.50772965524552e-13,5.16834601257358e-12,20.2270264276955
"203980_at",-6.36620093349774,7.41555005392562,-8.33075136864261,1.51465043917447e-13,5.18881658908922e-12,20.2225106360594
"1555274_a_at",2.30831684322398,5.50682582560331,8.32893231007985,1.52946777341853e-13,5.23629621237685e-12,20.2129113815255
"236114_at",2.51589760753846,7.45977971395041,8.32870533882218,1.5313266794561e-13,5.23937961196885e-12,20.2117136823282
"217428_s_at",3.56261735128902,6.64319891646281,8.32453424995786,1.5658909937936e-13,5.35428956132989e-12,20.1897048827878
"222455_s_at",-1.87571040210124,6.12178090128926,-8.32134493959187,1.59284216474105e-13,5.44304033482606e-12,20.1728783959822
"74694_s_at",2.19851028958145,7.89467712741322,8.31902067806619,1.61277341340585e-13,5.50770683185288e-12,20.1606168861312
"209773_s_at",3.87008435139876,6.93853464487603,8.31659208953153,1.63386432279304e-13,5.57625042750995e-12,20.1478059653125
"202345_s_at",-3.18690065132296,8.47449259447107,-8.31334975537434,1.6624503171912e-13,5.67027268199805e-12,20.1307040291217
"233020_at",-1.9217161320147,4.13764993232231,-8.31217885653923,1.67289532097693e-13,5.70234112683375e-12,20.1245284658461
"213281_at",-1.8379969588948,4.20811437733058,-8.31125027529312,1.68122511294466e-13,5.7256881938529e-12,20.1196310985375
"227678_at",-2.09168017993495,6.24123747415702,-8.31118201176459,1.68183909269826e-13,5.7256881938529e-12,20.1192710801791
"241242_at",2.00190758405317,5.35571972207438,8.31037824461532,1.68908517408913e-13,5.7467785870145e-12,20.1150321118918
"230005_at",2.07294997229695,6.73530520915702,8.30755268552317,1.71480531174393e-13,5.83065798629348e-12,20.1001313208084
"243386_at",2.89794919935294,6.3868970394876,8.30554747347919,1.73329402905577e-13,5.8886733632684e-12,20.0895574999881
"208790_s_at",-1.6772225041595,5.00060479129752,-8.30546897968142,1.73402178598301e-13,5.8886733632684e-12,20.0891436026699
"201417_at",2.14083025439706,9.42078559741322,8.3051752050852,1.73674822147452e-13,5.89427119857972e-12,20.0875945401732
"203505_at",-1.55307217174717,7.95930444908264,-8.29979921733147,1.78740082128577e-13,6.05490333976453e-12,20.0592497132804
"235095_at",1.90409069254978,4.99074351980165,8.29913100400836,1.79379851896099e-13,6.07281325227196e-12,20.0557269061272
"212809_at",1.65675126226075,6.24663637793388,8.29274167748712,1.85613367770667e-13,6.27236899869266e-12,20.0220462994898
"205158_at",-2.92782137733993,5.00084873291736,-8.29273647678098,1.85618528392953e-13,6.27236899869266e-12,20.0220188873614
"222018_at",1.97780114465158,5.61292339667769,8.28945254971759,1.88905801316192e-13,6.37557079442149e-12,20.0047107203258
"209869_at",-3.49460057310181,5.14250459921488,-8.28764488124015,1.90739950417339e-13,6.43350202903641e-12,19.9951840545823
"236696_at",1.61624154483032,4.72224243528926,8.28681777918506,1.91585063564548e-13,6.45404396204047e-12,19.9908252952739
"242550_at",2.04775292567308,6.11133016940496,8.28141903931702,1.97193584630772e-13,6.63480568596151e-12,19.9623772287308
"244474_at",1.58376009174774,5.08211910643802,8.27854611422889,2.00244396902982e-13,6.73331020951448e-12,19.947240680441
"239545_at",2.74116841771154,5.84693853716529,8.27514937607835,2.03912060566066e-13,6.84821370482165e-12,19.9293461333282
"204184_s_at",-2.0937468757664,4.82112111378512,-8.27441926227882,2.0470908930531e-13,6.87076087033017e-12,19.925500036073
"214802_at",1.63585392848643,8.05421764996694,8.2689393758154,2.10790921981381e-13,7.07054825725891e-12,19.8966359609595
"204170_s_at",2.70920486024435,9.20248917573554,8.26801275821116,2.11836939829313e-13,7.09258094621414e-12,19.8917557165438
"1552610_a_at",-1.62765452623247,4.79644056044628,-8.26469251940859,2.1562757251738e-13,7.21066515436558e-12,19.8742701211321
"223467_at",-2.69699810566629,8.41021432020661,-8.26244960776534,2.18226343350599e-13,7.28865322094929e-12,19.8624591929795
"203016_s_at",2.20993993975056,5.32101213866942,8.26141846245179,2.19431517096966e-13,7.3244311338685e-12,19.8570295832826
"222608_s_at",3.3192663452302,5.97214022123141,8.2609164046323,2.20020701570177e-13,7.33961675311132e-12,19.8543860082617
"1554966_a_at",-2.2994072289819,4.73099078006612,-8.25792903647069,2.23559165272032e-13,7.44856633835974e-12,19.838656977144
"201337_s_at",-1.89129504443156,4.52826199298347,-8.25555269686055,2.26414242541594e-13,7.53909787512888e-12,19.8261462154162
"224435_at",-2.86465131773699,8.44573761982645,-8.25305550721393,2.29453590976829e-13,7.63100674370931e-12,19.8130002581742
"219689_at",-3.54161865565215,5.41899526909091,-8.25285241348585,2.29702554452201e-13,7.63464265329733e-12,19.8119311588937
"205941_s_at",3.59237676099604,6.48555605231405,8.24940361387989,2.33971526716771e-13,7.76708756723707e-12,19.7937775263907
"223307_at",3.0369166493371,6.63319717581818,8.24786313131105,2.35903757621781e-13,7.82647933736097e-12,19.785669467662
"203213_at",2.78313137599661,7.71529794638843,8.24658408318111,2.37520120680722e-13,7.87532601468676e-12,19.7789377342281
"226803_at",3.15607268925735,7.06680018415702,8.24496474861462,2.39582317048842e-13,7.93888677857299e-12,19.770415451111
"1556416_s_at",1.89664010794966,6.7234102402562,8.24446278635458,2.40225165150424e-13,7.95055139503598e-12,19.7677738008868
"1562235_s_at",3.00175955956957,8.22503101029752,8.2337543816335,2.54355093816624e-13,8.40801980315835e-12,19.7114296401218
"226552_at",1.87241707516799,5.74128293013223,8.23261870600798,2.5590127270502e-13,8.44891430262498e-12,19.7054552495357
"218677_at",3.32539936833824,6.26388055181818,8.22848793908504,2.61604381147809e-13,8.63199730793992e-12,19.6837266282218
"32502_at",-2.57871018398869,5.35434634144628,-8.22361461661644,2.68495375884873e-13,8.84336426295506e-12,19.658095847271
"210835_s_at",1.56006516923869,10.3669957240992,8.22322713422328,2.69050968371444e-13,8.85632853444231e-12,19.6560580980161
"202796_at",-2.27631003749264,6.91751274265289,-8.22018310221507,2.73455608705216e-13,8.99589976291077e-12,19.6400506089495
"238880_at",1.88422236593948,6.65041999821488,8.21477697218613,2.81455595631363e-13,9.25350853346047e-12,19.6116256797422
"201631_s_at",2.42571205933654,11.0068854096033,8.21171328800105,2.86092086839695e-13,9.40029137497616e-12,19.595519388959
"214030_at",-2.25962227944966,6.67638056341322,-8.21025060975952,2.88332365027286e-13,9.46252824601851e-12,19.5878304309311
"218031_s_at",-2.56022659644118,6.15735241285124,-8.20794764575708,2.91895047459609e-13,9.57370229145419e-12,19.5757250495852
"239433_at",2.55666703359389,5.29554186823141,8.20636113248132,2.94374808039415e-13,9.64346472711504e-12,19.567386188375
"204424_s_at",-3.41357263386143,4.23150794081818,-8.20316320984348,2.99437077106507e-13,9.80342646155586e-12,19.5505789583307
"207169_x_at",2.48050505061086,7.8036773712562,8.20283217047707,2.99966025960422e-13,9.81055170347929e-12,19.5488392273045
"225224_at",2.07638650286934,6.29386842661983,8.20280243795171,3.00013579299815e-13,9.81055170347929e-12,19.5486829731285
"235190_at",1.65522623135124,7.5876934778595,8.20150669767793,3.02093245289804e-13,9.86675518890086e-12,19.5418735844902
"242931_at",-2.51418717000226,3.79066600129752,-8.19528776668116,3.12275839953224e-13,1.01810861952549e-11,19.5091959206792
"200895_s_at",2.26706032679016,9.11190914430579,8.19425799186855,3.13994568322975e-13,1.02310208719062e-11,19.5037855815691
"236075_s_at",-2.55163020629016,5.20094451535537,-8.1891183271162,3.22714459517085e-13,1.04982840434739e-11,19.4767850837405
"240046_at",2.25919913976527,6.21500226486777,8.18908427281293,3.22773031130857e-13,1.04982840434739e-11,19.476606199947
"229765_at",1.89222986489763,5.94472571583471,8.18816366257318,3.24360443210426e-13,1.05359921477993e-11,19.4717704060613
"230435_at",-1.64778970528789,6.31854044572727,-8.18649514264801,3.27257284760429e-13,1.06188676820632e-11,19.4630063662705
"209163_at",2.35336124969796,6.98060070045455,8.18624522151598,3.27693400542227e-13,1.06267121439183e-11,19.4616936773801
"203554_x_at",2.94009672306674,7.30046014616529,8.18566360160449,3.28710573388113e-13,1.06470678909924e-11,19.4586388127059
"239710_at",-2.45240524795984,3.8201812288843,-8.18024554119313,3.38338107113919e-13,1.09394654089021e-11,19.430184221607
"203504_s_at",-2.47775013496663,4.35615171212397,-8.1772855120784,3.43715755726914e-13,1.10936593532285e-11,19.4146409419444
"220940_at",2.42098400950679,9.1113036408843,8.17686625538453,3.44484281127501e-13,1.11119044664579e-11,19.4124395280324
"1568629_s_at",1.62059841199718,7.21440287944628,8.17245258958046,3.52679202007358e-13,1.13695373642407e-11,19.3892663617674
"201531_at",-2.35914004380147,7.57384993201653,-8.17135665483572,3.54743896067453e-13,1.14293591735345e-11,19.3835128923918
"217506_at",-1.92099927155882,3.9434147441405,-8.1685818284364,3.60025432986728e-13,1.15926917247052e-11,19.3689464932231
"212636_at",-2.62462418905034,8.38970016607438,-8.16541030214465,3.66157825477071e-13,1.17762818282111e-11,19.3522993188513
"212111_at",-1.55389823213122,7.91268294423967,-8.15387735682475,3.89345916244679e-13,1.25073372330657e-11,19.2917787686296
"46323_at",2.10931160127942,8.46530128493388,8.15285483434039,3.91470916127588e-13,1.25628872360957e-11,19.2864141151704
"207075_at",-1.68649382449321,2.8288859495124,-8.14989889244359,3.97678989932863e-13,1.27450754833407e-11,19.2709068616159
"203261_at",-1.8384983935854,6.91191580755372,-8.14728079981983,4.03259177469924e-13,1.29163418442695e-11,19.2571733314617
"242828_at",-2.28647645379129,3.77809508436364,-8.14613655117061,4.0572239879027e-13,1.29876300666616e-11,19.2511714235441
"231955_s_at",-2.28769567006844,3.97613565434711,-8.14434345018208,4.09612517426574e-13,1.3104484722234e-11,19.2417665797636
"229899_s_at",2.19311951379468,5.15847035576033,8.14371057930742,4.10994359313768e-13,1.3141003857006e-11,19.2384473012468
"228325_at",-1.87694181480034,3.54015869933884,-8.14339240685491,4.11690822299714e-13,1.31555790235166e-11,19.2367785792027
"212764_at",-2.54376831626584,6.94459998155372,-8.14113324783525,4.16669855493343e-13,1.33069067459688e-11,19.2249304762374
"212097_at",-3.52098986506731,9.28527709142975,-8.13748546120335,4.24835976059845e-13,1.35518710566348e-11,19.2058017120588
"222668_at",2.43839250042986,6.2131122427686,8.1354287809747,4.29510090796474e-13,1.36850024558842e-11,19.1950176794525
"200973_s_at",-2.89453405691799,6.03412496042975,-8.13460038772459,4.31407147119821e-13,1.37374407505977e-11,19.1906742860773
"40665_at",-2.0638820135543,2.88454241273554,-8.12753004183821,4.4794115589202e-13,1.42390597083699e-11,19.1536084782517
"207196_s_at",-1.65259652625,9.45435978777686,-8.12519669672936,4.53534730391342e-13,1.44084900547046e-11,19.1413780839578
"234351_x_at",2.71372305134502,8.41716460542149,8.12291020322467,4.59083327224487e-13,1.45762955377461e-11,19.1293942346258
"226713_at",-2.53596901507353,5.47910296015703,-8.12192918154781,4.61484591693537e-13,1.46440336917261e-11,19.1242528497855
"210839_s_at",-3.26742661507353,4.43126375640496,-8.11776689721554,4.7181230574499e-13,1.49457345403287e-11,19.1024409209255
"203766_s_at",-2.21758695529864,4.64478454686777,-8.11728725615639,4.73017084215589e-13,1.49665561802589e-11,19.0999276269801
"243561_at",1.94441373066742,7.05286337157025,8.11674063652498,4.743938300061e-13,1.49754958710132e-11,19.0970634204933
"238513_at",2.42066850524265,6.08877865590083,8.11674008402778,4.74395223568265e-13,1.49754958710132e-11,19.097060525517
"1556060_a_at",1.87261015457862,7.05012623533058,8.11418404291279,4.80886064896773e-13,1.51541473188652e-11,19.083667976919
"230424_at",2.07894011371097,5.63338992292562,8.11232458610389,4.85663381720853e-13,1.5287072766602e-11,19.0739259855555
"226444_at",2.10756298975905,5.28989707116529,8.11164666750925,4.87416798626347e-13,1.53246195887841e-11,19.0703744204578
"218876_at",-2.27645891025962,3.85401594977686,-8.1101670470495,4.91265676548599e-13,1.5436753370859e-11,19.062623093728
"242343_x_at",1.98202814564141,8.70670773702479,8.10921857668846,4.93748766808412e-13,1.55058666428776e-11,19.0576545298177
"237594_at",2.42652497043552,5.90641719540496,8.10774650359677,4.97627371809975e-13,1.56187006622907e-11,19.0499434013796
"242310_at",2.19690875929865,7.07581221522314,8.10763694137591,4.9791725316401e-13,1.56188329413323e-11,19.0493695000105
"217200_x_at",1.58125871078054,7.66656776045455,8.10719407131451,4.99090716631768e-13,1.56466656719277e-11,19.0470497108308
"203813_s_at",-2.09840712831334,5.49950805540496,-8.10697779177597,4.99664786463195e-13,1.5655686074427e-11,19.0459168343175
"1559156_at",1.75064320033824,5.32456206816529,8.10640616272068,5.01185220306085e-13,1.56943309966983e-11,19.0429226716717
"217599_s_at",-2.47444617541459,3.94572979030579,-8.10321058174638,5.09770000241256e-13,1.59448940292853e-11,19.0261855030941
"225524_at",-2.71811228940327,6.9825124558595,-8.10192545201497,5.1326350390054e-13,1.60449868929457e-11,19.0194550438941
"226656_at",-1.84815102191798,7.43907846990909,-8.10001522238228,5.18500297980116e-13,1.6190179207346e-11,19.0094513886555
"244625_at",1.99539426888631,6.30232260995041,8.09989636059328,5.18827900602424e-13,1.61911617953411e-11,19.008828945381
"203329_at",-1.84010830012048,6.01351940605785,-8.09803877846767,5.23974512302789e-13,1.63424452140074e-11,18.9991016901145
"232046_at",2.16836466689763,5.40663885620661,8.09622761420155,5.29041363756704e-13,1.64910698765096e-11,18.9896181202621
"221860_at",1.68992051798813,7.12920533247107,8.09423740338242,5.34665276646319e-13,1.6656879772443e-11,18.9791977355098
"223466_x_at",-1.70859403735351,7.18885179747107,-8.09150175863986,5.42492710887957e-13,1.68911098905461e-11,18.964875597302
"202026_at",-1.95560245732522,9.26806715433884,-8.09069376279169,5.44826320029557e-13,1.69541144266454e-11,18.9606456993664
"227466_at",-1.67928015123246,7.71974584842975,-8.09017515583065,5.4632938579047e-13,1.69912168191661e-11,18.9579308306378
"213235_at",2.17087823715102,7.75255661504959,8.08859299100016,5.509404458352e-13,1.71248828175324e-11,18.9496486260376
"229754_at",-1.67180269085803,4.46861998704959,-8.08753219051777,5.54053680036697e-13,1.72118664522764e-11,18.9440958844472
"1554690_a_at",-2.5868844217121,5.12524817346281,-8.08735394459723,5.54578508581457e-13,1.72183872553612e-11,18.9431628799213
"218124_at",-2.39490469870871,7.5733960315124,-8.08712149841968,5.55263667058943e-13,1.7229875707405e-11,18.94194618029
"217419_x_at",1.96123073675226,5.35959008738017,8.08458094444007,5.62807269510676e-13,1.74441538891702e-11,18.928648744975
"228105_at",1.71321597032466,7.08897323801653,8.08254223267249,5.68934350888345e-13,1.76170069963061e-11,18.9179788599077
"217437_s_at",-2.45556910384446,4.60546747467769,-8.08149836742733,5.72097164674134e-13,1.76919753837999e-11,18.912515945486
"235144_at",3.28768274236199,6.79597348470248,8.07850985793641,5.81249014824577e-13,1.79648331744114e-11,18.8968771524325
"222746_s_at",2.51044805393948,6.65225676376033,8.06473105692315,6.25362164051898e-13,1.92629162363592e-11,18.8247947589291
"213068_at",-4.39948304237557,6.71591739192562,-8.06345915522613,6.29598164620222e-13,1.93824772807492e-11,18.8181427394278
"204955_at",-3.51333320299604,6.69557465841322,-8.06329908289736,6.30133292958312e-13,1.93880347734922e-11,18.8173055861291
"223494_at",1.70135205321493,7.12588517994215,8.06250505535963,6.32794448422301e-13,1.94589631425699e-11,18.8131530176394
"205116_at",-2.29508256218383,5.22153930104959,-8.06059217016065,6.39251364156692e-13,1.96464689911564e-11,18.8031495888317
"228724_at",-1.9670246634655,2.9503303022562,-8.05846764800454,6.46499416871543e-13,1.98580649536245e-11,18.7920402169141
"214110_s_at",-2.63915786537613,5.30233061915702,-8.057245345718,6.50706388189015e-13,1.9976065005185e-11,18.7856490445063
"226380_at",-2.19166074871324,4.13119448661983,-8.05676672444814,6.52361128625291e-13,2.00156255373669e-11,18.7831465074783
"202589_at",2.86307581629977,7.42483616041322,8.05464788227932,6.59736988342673e-13,2.01852936976137e-11,18.7720683722653
"202481_at",-2.60181170361538,6.63809890945455,-8.0528304789438,6.66129498009053e-13,2.03694800355956e-11,18.7625669561094
"210827_s_at",2.41017875947568,7.03588836695041,8.05233120359794,6.67896393614966e-13,2.04120935276122e-11,18.7599568458037
"241428_x_at",-1.9441737619819,5.1638056338595,-8.0520336239034,6.68951718615327e-13,2.0432924701281e-11,18.7584011820118
"230461_s_at",1.5791396665379,5.88813131628926,8.04958529325765,6.77697515351759e-13,2.06654275805117e-11,18.7456026301988
"201688_s_at",3.00358855027602,6.00137682813223,8.04486898524148,6.94866344283923e-13,2.11653578683696e-11,18.7209515325127
"203897_at",-1.71772411266459,8.48256872619008,-8.0442898890606,6.97004006218566e-13,2.12186492427618e-11,18.7179250172479
"230449_x_at",-1.79125811265724,5.80003738445455,-8.04349473094159,6.99949884143965e-13,2.1296471850624e-11,18.7137694073531
"219625_s_at",-1.59634297566742,7.40158399266116,-8.04318841760305,7.01088002552384e-13,2.13192361176594e-11,18.7121686022922
"238807_at",1.8096431580543,5.19296644238843,8.04247202933758,7.03756953557632e-13,2.13884999642932e-11,18.7084248001248
"202489_s_at",3.24332043488292,9.62071018252066,8.03863046482789,7.18242112645462e-13,2.17803036654967e-11,18.6883506866265
"209431_s_at",1.57441339676131,7.69057582376859,8.03835589762511,7.19288678080219e-13,2.17999492649867e-11,18.6869160424474
"203954_x_at",3.2264999753207,8.2781818172562,8.03758382598622,7.22239704880767e-13,2.18772608666792e-11,18.6828819595522
"219643_at",-2.67417493631222,3.07305143016529,-8.03721263950489,7.23662739836296e-13,2.19082282948779e-11,18.6809425466687
"1555728_a_at",-2.3074572858371,3.00113443840496,-8.03526645740063,7.3116963086237e-13,2.2123242704704e-11,18.6707743682288
"243598_at",1.79157482388688,6.08885360721488,8.03391163507647,7.36441135907816e-13,2.22704198593805e-11,18.6636962837348
"209894_at",-2.96062259016516,7.12269954936364,-8.0326164492558,7.41515900982786e-13,2.24114880520917e-11,18.6569300910487
"1554565_x_at",1.91402015667478,5.11392749824793,8.03110285719266,7.47490463880485e-13,2.25795807252296e-11,18.6490233280311
"214439_x_at",-2.56588387554921,5.21196104319835,-8.02748527974974,7.61964509241703e-13,2.29913959949173e-11,18.6301274641226
"209821_at",-2.32126449849321,3.49324014219008,-8.0264228351366,7.66268043812843e-13,2.31084971293255e-11,18.6245784246923
"208156_x_at",2.94129845702489,6.01570007564463,8.02302509306317,7.80193697255899e-13,2.35154853348767e-11,18.6068338242498
"213933_at",-3.30214448496945,5.09863194335537,-8.02272431358199,7.81438490553945e-13,2.35400272567697e-11,18.6052631200734
"227727_at",-2.38364090885237,4.92765049390909,-8.01872054926841,7.98197475674999e-13,2.4031633800953e-11,18.5843566758502
"229558_at",1.50123052036199,6.0857877268595,8.01791625264944,8.01606933511942e-13,2.41210011501186e-11,18.5801572558008
"241336_at",1.67650306048529,4.81631489495041,8.017270272364,8.04355753995828e-13,2.41904020075478e-11,18.5767845327107
"223484_at",4.14066071445588,8.12427333653719,8.01136385095044,8.29927460453777e-13,2.49046563668004e-11,18.5459503003832
"211981_at",-2.70710676689083,5.57163469228926,-8.00982922012051,8.36702765070323e-13,2.50680846821815e-11,18.537939928393
"213545_x_at",-1.51302944499321,8.7899588074876,-8.00981877795919,8.36749054320644e-13,2.50680846821815e-11,18.5378854246031
"224414_s_at",-1.77027690516007,5.49330732464463,-8.00545217647615,8.56330532057643e-13,2.56126213568116e-11,18.5150954143464
"218145_at",2.55987811131957,6.70939563657025,8.00485685419358,8.59035208854365e-13,2.56794696796678e-11,18.5119886164445
"203571_s_at",-3.68145494738179,7.89803542745455,-8.0030496838322,8.67297666264202e-13,2.58981430382279e-11,18.502557990412
"230097_at",1.98074442509106,7.42656805402479,8.00199312158951,8.72164836404545e-13,2.60292644270843e-11,18.4970446687302
"203878_s_at",3.40477775787557,6.46381035369421,7.99907480686814,8.8574981704007e-13,2.64202789125291e-11,18.4818175349389
"231281_at",1.95175007041006,5.81336328077686,7.99799168189182,8.9084516205054e-13,2.65433020354841e-11,18.4761664458174
"219787_s_at",2.08184974540837,7.4041156606281,7.99772319691209,8.92112693236266e-13,2.65665912324035e-11,18.4747656894325
"228160_at",-1.94764593145418,4.84966813390909,-7.99578162333709,9.01332444451653e-13,2.68265385957508e-11,18.4646364106879
"239148_at",2.022499001181,5.08360311353719,7.99534860752509,9.03401537509223e-13,2.68734924174738e-11,18.462377447603
"1567044_s_at",1.68606784814989,5.77771908941322,7.98994560387378,9.29619106279459e-13,2.7623328606429e-11,18.4341940618041
"235501_at",2.71310287638009,5.69307468165289,7.98910579453004,9.33761525262878e-13,2.7716292830482e-11,18.4298139240932
"201292_at",3.08293729600622,6.52059255350413,7.98800228975706,9.39232531429468e-13,2.78635586847022e-11,18.424058657674
"227517_s_at",2.36744786236878,8.2331331713719,7.98534388310178,9.52543616669584e-13,2.82431248597665e-11,18.4101948688906
"209558_s_at",1.86459050685803,7.10218549644628,7.97671561146305,9.97051505984415e-13,2.9482850778636e-11,18.3652073511873
"220948_s_at",1.90182831551019,10.1052928124463,7.9761050551972,1.00027813745575e-12,2.95622741434557e-11,18.3620244862636
"201380_at",-1.97706427879073,6.49593677080992,-7.96214899931601,1.07692750791509e-12,3.1776045059502e-11,18.2892908347001
"228967_at",-1.73231147210124,4.78777846918182,-7.95955825175239,1.09178542432421e-12,3.21797132479385e-11,18.2757930880344
"209604_s_at",3.71923319443043,10.9478181344628,7.95929731552802,1.09329313186155e-12,3.22067898623546e-11,18.274433689007
"1561167_at",2.01486137254582,7.27478024569421,7.95652922948988,1.10941522425458e-12,3.26465432648649e-11,18.2600136285371
"234725_s_at",1.88588778229242,6.85506293609917,7.95418947669843,1.12322660067231e-12,3.30174270923433e-11,18.2478261143855
"208988_at",1.50171151998077,9.81423945184298,7.95195061881063,1.13660226563131e-12,3.33747201253447e-11,18.2361651709603
"213519_s_at",-2.94665614768043,4.65271806568595,-7.95158881931255,1.13877857356996e-12,3.34206755286838e-11,18.2342808558972
"1556007_s_at",2.06592797219513,6.79464652134711,7.95133270243618,1.14032167771666e-12,3.34480084383897e-11,18.2329469701825
"208848_at",-2.490976748625,6.22936035926446,-7.95004579145394,1.14810681022544e-12,3.36583055491023e-11,18.2262447899034
"239657_x_at",2.25949064305769,6.18324202344628,7.94203531175268,1.19776702825793e-12,3.50202739411777e-11,18.1845339711332
"232356_at",1.57220942075283,5.64393640222314,7.94166290036146,1.20012695516693e-12,3.5070519120124e-11,18.1825951254817
"238130_at",1.83400546315384,5.5000681331157,7.93773837920022,1.22527869792564e-12,3.57863850475878e-11,18.1621649993525
"232529_at",1.71550220215158,6.23232663371901,7.93033233914756,1.27417783405819e-12,3.71550256411369e-11,18.1236193329469
"238356_at",-1.84980540616403,3.32931308710744,-7.92341580918147,1.32159331955718e-12,3.85171187349621e-11,18.0876313526613
"228108_at",-2.29851522964084,4.28065209395041,-7.92233235765465,1.32917791064253e-12,3.8696912813834e-11,18.0819948290175
"228697_at",-2.37031474869117,4.30574879775207,-7.92175873687928,1.33321097122664e-12,3.87936720871827e-11,18.0790107333218
"201088_at",1.67330028232466,10.4527101802397,7.91699748505998,1.36715932419371e-12,3.96969920606962e-11,18.0542442700611
"218946_at",-1.66963285040328,8.25405915423967,-7.91686225625902,1.36813595922102e-12,3.97042641031898e-11,18.0535409213983
"209090_s_at",-2.01447707170136,7.39869789105785,-7.9124486763834,1.40039444495299e-12,4.06188680518857e-11,18.0305871545077
"229483_at",1.69958576637161,6.65081090745455,7.91193339951202,1.40420946390263e-12,4.07079281224158e-11,18.027907604416
"226931_at",-2.46020433601131,4.26488316465289,-7.90983105385847,1.41988212419551e-12,4.11186732735114e-11,18.0169755154674
"240399_at",1.7310207934638,5.88510056484298,7.90905732910894,1.42569375204019e-12,4.12651169363669e-11,18.0129524127294
"235538_at",2.53954866996324,5.05346147524793,7.90869340258373,1.42843545263476e-12,4.13225970226484e-11,18.0110601619718
"32811_at",-2.04614217527715,6.4923352996281,-7.90733998360635,1.43867768425216e-12,4.15748955531115e-11,18.0040232413081
"205774_at",2.90128632001188,6.15720504971901,7.90665986889481,1.44385207105788e-12,4.17023835103485e-11,18.0004872166417
"202528_at",2.14091719095758,6.56650700809917,7.90022409044588,1.49374032811189e-12,4.30750276579734e-11,17.9670312437399
"57516_at",1.69491505178337,6.29163070755372,7.89618716046654,1.5259032493358e-12,4.39329963967536e-11,17.9460498404601
"241745_at",-1.65519747660634,3.81492484872727,-7.89592672226339,1.528001663683e-12,4.39702584009833e-11,17.9446963621171
"236728_at",-1.59303038723756,3.50899661475207,-7.8953179343666,1.53291800267293e-12,4.40885280358456e-11,17.9415325899405
"216211_at",1.72489744147907,4.82392279621488,7.89194500882494,1.56044245082297e-12,4.48565672969222e-11,17.9240054159823
"230270_at",1.56597443498926,7.44883628390083,7.89076651382388,1.57017469774346e-12,4.51126125061081e-11,17.917881997621
"229796_at",2.24712929665498,6.65292074907438,7.89006145723059,1.57602599023112e-12,4.52569438108646e-11,17.9142186845934
"202780_at",-2.59603688320475,6.23183393410744,-7.8881006260021,1.59241310536755e-12,4.57035099926355e-11,17.9040311894284
"243149_at",1.9945274879457,6.22111963656198,7.88799189062015,1.59332676742005e-12,4.57057402983691e-11,17.9034662780312
"204641_at",2.36452646199717,5.95082230850413,7.88687953973801,1.60270338385097e-12,4.59506069806249e-11,17.8976874365878
"35666_at",2.41346239470588,9.57013638552893,7.88127331302665,1.65080192979629e-12,4.72552856081739e-11,17.8685660587258
"209603_at",4.43903140416743,9.01806266728099,7.8793046143378,1.66803020715348e-12,4.77234702125152e-11,17.8583412462441
"208621_s_at",1.87650962921267,4.73402280542149,7.87496054028121,1.70667986481973e-12,4.88037246909094e-11,17.8357822948463
"200844_s_at",-1.77804389403338,10.8587012440248,-7.87389125559361,1.71632899168329e-12,4.89771856055762e-11,17.8302300537212
"204257_at",-1.88957500934333,7.25544547466116,-7.87179910881732,1.73536529568752e-12,4.94429898601956e-11,17.8193673032403
"209183_s_at",-3.40569818262161,7.10052868872727,-7.86873874807992,1.76358957979228e-12,5.01948257548896e-11,17.8034790662424
"203298_s_at",1.52091549675509,6.72599047547107,7.86777663590443,1.77255651843221e-12,5.04237916988975e-11,17.79848454378
"212549_at",-1.62032177793213,7.19466380179339,-7.86424177319814,1.80589209548525e-12,5.13453719816203e-11,17.7801359905408
"216894_x_at",-2.48762241268043,6.10956809575207,-7.86359416955862,1.81206645804812e-12,5.14941442795121e-11,17.7767747293006
"235476_at",2.43768114605769,5.03847256909917,7.86330065033468,1.81487181908747e-12,5.15470736148609e-11,17.7752513032927
"227196_at",2.75653859590045,7.57671267500826,7.86058805969589,1.84100282717472e-12,5.22621129676936e-11,17.7611732385947
"229665_at",1.76165381183767,6.29619739177686,7.85694411947822,1.87669466247908e-12,5.32476806803548e-11,17.7422639732916
"224707_at",-1.89304121249604,8.37852798566942,-7.85657532891709,1.88034497536996e-12,5.32959365102915e-11,17.7403503860407
"239091_at",2.13174776012727,5.84560897158678,7.85624799819941,1.88359082138717e-12,5.3360273657691e-11,17.7386519501101
"225001_at",1.95679136055996,7.11603729619835,7.85609758572435,1.88508419243843e-12,5.33749239883849e-11,17.7378715054733
"235803_at",2.74742892371776,6.53490432812397,7.85459949380129,1.90002232270504e-12,5.37700416635082e-11,17.7300986188239
"221524_s_at",-2.47953507445022,6.76408828890909,-7.85154876687694,1.93080681792858e-12,5.46129657373229e-11,17.7142712937558
"230561_s_at",-1.61520700165328,4.2269104431405,-7.84947169249193,1.95204918441594e-12,5.51852580961436e-11,17.7034964383197
"229413_s_at",1.99213961253846,5.84179636095868,7.84918386144001,1.95501109859821e-12,5.5240429878996e-11,17.7020033813679
"237031_at",-1.69042386158258,3.33522326404132,-7.84841573402339,1.96293734659944e-12,5.54357435048163e-11,17.6980189829388
"203215_s_at",2.20052185184672,8.93147557619835,7.8482472560889,1.96468011982943e-12,5.54563167535746e-11,17.697145077726
"223301_s_at",-1.8290457015492,5.46738944653719,-7.84750238587698,1.97240365305056e-12,5.56455984161711e-11,17.6932814620885
"65718_at",-1.69301966088461,4.10513845152066,-7.84650708797161,1.98277093707573e-12,5.59092320704568e-11,17.6881190678565
"203543_s_at",-2.59254388414989,5.39627082487603,-7.84617017127401,1.98629259312902e-12,5.59796636749118e-11,17.6863716010012
"205107_s_at",2.07653424800509,6.7709920021157,7.84558181088302,1.9924573891226e-12,5.61244759146205e-11,17.6833200422513
"218984_at",1.66834944032127,6.7585341912562,7.83713137378531,2.08312515985065e-12,5.86482328088744e-11,17.6394994550504
"211569_s_at",-2.77845628759219,7.4702396498843,-7.83695632110742,2.08504603881064e-12,5.86721009634439e-11,17.6385918602545
"236655_at",2.61462142266403,6.14670207147107,7.83679517282207,2.08681589745276e-12,5.86916971158588e-11,17.6377563611877
"226584_s_at",1.91001675048926,5.60273740673554,7.83669347735526,2.08793356555194e-12,5.8692939689744e-11,17.637229107578
"209529_at",2.51108241378903,6.09327514049587,7.83170231971398,2.14352473185792e-12,6.01937415071041e-11,17.6113544622452
"236313_at",-3.07839600960973,4.96552798080165,-7.82997206438153,2.16313721821351e-12,6.06821587510639e-11,17.6023858745953
"236565_s_at",-3.50177343792534,5.87173666908264,-7.82776481645378,2.18841523605458e-12,6.13597964262995e-11,17.5909457642473
"239392_s_at",2.04756570097568,6.3888179337686,7.82749941372691,2.19147438662904e-12,6.14140759041223e-11,17.5895702578013
"212520_s_at",1.79234248451018,8.10229454128099,7.82466981589255,2.22435470684126e-12,6.23035827851156e-11,17.5749061854348
"225412_at",1.65000753592025,6.53158736098347,7.82276087520855,2.24681306995361e-12,6.28682213918698e-11,17.5650142703895
"36936_at",1.95705251849435,8.69701863093388,7.81849760923397,2.29778576317596e-12,6.41631443317905e-11,17.5429252901257
"212647_at",-2.18546250753224,7.0247691561157,-7.81430124491515,2.34907946574851e-12,6.55285305049999e-11,17.5211867027879
"241965_at",1.7490020294621,5.99889539507438,7.81379812559705,2.35530509680207e-12,6.56686925893183e-11,17.5185806252001
"219956_at",3.39850281485973,5.98218578806612,7.80926328894419,2.41216384684265e-12,6.71170780285609e-11,17.4950933229852
"202283_at",-2.86766980886764,8.79966129952066,-7.80312970870347,2.49124166218629e-12,6.91765555510592e-11,17.4633326008685
"228058_at",4.03354274329525,7.65331379404132,7.79996223077443,2.53308099078606e-12,7.03026412036689e-11,17.4469340016171
"226235_at",-1.57889276269627,3.76826426181818,-7.79792598391568,2.56034544959424e-12,7.09622545719534e-11,17.436393119171
"35671_at",1.56173548283088,7.23476197423967,7.79789658175711,2.56074125780455e-12,7.09622545719534e-11,17.436240921769
"229127_at",-1.91587757328167,4.24999240256198,-7.79388402688279,2.61533152251983e-12,7.24016460727959e-11,17.4154720580625
"205382_s_at",-4.55058696390724,10.1662788676198,-7.79024088857268,2.66589578092323e-12,7.37267839261394e-11,17.3966182699214
"239587_at",-1.95299453781335,3.86328059581818,-7.78574747810125,2.72959967197044e-12,7.53741727600929e-11,17.3733681175603
"217943_s_at",-1.54932704302828,6.82201062580992,-7.78563929947787,2.73115182395395e-12,7.5378963137144e-11,17.3728084248165
"204865_at",-2.93103580918043,3.32042000317355,-7.78438688022939,2.74918551009801e-12,7.58384045230114e-11,17.3663288623336
"229638_at",2.71535316279977,10.4813919613058,7.77988995200707,2.81491676589524e-12,7.76124932805457e-11,17.3430661700793
"230925_at",-2.4664757052681,8.06658461821488,-7.772682101114,2.92354242088114e-12,8.0388618338051e-11,17.3057889195665
"221009_s_at",-2.57660376339027,6.15294856253719,-7.76905773220042,2.97972532123271e-12,8.18264600393765e-11,17.2870488074233
"202982_s_at",-2.79933922255543,6.74772043457851,-7.76870204712686,2.98529636417001e-12,8.18971794836905e-11,17.2852098602688
"218451_at",2.46985260074322,5.28463031469421,7.76796123555408,2.99693280071158e-12,8.21751759673549e-11,17.2813798371791
"208396_s_at",-1.60979742462217,3.76207695883471,-7.76605313625894,3.02711236968148e-12,8.29195234530737e-11,17.2715154412324
"217781_s_at",-2.23469736714423,6.55206154865289,-7.76475327949271,3.04784419178185e-12,8.34456090063458e-11,17.2647959590273
"240890_at",-1.92162426331222,4.77395944832231,-7.76350533857655,3.0678805797925e-12,8.3952137487565e-11,17.2583451956345
"225240_s_at",2.09616917320532,8.54512892304959,7.76271809919853,3.08058734449027e-12,8.42576853726891e-11,17.2542760302661
"215599_at",2.09153671985973,6.96227542772727,7.75982861304607,3.12767567381354e-12,8.55028337328777e-11,17.2393417054165
"222214_at",1.65036859651188,5.94062153328926,7.75715935166099,3.17180964786194e-12,8.6622723524901e-11,17.2255472265395
"202181_at",1.61502749999944,8.70174591044628,7.75475933005438,3.21201943628417e-12,8.76333147099985e-11,17.2131454764195
"238066_at",-3.39062520057749,5.84454260778512,-7.75362618851296,3.23117944305044e-12,8.81120878048792e-11,17.2072905743501
"201072_s_at",1.58433278630373,7.23753358336364,7.75160329454086,3.26566649950181e-12,8.89988244390912e-11,17.1968390491792
"202912_at",-3.11609194396833,8.51314613509917,-7.75152825925165,3.26695273249668e-12,8.89988244390912e-11,17.1964513874982
"201920_at",1.68004221125339,7.59896962371901,7.74664931250183,3.35167450050054e-12,9.11107622234165e-11,17.1712474776813
"218324_s_at",1.5878275838586,6.84033141695041,7.74658479064984,3.35280939357136e-12,9.11107622234165e-11,17.1709142022902
"201865_x_at",-1.77825438068665,8.35228965334711,-7.74307609536842,3.4151025721146e-12,9.26653762433578e-11,17.1527920738873
"203476_at",2.42620316239084,9.4728549718843,7.74284505491138,3.41924452935168e-12,9.27317433741583e-11,17.1515988631303
"225975_at",-2.88659248971097,6.75587268449587,-7.74214701539648,3.43178888326517e-12,9.30258092179094e-11,17.1479939020986
"202309_at",-1.60923662740215,7.30215077342149,-7.74185800406031,3.43699602020496e-12,9.31207915781496e-11,17.1465013608237
"242645_at",1.80300661558711,5.43466071800826,7.74015170138487,3.46789879914983e-12,9.386503309085e-11,17.1376898748952
"235152_at",1.5432452183371,5.71895745867769,7.73977637714287,3.4747331958396e-12,9.39569918311226e-11,17.1357517556169
"208829_at",1.84754357970872,8.2663893988843,7.73900954100249,3.48873834113319e-12,9.42424747042771e-11,17.1317920224513
"200067_x_at",-1.50394188813745,10.829361550157,-7.73780632506249,3.5108263310365e-12,9.47923109379854e-11,17.1255792028412
"224911_s_at",-1.78818209911142,4.23408862592562,-7.73633237375403,3.53807357042747e-12,9.54808353717285e-11,17.1179688711872
"235094_at",1.97634515150226,7.68426658831405,7.73330197589058,3.5947541091682e-12,9.69625954211996e-11,17.1023237667394
"238712_at",2.44446072499265,6.61430120409091,7.72949666605168,3.66720651029759e-12,9.88681045120912e-11,17.0826808680308
"243768_at",1.69967656992534,8.81467603519008,7.72847936650229,3.68682000606865e-12,9.92989575526126e-11,17.0774301376726
"205407_at",-2.56292215775905,5.63567880128926,-7.7196492464912,3.86149740738056e-12,1.03850157771044e-10,17.0318636008358
"202113_s_at",-1.85675750952941,6.37201682853719,-7.71920540857274,3.8704909997736e-12,1.04040853201879e-10,17.0295736953945
"203917_at",3.30756519951188,8.2052886324876,7.71429256854762,3.97144030261601e-12,1.06701964887238e-10,17.004229656398
"232216_at",1.67324114192421,5.17447697864463,7.70489778822911,4.17181606627004e-12,1.11701294526599e-10,16.9557793946239
"202931_x_at",-2.27294209122964,4.84421273320661,-7.7017592176941,4.24096753978371e-12,1.13497259049278e-10,16.9395977025004
"208930_s_at",1.60922795038914,8.56833595182645,7.69720178339007,4.34341033477195e-12,1.16125163840419e-10,16.9161046127198
"225816_at",-1.77161438542873,4.84659786929752,-7.69218792093327,4.45895135787406e-12,1.19039631587776e-10,16.8902640472505
"230599_at",1.8931266581448,8.00578025198347,7.69155054161851,4.47385614646354e-12,1.19379250760319e-10,16.8869795094694
"202202_s_at",-2.62527191268495,7.21470779093388,-7.69028089859288,4.50369358237884e-12,1.20116803227592e-10,16.8804370668492
"221655_x_at",1.74155824178846,5.29942155933884,7.68872403108447,4.54055062702582e-12,1.21040763302114e-10,16.8724150560207
"1557996_at",1.97429946701188,7.93850937204132,7.68847985391708,4.54635833029182e-12,1.21136521300539e-10,16.8711569431157
"201426_s_at",-2.27738335479354,11.4553214176446,-7.68745821895894,4.57073775386705e-12,1.21726783581433e-10,16.8658931556997
"239784_at",2.33025370471324,6.88023409476033,7.68617614605174,4.60151566881903e-12,1.22427186955076e-10,16.8592878408046
"223269_at",-1.82421561291968,7.72819336743802,-7.68556333236161,4.61629965600786e-12,1.22701110205265e-10,16.8561307190634
"225331_at",-1.89876446515102,7.23275418242149,-7.68236173539679,4.6943071981298e-12,1.24713919367224e-10,16.8396379567356
"224151_s_at",-1.70948869235633,6.18698939344628,-7.67871176453141,4.78483612284094e-12,1.27057268099237e-10,16.8208382460992
"200979_at",-1.86411402233993,5.32788996102479,-7.67810610079319,4.80002486383028e-12,1.27398718169864e-10,16.8177189763422
"208622_s_at",1.94493130478055,6.37292702677686,7.67354830298552,4.91586969450942e-12,1.30410080323776e-10,16.7942482070193
"241838_at",2.16663514998133,5.23756145991736,7.6724301988852,4.94470953892191e-12,1.31111539301918e-10,16.7884911505306
"235173_at",-2.00468508711878,4.08100181297521,-7.67113963504474,4.97820650252043e-12,1.31935744316677e-10,16.7818464594592
"218168_s_at",-1.96911544018043,8.06644951720661,-7.67014397604037,5.00420289990431e-12,1.32446101050782e-10,16.7767203941741
"205880_at",-1.59761256092534,3.66479058929752,-7.67003131154135,5.00715301091847e-12,1.32446101050782e-10,16.7761403647469
"237107_at",1.73413721088688,4.72670748449587,7.66984365852602,5.0120705216054e-12,1.32512067586448e-10,16.7751742791208
"204092_s_at",2.23498293626584,4.77613441136364,7.66954427712055,5.01992583545542e-12,1.32655604182467e-10,16.773633003709
"227801_at",2.04309664297681,4.94073622089256,7.66651871975874,5.10000062489428e-12,1.3470653824449e-10,16.758057966847
"235847_at",1.85882336516686,6.04085023427273,7.66236362715597,5.21203902981685e-12,1.3746658656789e-10,16.7366716606239
"222039_at",2.38024738064027,5.12856079409917,7.65861801793209,5.315127219963e-12,1.3998293870495e-10,16.717396326745
"209179_s_at",1.50289155022681,6.92250123842149,7.65747916554272,5.34687039212172e-12,1.40751150067046e-10,16.7115362938149
"214033_at",-2.77190509685011,5.65442428780992,-7.65687137464225,5.36388822155429e-12,1.41131178302926e-10,16.7084089901449
"206363_at",-2.69985919981788,5.45607537184298,-7.65548279710156,5.4029695760505e-12,1.42091083006523e-10,16.7012645725166
"205392_s_at",-2.39017032098303,5.39615502549587,-7.65361531107872,5.45597557893789e-12,1.43416088835783e-10,16.6916567984563
"1565598_at",1.88703112517704,5.12481862703306,7.64746502402902,5.63421728687387e-12,1.48030192292085e-10,16.6600206444647
"228623_at",1.96349058763405,6.89385994219835,7.64377005617234,5.74406690048336e-12,1.5084383178863e-10,16.6410184361038
"1558154_at",1.92681118147681,5.58045859321488,7.63776239635667,5.92722519607129e-12,1.55355243334227e-10,16.610129354092
"242646_at",1.51110296608994,7.83535044840496,7.63650924227686,5.96615491542463e-12,1.56266850670655e-10,16.6036871590741
"201563_at",2.74184242396097,7.59646975385124,7.63645897705034,5.96772170462417e-12,1.56266850670655e-10,16.6034287638931
"203453_at",4.13460966434502,7.47474708472727,7.62727344507872,6.26100050935184e-12,1.63711240004214e-10,16.5562190418353
"227874_at",-2.10959257549095,3.95327367757025,-7.61958695046725,6.51737364926121e-12,1.70170680168747e-10,16.5167286659767
"240221_at",1.66396874393778,6.81221611755372,7.61773041278217,6.5808414296268e-12,1.71745825854341e-10,16.5071925051745
"227884_at",1.76634659566459,4.63639910786777,7.61428236476617,6.7003479065025e-12,1.74614643368934e-10,16.4894836199891
"201261_x_at",2.21701277479412,8.81306168985124,7.61222948396495,6.77251890684092e-12,1.76411372668665e-10,16.4789415040521
"201968_s_at",-2.58176037143043,7.89626609220661,-7.61151921732224,6.79766814678995e-12,1.76982145678924e-10,16.475294314023
"221989_at",1.79534131227715,7.1015651432562,7.61120116180209,6.80895991993384e-12,1.77191758030644e-10,16.4736611499137
"213800_at",-3.16254636894174,6.23313263299174,-7.60954028226167,6.86822830558022e-12,1.78649087824738e-10,16.4651331809351
"202338_at",2.37142702839197,6.01536374530578,7.60930089986921,6.87681274256166e-12,1.78787321302691e-10,16.4639040984445
"225947_at",1.80061564731562,6.82726747301653,7.60895947797444,6.8890748137322e-12,1.78935945577581e-10,16.4621511283979
"1569868_s_at",2.37274740686199,5.9689972311157,7.60635368583548,6.98337834708862e-12,1.81299245549416e-10,16.4487730434181
"218834_s_at",2.27588145672794,6.92980971217355,7.60136424890985,7.16753357812741e-12,1.85795324744807e-10,16.4231617785563
"217979_at",1.73051627239592,12.2451285234298,7.60101262330626,7.18069196316518e-12,1.85980262001921e-10,16.4213570686952
"203429_s_at",1.5406640776052,8.70419650961157,7.60030081019907,7.20740253016249e-12,1.86583680557118e-10,16.4177037933938
"209602_s_at",3.81523914653281,9.13032414619008,7.59922349648682,7.24801596885675e-12,1.87457555864353e-10,16.4121748649535
"203845_at",-2.32228593224095,5.83983944254545,-7.59889024897637,7.26062491330101e-12,1.87694878077888e-10,16.4104646457296
"226032_at",1.54164353865385,7.51855436390083,7.59820529680105,7.28660951956639e-12,1.88200561520591e-10,16.4069495668547
"219105_x_at",2.23227797161482,6.85944516642149,7.59801210964463,7.29395500433713e-12,1.88200561520591e-10,16.4059581771364
"241455_at",1.81011781113066,4.56766566019835,7.59700899409353,7.3322143529793e-12,1.89098499881671e-10,16.4008105709261
"225786_at",2.05348849800736,7.59899293964463,7.5964174508724,7.35486935804582e-12,1.89593343777065e-10,16.3977751068961
"201691_s_at",2.30925796146154,5.41163217926446,7.59550777198509,7.38984392858278e-12,1.90405144578352e-10,16.3931073105778
"219825_at",-2.0107933654638,3.28417067743802,-7.59537063004154,7.39513093788964e-12,1.90451617536089e-10,16.392403616753
"201644_at",1.65665364059615,8.2202353527686,7.58978853193247,7.61354272325695e-12,1.95984203575364e-10,16.3637648478062
"231235_at",1.67577438835464,4.84091113753719,7.58279820390656,7.89609777990284e-12,2.03066390459167e-10,16.3279114884742
"225418_at",1.88303733367534,6.86075628732231,7.58047691518675,7.99220761825798e-12,2.05152089919369e-10,16.3160081448417
"236924_at",1.8202929169259,4.90718180732231,7.57971672425669,8.02393382093203e-12,2.05869817766053e-10,16.3121102345549
"228180_at",1.62172548308088,6.18105423334711,7.57559890375745,8.19797252420902e-12,2.10039431940548e-10,16.290998302153
"201013_s_at",1.6296230837647,8.79489342071074,7.5752008578839,8.21499299796308e-12,2.10376928413879e-10,16.2889577453463
"213008_at",1.82467366244231,5.35616916784298,7.57254594695059,8.32941717358669e-12,2.13007897084122e-10,16.2753484682817
"46665_at",1.78237538429582,9.79865861210744,7.56857323448936,8.50359617925695e-12,2.17258935093866e-10,16.2549871437334
"208022_s_at",-2.04457314575,5.85506867757851,-7.56783162959383,8.53650884536493e-12,2.1799795475027e-10,16.2511866122582
"221814_at",-1.60962148983993,4.49114113533058,-7.56586138513806,8.62456392260187e-12,2.2014380600759e-10,16.2410902549797
"226112_at",-1.85325038466177,7.35510489473554,-7.56441077900807,8.68997032514905e-12,2.21709812192032e-10,16.2336573285341
"228854_at",-3.9185965057845,5.84038210802479,-7.55606874179802,9.07576682671258e-12,2.31013757565415e-10,16.190922283003
"230175_s_at",-2.03085408610124,4.32531008780165,-7.55581979303724,9.08753736145098e-12,2.3120572602947e-10,16.1896472082149
"235753_at",-1.88029054517534,4.3441316687438,-7.55372279698769,9.18728810568772e-12,2.33634873106268e-10,16.1789073219594
"227629_at",3.22053258521606,7.8914760027438,7.53880164993394,9.92911244957238e-12,2.5203074428058e-10,16.1025180310205
"222366_at",1.84768743128281,5.04599883555372,7.53067191280152,1.03579834996026e-11,2.62672888608891e-10,16.0609199648885
"213791_at",-1.89262293748246,2.85356511806612,-7.5297942212879,1.04053693882919e-11,2.63752235190013e-10,16.0564299590727
"203961_at",3.14963706358598,7.97660119571074,7.52552382606696,1.06390099636257e-11,2.69549522595566e-10,16.034586541039
"212494_at",-1.68817792587217,5.25076270912397,-7.52514467950516,1.0660003449832e-11,2.69956317100308e-10,16.0326473874361
"225590_at",1.88803255120419,6.29805090042975,7.52475094470382,1.06818481733671e-11,2.70384281888355e-10,16.0306336585458
"238577_s_at",-2.26671630287783,4.09285285472727,-7.52194264302878,1.08389477297523e-11,2.73980336164683e-10,16.0162718793606
"230229_at",1.72798059682692,6.35657835838843,7.52114102599371,1.0884209940036e-11,2.74960320362756e-10,16.0121727226512
"236816_at",1.57795117508258,5.92104838614876,7.51866276687372,1.10253302303873e-11,2.78048860860898e-10,15.9995008518199
"215714_s_at",2.17196672864593,5.22924751275207,7.51761143171388,1.10857434589239e-11,2.79186100237985e-10,15.9941255967949
"212230_at",-2.76903048413971,6.4401360803719,-7.51430459761045,1.1277913364449e-11,2.83894987661716e-10,15.9772201900836
"210946_at",-2.29586528827206,8.67029751333058,-7.51319909568629,1.13428912209145e-11,2.85267974932612e-10,15.9715691621392
"226425_at",-2.8559420823914,6.17349920212397,-7.51034237640324,1.15125241429614e-11,2.89002413919382e-10,15.9569677510839
"219053_s_at",1.50526139793609,8.89067607943802,7.50886223188874,1.16014024887654e-11,2.91099899528798e-10,15.9494031365223
"205771_s_at",-1.92765430920588,6.23893435542975,-7.50684504059528,1.17236253066532e-11,2.93896934269263e-10,15.9390946765952
"238070_at",1.66011577302941,4.8238993543719,7.50649394907574,1.17450282194297e-11,2.94091588034587e-10,15.9373005930599
"231311_at",3.01079781496776,6.32160463545455,7.50625177612379,1.17598139150602e-11,2.94264451169755e-10,15.936063102636
"213764_s_at",-3.31608279644287,6.21360858716529,-7.50434298501036,1.18770016568025e-11,2.97060871722633e-10,15.9263097830491
"223895_s_at",3.27795258260803,6.72785058289256,7.5023112555015,1.20030093975011e-11,2.99938089034905e-10,15.9159292581509
"218755_at",2.31397912667251,5.28909219180165,7.50210740344362,1.20157252277606e-11,3.00118673745002e-10,15.9148877912701
"228400_at",2.96896893244853,6.87527507908264,7.50075850165072,1.21002039406038e-11,3.02090707969185e-10,15.9079965942179
"201896_s_at",1.8638583709259,5.68310658305785,7.49982298666518,1.21591387476606e-11,3.0342351028222e-10,15.9032175450656
"226143_at",1.50809226346155,8.9858471842314,7.49479374188981,1.24808787671692e-11,3.11026456971274e-10,15.8775294521388
"242498_x_at",1.58017385355656,5.42085538083471,7.49409195250029,1.25264409645463e-11,3.12019662750146e-10,15.8739453813169
"241762_at",2.92930112530374,8.09072977745454,7.49335586303542,1.25744072302537e-11,3.13071819359799e-10,15.8701862673447
"227641_at",3.05436892838462,6.64873660330579,7.48878143972454,1.28766024102124e-11,3.20304020372322e-10,15.8468282387905
"203276_at",1.64140004551414,5.49976240352893,7.48670523184386,1.30161258750165e-11,3.2362741346818e-10,15.8362283419729
"212977_at",-2.50479368691007,8.71625923453719,-7.48640800630559,1.30362220280938e-11,3.23979745175466e-10,15.8347109692835
"202705_at",2.41835114886312,6.62615062775207,7.48489355742351,1.31390963488381e-11,3.26388047647761e-10,15.8269798580072
"212281_s_at",2.77703809187161,7.32542324650413,7.48449609539687,1.31662284490918e-11,3.26913506109942e-10,15.8249509466964
"240176_at",2.2652444200526,5.84059332931405,7.4838710742219,1.32090069067446e-11,3.27826805549824e-10,15.8217604998526
"201861_s_at",1.68419579048925,9.75203028747107,7.48166009387489,1.33614424256614e-11,3.31309235656707e-10,15.8104752249414
"233011_at",-3.32270033410407,4.06678768908264,-7.48010257232482,1.34698711953845e-11,3.33544025184623e-10,15.8025260497229
"235456_at",3.56450520969061,7.25092663967769,7.47117903671886,1.4108122810277e-11,3.48727792120823e-10,15.7569941700307
"244535_at",1.94262994298586,6.2779229286281,7.47117297299333,1.41085665509147e-11,3.48727792120823e-10,15.7569632368341
"209822_s_at",-3.24365740846606,5.3680382951157,-7.46655842321684,1.44503007825842e-11,3.56369055159131e-10,15.7334254188172
"229691_at",2.00308270923925,5.50239953985124,7.4663336457583,1.44671548536378e-11,3.56623846538615e-10,15.7322790116577
"229327_s_at",-2.20233386327659,3.79046964284298,-7.46275709947402,1.47379654023614e-11,3.62972188456806e-10,15.7140396312273
"202942_at",-2.12277903415271,8.15655844827273,-7.46248560383381,1.47587266736458e-11,3.63319847312735e-10,15.712655208646
"229222_at",-3.06332822742647,5.60282653132231,-7.46200030792931,1.47959095093591e-11,3.64071265717465e-10,15.7101806116197
"228323_at",2.18522146471663,5.191019311,7.46119182640053,1.48580608131847e-11,3.65436111093509e-10,15.706058171449
"219025_at",-2.22894360371154,6.69150982209917,-7.46070642498812,1.48954998884741e-11,3.66027620854977e-10,15.7035831914765
"229504_at",-1.70728802358371,4.63105156217355,-7.45729756582384,1.51610733826915e-11,3.72218988414304e-10,15.6862036332605
"220602_s_at",1.69862136967365,5.45419801880165,7.45393023291221,1.54280192411115e-11,3.78432908033993e-10,15.6690386121316
"202447_at",-1.6306322271776,8.93473062682645,-7.45269648731616,1.55269865492298e-11,3.80689681425623e-10,15.6627502814587
"222396_at",1.87981452000735,8.49509903589256,7.45171908869358,1.56058370534918e-11,3.82108885311091e-10,15.6577688043872
"218196_at",-1.69230875251527,6.50475404749587,-7.44915940555682,1.58142225536917e-11,3.86864706095344e-10,15.6447240696209
"204825_at",2.85454870767817,6.8145282571405,7.44715526397148,1.59793043866759e-11,3.90728294875449e-10,15.6345116373305
"225720_at",-2.83688070877206,5.31721879480992,-7.44222120348688,1.63930402726918e-11,4.00486808270521e-10,15.6093735753061
"204798_at",3.70698900839254,6.87424207743802,7.43735134131394,1.6811802226605e-11,4.09984516833019e-10,15.5845685316437
"33132_at",1.68439253087387,7.66841928364463,7.43563561036252,1.6961850800148e-11,4.13459292241683e-10,15.575830723008
"202935_s_at",2.90819616854355,6.29002375443802,7.43498886828532,1.70187552358964e-11,4.14661516275685e-10,15.5725372104192
"228638_at",-1.62184909927149,6.77292557443802,-7.42998793673005,1.74652049096417e-11,4.25264919004839e-10,15.5470736590642
"230790_x_at",-1.66217507572738,5.9920153077438,-7.42994042367905,1.74695017482372e-11,4.25264919004839e-10,15.5468317639103
"238718_at",-2.39236809407523,3.37942967973554,-7.42849033093108,1.76011459665974e-11,4.28088369983859e-10,15.5394494237919
"202157_s_at",-2.57074003111255,7.65007924371901,-7.41702641246309,1.86770872513037e-11,4.52646163769959e-10,15.4811058134263
"206702_at",-1.60230176428789,4.72428049098347,-7.41566578092802,1.88090402093641e-11,4.55642123813461e-10,15.4741833075486
"208451_s_at",4.35852599545249,8.958813374,7.41447962171378,1.89248265936532e-11,4.58041121738818e-10,15.4681488471338
"213661_at",-1.77051738405486,3.77668398157025,-7.41274397852292,1.90955249026271e-11,4.61968063739441e-10,15.4593195829256
"35776_at",-2.39244271833371,7.41597767381818,-7.41214856916724,1.91544335014487e-11,4.63188258156439e-10,15.4562908940656
"231991_at",-1.6525126799836,3.99134683863636,-7.41024320377573,1.93441596471121e-11,4.675693760857e-10,15.446599407939
"225485_at",1.8924232498948,5.47487567268595,7.40456329213639,1.99208573873792e-11,4.81296013104269e-10,15.4177144331325
"230408_at",1.65602676914197,6.19096016728099,7.40062466164346,2.03307305710193e-11,4.90764986300433e-10,15.3976894629274
"200878_at",-2.04590894909615,9.40316303208265,-7.40020199684643,2.03752086904107e-11,4.91621595387558e-10,15.3955407638779
"229599_at",3.27656278988575,6.43193238136364,7.39917260101047,2.04839385701844e-11,4.94027058370019e-10,15.3903078182968
"217152_at",1.61736944905996,6.89600567469421,7.39829799146904,2.05767708726539e-11,4.96047154965764e-10,15.3858619414863
"218440_at",-1.52142828545361,6.69108685634711,-7.39808156794001,2.05998066553455e-11,4.96383617840907e-10,15.3847618320706
"232510_s_at",1.54127725389536,6.91806538157851,7.39715870189183,2.06983222826986e-11,4.98537784496277e-10,15.3800709151246
"221748_s_at",-2.69720787410577,9.64946169671901,-7.39232839335845,2.12216242471378e-11,5.10467358430381e-10,15.3555220389526
"213413_at",-2.21853471091403,4.738828837,-7.39195244729128,2.12628988916944e-11,5.11235266888035e-10,15.3536116322691
"231838_at",1.84377720096833,5.19150257879339,7.39094485597852,2.13739138445022e-11,5.13452873219754e-10,15.3484916355884
"228879_at",1.6561818917353,8.31482327843802,7.38896774932405,2.15934207095895e-11,5.18270534370854e-10,15.3384458721179
"235112_at",2.1644559940215,5.29825406777686,7.3887650964362,2.16160459478676e-11,5.18358470263008e-10,15.3374162402801
"1556277_a_at",2.05481938615724,5.92822226321488,7.38647340661961,2.18735431494451e-11,5.24073607228708e-10,15.3257734283874
"1560926_at",2.03414371237557,5.83048079080992,7.3844599627328,2.21022835154867e-11,5.29322098646183e-10,15.3155453338002
"201012_at",-3.26747677027207,9.1030029816281,-7.38210303870267,2.23730586239773e-11,5.35337846943527e-10,15.3035737064208
"204482_at",-1.57770700706618,6.69935150091736,-7.379499860431,2.26759464686797e-11,5.42347932272556e-10,15.290352915449
"209758_s_at",-3.08647291284276,5.55588539321488,-7.37894151372929,2.2741439214245e-11,5.43438893810684e-10,15.2875174589741
"201702_s_at",1.91187732565102,6.27831467736364,7.37556334164227,2.31417079320305e-11,5.52279738622335e-10,15.270363759268
"209172_s_at",1.95833019267704,5.02382803417355,7.37289413815355,2.3462904085582e-11,5.59700820627922e-10,15.2568121272912
"201549_x_at",1.96831469407805,7.84731424603306,7.36875039920078,2.39703106821311e-11,5.71057401544887e-10,15.2357778448996
"226796_at",-1.88545433042421,3.48298911492562,-7.3686479519115,2.39829922726369e-11,5.71110671823354e-10,15.2352578617888
"232778_at",1.91118648764366,6.57448320012397,7.36774494878278,2.40950598240131e-11,5.73529558501487e-10,15.2306746809738
"225898_at",2.0760315247862,6.34545496931405,7.36748720794519,2.41271419392926e-11,5.73967278829876e-10,15.2293665590157
"237001_at",1.73401687524774,5.57053193975207,7.36742858510786,2.41344448839485e-11,5.73967278829876e-10,15.2290690306596
"232238_at",2.23849127992817,5.57016912829752,7.35870914395718,2.5245423698197e-11,5.99085738150573e-10,15.1848250984056
"213703_at",2.42789839826697,5.99886940606612,7.35689913407154,2.54823191800937e-11,6.04445033046258e-10,15.1756432500427
"214428_x_at",3.56495070720419,10.0010963889256,7.34965985042707,2.64520272277906e-11,6.25817649796388e-10,15.1389281348721
"235938_at",1.91746793799039,4.67985920012397,7.34834832329018,2.66315791113951e-11,6.29793074357927e-10,15.1322779753263
"221588_x_at",-2.03618531690498,6.10726772119008,-7.34731855365368,2.67734034687502e-11,6.32599755684493e-10,15.1270567919182
"228434_at",-3.22384894488858,6.1094754498843,-7.34485827942509,2.71152802029744e-11,6.40400840214957e-10,15.114583711444
"213627_at",1.86555109295984,7.47900683387603,7.34224172838888,2.74836201420667e-11,6.48539892648897e-10,15.1013200591627
"225016_at",-2.38718758742873,4.9670000314876,-7.33903105529388,2.79423766458263e-11,6.59080864154681e-10,15.0850471456203
"212646_at",-2.38381877113857,7.39964792142149,-7.33838306323596,2.80358809508551e-11,6.60716289218967e-10,15.0817631994239
"214012_at",-2.38383794707127,3.8074452916281,-7.3355881422819,2.84427491576143e-11,6.70016075050653e-10,15.0676001234746
"208131_s_at",-2.91511208867251,6.43429405133884,-7.33500020863849,2.85290789999116e-11,6.71760290404894e-10,15.0646210671404
"215559_at",-2.68625941258371,3.65513707799174,-7.33450113392185,2.86025648430777e-11,6.73200702882166e-10,15.0620923289546
"227384_s_at",2.34498427358484,9.80359298975207,7.33041933300469,2.92106683992952e-11,6.86626523960216e-10,15.0414128751499
"200770_s_at",-2.00456370137783,7.14997449699174,-7.32507628292586,3.00260675707274e-11,7.05186960665601e-10,15.0143501645134
"235605_at",1.55175427719174,5.40734676798347,7.32487765569487,3.00568108087086e-11,7.05605895648838e-10,15.013344255052
"227891_s_at",1.54653350731278,6.13248939340496,7.32151300994176,3.05823498069412e-11,7.17019715134868e-10,14.9963062175668
"203717_at",-1.65200605048869,4.03922493254545,-7.32115851699531,3.06382469828097e-11,7.1802235481574e-10,14.9945112931325
"230550_at",-2.03527442533201,4.12689297996694,-7.31615001240653,3.14389012868812e-11,7.3458202045309e-10,14.9691549564778
"216840_s_at",-2.86254828265894,4.39733944210744,-7.31028220923736,3.24033229980812e-11,7.55501784614111e-10,14.9394566420028
"230285_at",2.35742290605882,5.7423105181157,7.30851743646488,3.26990696955939e-11,7.62072308442709e-10,14.9305264836159
"240499_at",1.77226665897398,4.90508802315702,7.30806770790801,3.27748633426313e-11,7.63513273650775e-10,14.9282508838503
"229657_at",-1.98324353097172,6.58516533643802,-7.30721135645048,3.29196675100871e-11,7.6655997492079e-10,14.9239179432694
"210135_s_at",-1.51562287531787,3.02432856228926,-7.30704490808456,3.2947886463546e-11,7.66890460789432e-10,14.923075775346
"207233_s_at",-1.66883365308993,5.54035035533884,-7.30423989141909,3.34270579562516e-11,7.77381707255659e-10,14.9088845112042
"213182_x_at",-2.80819544133711,5.80336071358678,-7.30318925628882,3.36083060887559e-11,7.81264513351501e-10,14.9035696242459
"238412_at",1.51590573581391,5.69898099618182,7.30189510190318,3.383290315462e-11,7.86151287708819e-10,14.897023236682
"226659_at",1.86675476711199,5.6506296373719,7.30164339306513,3.38767589674073e-11,7.86835937358962e-10,14.8957500367136
"243618_s_at",2.0519790890509,8.44969614764463,7.29869323613796,3.43949888761956e-11,7.98533340469637e-10,14.8808287229401
"242551_at",2.10583550080486,7.24786990338843,7.29642631954068,3.4798528490348e-11,8.07559229715525e-10,14.8693646632269
"212556_at",1.62760679233427,7.01690769277686,7.29213170922475,3.55759250329499e-11,8.24550106475853e-10,14.8476500403476
"219450_at",-1.68938106411142,3.06078763377686,-7.2918032206639,3.56360903845472e-11,8.25594593972507e-10,14.8459893206952
"201639_s_at",1.63469760971211,8.34108896296694,7.28965976925836,3.60311631699583e-11,8.33687620108959e-10,14.8351535041846
"231106_at",1.59912301086369,5.1221446003719,7.28802608425163,3.63351886056155e-11,8.40366513118454e-10,14.8268955323131
"213348_at",-3.13505535913575,6.41157028910744,-7.28769360485503,3.63973728470765e-11,8.414487781877e-10,14.8252149977229
"219583_s_at",-1.79836999365781,3.87304451487603,-7.28587564700323,3.67392576751358e-11,8.48993623579058e-10,14.8160265518405
"213006_at",-1.63208702997794,2.86142942592562,-7.28575136696847,3.67627455837088e-11,8.49177488292894e-10,14.815398439231
"205713_s_at",3.43359244952376,6.36960735352893,7.27565969470789,3.87204738466179e-11,8.9251345175541e-10,14.7644086979347
"240843_at",1.54809152875113,5.51495068297521,7.27144207744426,3.95689478312505e-11,9.10918830599419e-10,14.7431065532342
"225941_at",-2.27864219479921,5.48700825475207,-7.27067655646758,3.97249133846259e-11,9.14124427316677e-10,14.7392406035929
"224596_at",1.75562533500226,9.12810171096694,7.26766006859977,4.03454353466055e-11,9.26843141838511e-10,14.7240085900369
"211202_s_at",1.8187535308586,7.88876509863636,7.26684100431199,4.05155761317597e-11,9.30360825285158e-10,14.7198730739159
"212599_at",2.13915739756504,8.20297927081818,7.26385614483632,4.11416441880277e-11,9.44340636431743e-10,14.7048038137866
"201707_at",-2.02229880294457,6.23651587138017,-7.26205844912277,4.15233206651764e-11,9.5270145084705e-10,14.6957291770378
"219134_at",-1.96124224956844,6.76314514624793,-7.25887660742591,4.22074876086276e-11,9.67181217519579e-10,14.6796695915746
"230792_at",1.57061552644287,4.11023994659504,7.25701422312446,4.26131096654687e-11,9.75236571061398e-10,14.670270909575
"208613_s_at",2.54271406467704,7.10040453296694,7.25693536980234,4.26303686298444e-11,9.75236571061398e-10,14.6698729900324
"227911_at",-1.52196343315328,2.99831017057025,-7.25671659614698,4.26782888159841e-11,9.75924483903777e-10,14.668768995647
"212653_s_at",-2.03659793271945,8.08414588454546,-7.2558075240722,4.28779840892848e-11,9.80081011739819e-10,14.6641816955757
"244383_at",1.77269156094174,6.21022293233058,7.25468372835565,4.31261271426542e-11,9.85340995204604e-10,14.6585111773634
"206167_s_at",-1.90441533627998,4.70522471704132,-7.25276030862252,4.35541382400599e-11,9.93459536201616e-10,14.6488066527694
"1559401_a_at",1.62429112660916,4.54135067609091,7.24909590357636,4.43812399836878e-11,1.01106012337839e-09,14.6303208167658
"222606_at",1.73341220016403,7.0917583543719,7.24863297429058,4.44868294884495e-11,1.01304348283256e-09,14.6279857325994
"213110_s_at",2.90192747959106,7.16282644290909,7.24576042207857,4.51476140488157e-11,1.02734912679681e-09,14.6134974404649
"222077_s_at",1.69331487441912,7.99029902043802,7.24441747055502,4.54598640563615e-11,1.03347944585512e-09,14.6067247573621
"209581_at",-3.31899320438348,7.03325635892562,-7.24182786487738,4.60680247907772e-11,1.04600052136036e-09,14.5936664030956
"218656_s_at",-2.61357813087047,7.0419934473719,-7.24148298655947,4.61496240211639e-11,1.04698369018968e-09,14.5919274549065
"202760_s_at",-2.35133483343552,7.65075863904959,-7.2409467317809,4.62767879060563e-11,1.04943317244448e-09,14.5892236105098
"213653_at",1.99422797678111,6.43593806153719,7.24085037120145,4.62996749649153e-11,1.04951688586515e-09,14.5887377600974
"218394_at",1.50632425428903,5.2093646785124,7.23410132369923,4.79308755077315e-11,1.0855926339624e-09,14.5547152716412
"201189_s_at",2.05612272500113,7.46998537145455,7.23313124314911,4.8169968957811e-11,1.09055612951069e-09,14.5498260295806
"204303_s_at",-1.98548339432353,6.02388996792562,-7.23134911407596,4.86122882008326e-11,1.09941704916597e-09,14.5408446961815
"216682_s_at",1.63372824263235,4.66871512260331,7.23131144314395,4.86216812964485e-11,1.09941704916597e-09,14.5406548565823
"218689_at",1.91356945596154,6.26050410971074,7.23066302537327,4.87836436886165e-11,1.10262328180038e-09,14.5373872681596
"215123_at",1.97668314352885,6.45379503697521,7.22784579404377,4.94935603659683e-11,1.11820678223526e-09,14.5231916436668
"204537_s_at",-2.23994397612953,3.23833517978512,-7.22768458407638,4.95344918623499e-11,1.11866928648244e-09,14.5223793948197
"221963_x_at",1.69676179060803,7.24272411432231,7.22633752853893,4.98778246003403e-11,1.12595791082725e-09,14.5155925941868
"226899_at",1.78857145316289,8.06103842331405,7.22588759137238,4.99930272020692e-11,1.12809276197818e-09,14.5133258085295
"222040_at",2.2842900924276,6.16437223242149,7.22388282317327,5.05095421074846e-11,1.13927772884766e-09,14.5032264440615
"230730_at",-1.50917189267703,3.52283631870248,-7.22246123034484,5.08790047546795e-11,1.14666512158372e-09,14.4960655868783
"204005_s_at",1.76337579622228,5.48644734447107,7.21690667293776,5.23484321827172e-11,1.17880993805192e-09,14.4680913973847
"1556818_at",1.76015098754129,5.98856109349587,7.2148662941995,5.28986918439576e-11,1.19071057083918e-09,14.457817629835
"202800_at",-2.5744093946793,5.38974524904132,-7.21330789572704,5.33228230922583e-11,1.19976351957581e-09,14.4499715055863
"223206_s_at",1.64176696829638,8.40783164,7.20695385352772,5.50872637871536e-11,1.23839548422691e-09,14.4179874396336
"213520_at",1.92841738704638,5.88901224342149,7.20593332819698,5.53759898923445e-11,1.24340133361969e-09,14.412851493187
"238444_at",1.8303588986052,6.26706257434711,7.20462470120414,5.57484191311276e-11,1.25124992446404e-09,14.4062660486302
"235167_at",2.04309497653111,6.80028857175207,7.19995574262978,5.70975065983913e-11,1.2804783319389e-09,14.3827741205549
"219874_at",2.26579708267138,5.82859433994215,7.19902238754212,5.73710498718327e-11,1.28608534306784e-09,14.3780786478421
"227420_at",1.68888832881787,5.57225872596694,7.19582747530111,5.831725953544e-11,1.30622538512912e-09,14.3620076627992
"235266_at",1.93269739818439,7.37331825250413,7.19528609203366,5.8479120355704e-11,1.30931445759546e-09,14.3592846847407
"210694_s_at",1.52985306966177,6.66842048566942,7.19158311702636,5.95982120127286e-11,1.3332783313404e-09,14.3406621080091
"241893_at",1.75138536952715,6.80215410682645,7.18984569775763,6.01305679193375e-11,1.34463754641709e-09,14.3319257773052
"229506_at",-1.61206147992364,3.63403222912397,-7.18633596941605,6.12203738559705e-11,1.36788881919705e-09,14.3142802115647
"225306_s_at",2.14949331055147,7.34949833944628,7.18589349279662,6.13591480990821e-11,1.3704295025806e-09,14.3120558498536
"1554168_a_at",-2.12262812199151,6.95010755001653,-7.18568245557503,6.14254455024079e-11,1.37135003382775e-09,14.3109949695961
"244766_at",1.61330497331052,4.77732539546281,7.18390229075911,6.19875146172153e-11,1.38333361701888e-09,14.3020466019758
"224764_at",-1.63678913516459,7.57106506579339,-7.18084409664902,6.29650214415126e-11,1.40342949340184e-09,14.2866759950833
"219296_at",1.7064466208914,6.22951500273554,7.18034383613286,6.31263684039763e-11,1.40645240117661e-09,14.2841619111586
"226280_at",-2.12834758647115,6.50579572960331,-7.17958219119042,6.33728049857789e-11,1.41021901204618e-09,14.2803343595679
"226066_at",-1.72500727689197,7.72261970226446,-7.17927869276253,6.34712696231818e-11,1.41183550311125e-09,14.2788092107342
"227713_at",-1.55856063765441,5.82442489913223,-7.17700344756331,6.42142722571722e-11,1.42662142854973e-09,14.2673763950161
"200696_s_at",-2.4182818068173,10.1547640821405,-7.17565825665645,6.46576008620752e-11,1.43588721654507e-09,14.2606176560428
"202768_at",-3.89808191275,6.05090405721488,-7.17518161461615,6.48154116491175e-11,1.43880740232054e-09,14.2582229493858
"235925_at",2.07011229780826,6.28986534461983,7.17411850664261,6.51687698026013e-11,1.44430583257285e-09,14.2528819941097
"227061_at",-3.51487913780939,5.85143126734711,-7.17277698628222,6.5617390296091e-11,1.45248211110881e-09,14.2461427673443
"207847_s_at",3.94528771038349,7.72503443397521,7.17139121833861,6.60840182320815e-11,1.46162770907729e-09,14.239181782786
"203755_at",2.59266176512726,5.2111322444876,7.17083677735375,6.62716332941262e-11,1.46518461397345e-09,14.2363968658073
"203064_s_at",1.50495662294683,6.72305579801653,7.16861903158325,6.70273752617224e-11,1.48069565350896e-09,14.2252581410872
"218502_s_at",2.19454633828789,9.76341510466116,7.16714842656758,6.75332122302752e-11,1.49071229021893e-09,14.217872715378
"201910_at",1.83858581138801,7.13343859517355,7.16714228331301,6.75353332029684e-11,1.49071229021893e-09,14.2178418650143
"207711_at",1.5143012021052,4.90158702718182,7.1654992714068,6.81049607089166e-11,1.50267906648911e-09,14.2095913189101
"233599_at",1.96678282204072,5.2140462566281,7.16458300031268,6.84246925504151e-11,1.50912467333358e-09,14.2049904988832
"218806_s_at",3.00349237968552,6.00568698781818,7.16204024448636,6.93197895536331e-11,1.52640334025167e-09,14.1922239251209
"209911_x_at",3.04928772997568,7.38613124104132,7.15931323533043,7.02926319243665e-11,1.54720195268307e-09,14.1785342568071
"232030_at",1.80268952225848,5.38430335457025,7.15816747733022,7.0705394689577e-11,1.55503517886268e-09,14.1727831343844
"206271_at",-1.76041414445306,4.05440624346281,-7.15708951951618,7.1095922555658e-11,1.56299540238464e-09,14.1673726681188
"1555920_at",2.0348171595741,5.96009002763636,7.15496298385071,7.18726064349171e-11,1.57943519165156e-09,14.1567001481581
"1557961_s_at",-1.77871254134276,4.4103395564876,-7.15437705026563,7.20880816039785e-11,1.58289793642471e-09,14.1537597239812
"210644_s_at",-2.28041598608767,4.70496341380992,-7.15371115063944,7.23337404904528e-11,1.58765446058431e-09,14.1504181178442
"1558290_a_at",2.18591571868609,6.0678569507438,7.15126359689307,7.32438164018722e-11,1.60634001675586e-09,14.1381369083332
"240498_at",1.83636621311256,4.45732507910744,7.15025913267657,7.36205793293541e-11,1.61395556328486e-09,14.1330972432708
"235165_at",3.28781337982014,7.53473385931405,7.14783845919569,7.45364472217038e-11,1.63141723452628e-09,14.1209532363031
"225810_at",-1.57232180476923,5.85503273560331,-7.14499286282694,7.56275168295048e-11,1.65265167172389e-09,14.1066795756615
"223681_s_at",2.17681795134163,7.77033146752893,7.14422100421879,7.59261818543245e-11,1.65851537869964e-09,14.1028082829677
"207761_s_at",-2.37343645248643,9.29325140279339,-7.14123645929283,7.70920555823805e-11,1.6819665359005e-09,14.0878407288323
"220954_s_at",1.781373458306,5.68058633704959,7.13994614345702,7.76015713310111e-11,1.69240762366296e-09,14.0813705411143
"202747_s_at",-2.50067339694513,6.04957103961157,-7.13740515681596,7.8614713485142e-11,1.71245396804786e-09,14.0686303275574
"1559496_at",1.61856726033993,7.69385249638017,7.13660140211794,7.89379041507988e-11,1.71880920328352e-09,14.0646007714819
"219607_s_at",-3.05653083734615,4.57267034200826,-7.13395516165201,8.00112818119851e-11,1.74010216112581e-09,14.0513353508955
"1552536_at",1.89261123590837,5.77861440073554,7.13261185757214,8.05616733568984e-11,1.75137554305703e-09,14.0446022132501
"1555372_at",1.95856905947964,4.86031345994215,7.12952934860624,8.18388760879823e-11,1.77710033818829e-09,14.029153454753
"226685_at",-1.98883029339819,7.55279716722314,-7.12831283189916,8.23484237449251e-11,1.7866666937515e-09,14.0230573153336
"205259_at",-2.12805543064932,3.58465925950413,-7.12631203560733,8.31933113279981e-11,1.80285148508058e-09,14.0130319451128
"229223_at",2.0921749802681,4.85195801895041,7.12140358652965,8.53025476141037e-11,1.84563387051884e-09,13.9884420085315
"231899_at",-1.97797152675339,4.78627841549587,-7.1172120721792,8.71455437153649e-11,1.88266990153024e-09,13.9674490958693
"58780_s_at",-2.05862375939367,7.90831547056198,-7.11661103210632,8.74130300881331e-11,1.88756217222302e-09,13.9644392349432
"202719_s_at",1.94843236879129,6.85288298070248,7.11564167269398,8.78461461828047e-11,1.89616582808719e-09,13.9595851366269
"204135_at",-2.28234862970135,6.13499798004959,-7.11353671360363,8.87939831663760e-11,1.91586859890356e-09,13.9490454022797
"220477_s_at",-1.9230392695871,5.27711305887603,-7.10576627529197,9.23813902748694e-11,1.99091545655439e-09,13.9101489375659
"222906_at",1.60979913834615,5.59879731047107,7.10425767179892,9.30943209763583e-11,2.00548936145878e-09,13.9025993110693
"204759_at",-1.55894227422341,6.8903758865124,-7.09952637530391,9.53657265264572e-11,2.05118847279073e-09,13.8789262981368
"218966_at",2.22483973686199,7.55796255956198,7.09884185734641,9.56988606552455e-11,2.05754432022239e-09,13.8755018442077
"229802_at",2.46155226672229,5.29367585489256,7.09796761093468,9.61260051193929e-11,2.06591561710016e-09,13.8711284253668
"220147_s_at",2.12049637534785,6.56748171640496,7.09700322692712,9.65993784653027e-11,2.07445837297346e-09,13.8663043456457
"232058_at",1.70336544517647,7.88297724765289,7.09105929704421,9.95683421706719e-11,2.13402552261132e-09,13.8365772397313
"221031_s_at",-2.03417930200226,6.39725681434711,-7.08813671118061,1.01061099847357e-10,2.16517070303849e-09,13.821964343309
"205286_at",2.97538193737274,7.5625252532562,7.08790969447216,1.01177974987328e-10,2.16597720533758e-09,13.8208293645094
"228273_at",2.60144698806391,7.70289090619835,7.08335915958174,1.03549146209491e-10,2.21327191907895e-09,13.7980818996935
"223605_at",-1.72074645036539,2.93741746238843,-7.08276199034768,1.0386437042212e-10,2.21914202924166e-09,13.795097177242
"235110_at",-1.97519405343495,6.2046747522314,-7.07959246007869,1.05553415298826e-10,2.25083189604654e-09,13.7792572009602
"203799_at",-2.73121523483484,6.79680551905785,-7.07934548912707,1.05686162069136e-10,2.25172223827937e-09,13.7780230652207
"209408_at",2.75340437026584,5.65811318912397,7.07934302830404,1.05687485591279e-10,2.25172223827937e-09,13.7780107683579
"230560_at",-1.82071679949491,3.04515694144628,-7.07928496408932,1.05718719445142e-10,2.25172223827937e-09,13.777720618911
"219534_x_at",-2.50527080300113,5.96350444252066,-7.07466586324917,1.08232911803589e-10,2.30168590154073e-09,13.7546418686226
"239487_at",1.55816058506618,5.46952790960331,7.07345359172421,1.08902499468113e-10,2.31502494495298e-09,13.7485859233711
"213947_s_at",1.82538068777771,6.47398343409917,7.07115314445442,1.10184421230292e-10,2.34045580060848e-09,13.7370951195549
"231040_at",-1.67087427541233,2.84573779878512,-7.06627641189858,1.12951561277088e-10,2.39644028437128e-09,13.7127407302983
"225972_at",-2.29549926252489,5.95404023961984,-7.06543120591148,1.1343808851726e-10,2.40582912710674e-09,13.7085204706356
"205752_s_at",-2.14656721821719,3.83514996512397,-7.06448839542936,1.13983247007925e-10,2.41645367590472e-09,13.7038130979223
"205207_at",-1.74532866643326,3.0677302566281,-7.06349856994686,1.14558380499293e-10,2.42676460821342e-09,13.698871259233
"219562_at",2.41310372267817,5.93266439738017,7.06299965927318,1.14849357734194e-10,2.43104476737013e-09,13.696380486833
"1553292_s_at",1.56922691372681,4.72232012946281,7.06265816720124,1.15048945967749e-10,2.43432705912796e-09,13.6946756558712
"206833_s_at",-1.77298256088405,6.20064650601653,-7.05743057801495,1.1814744812198e-10,2.49698945731321e-09,13.6685821656906
"244547_at",1.65808748966403,4.54676905443802,7.04877004660494,1.23463432060152e-10,2.60330240952133e-09,13.6253705607705
"203962_s_at",2.72930833047285,6.35796409658678,7.04557665283803,1.25482742404774e-10,2.64384159575377e-09,13.6094426541308
"1557289_s_at",2.12715895036595,4.92570390822314,7.04355240069177,1.26779644102135e-10,2.66910937284722e-09,13.5993476884669
"227059_at",-2.73669627967477,4.97426464454545,-7.04218702938855,1.27661893203432e-10,2.68664896493365e-09,13.5925392408951
"1555579_s_at",-2.02419323815158,8.3064441622562,-7.04185916447013,1.27874649419977e-10,2.69009098000664e-09,13.5909044175554
"1558253_x_at",2.31565323449322,5.89056994421488,7.04129687412278,1.28240344675749e-10,2.69674647890252e-09,13.5881007583057
"235199_at",-1.59697178021267,4.64905521790909,-7.04045819343475,1.28787718639979e-10,2.70721588490613e-09,13.5839191486605
"225575_at",-2.25892536871154,5.76153382719008,-7.0393079623166,1.29542190262198e-10,2.72202892105521e-09,13.5781845009561
"225093_at",-1.57855547798359,8.69477723236364,-7.03778289721733,1.30549273438685e-10,2.74108353504613e-09,13.5705816569809
"209348_s_at",-2.07188882891629,7.96058005166942,-7.03708761089264,1.31010975709505e-10,2.7497217262638e-09,13.567115699703
"235217_at",1.66094813814706,4.7666656325124,7.02936161687377,1.36251379870063e-10,2.85532548654491e-09,13.5286116096423
"225314_at",1.91290153774547,8.44199308347934,7.02843100681012,1.36896426782831e-10,2.86711787717703e-09,13.523974898138
"231406_at",1.69034204071946,5.52551233047107,7.02834243697008,1.36957975675614e-10,2.86711787717703e-09,13.5235336171627
"205542_at",-2.89945579315611,5.55686748067769,-7.02832310859238,1.36971410977346e-10,2.86711787717703e-09,13.523437317809
"207980_s_at",-2.02394070342817,4.08001678777686,-7.02708204763438,1.37836817140716e-10,2.88412857909247e-09,13.5172542356489
"209732_at",-2.06003212161086,7.12034010971074,-7.02562274258127,1.38861329394994e-10,2.90334347406169e-09,13.5099844173335
"207165_at",2.39556930671776,5.78044126534711,7.02274240030352,1.40905647766429e-10,2.94271057739859e-09,13.4956372491143
"209687_at",-3.33247947979355,8.56722964530579,-7.02196851101727,1.41459970573074e-10,2.95315917948944e-09,13.4917828715221
"230389_at",1.76792360493383,7.20610290285124,7.02050010222619,1.42517701932499e-10,2.97300406068151e-09,13.4844699023508
"219127_at",2.68434494263179,6.15615178417355,7.01802454026274,1.44318653249455e-10,3.00824337263207e-09,13.4721425409155
"243940_at",-1.6931111645526,3.88262881497521,-7.01216508543791,1.48671562128398e-10,3.09661625118864e-09,13.442971844614
"223471_at",1.55848209987274,6.21817502396694,7.01176776534395,1.48971383898299e-10,3.10167951814147e-09,13.4409941925651
"217716_s_at",1.8442008913603,8.80835554955372,7.00977048297944,1.5048763798124e-10,3.13205618828485e-09,13.4310534671035
"227074_at",1.64693523728903,7.40443672143802,7.00862657431126,1.51362911336042e-10,3.14907426837827e-09,13.4253606187342
"236251_at",1.57071240009898,7.39807969178512,7.00781046454101,1.51990442246819e-10,3.15972525849613e-09,13.4212993506993
"218750_at",1.55744858581505,6.91176004836364,7.00722492388162,1.52442266762186e-10,3.16780889701928e-09,13.4183856018633
"228469_at",-1.80072944099774,4.90243250631405,-7.0071564859213,1.52495162632917e-10,3.16780889701928e-09,13.4180450496528
"212070_at",2.32889174443382,8.07247887280165,7.003742347744,1.55157132037212e-10,3.2176552892042e-09,13.4010578053862
"219978_s_at",2.35765274416459,4.97858978891736,7.00209750115753,1.56455958498933e-10,3.23901156036696e-09,13.3928750023918
"226765_at",-2.36773728945871,6.73091583202479,-6.99851594194235,1.59321400336525e-10,3.29459060642945e-09,13.3750601816996
"201664_at",1.59599039540725,8.25935852167769,6.99507786347201,1.62120862409337e-10,3.35121291199641e-09,13.3579626075728
"244881_at",1.53445896558201,5.35447314489256,6.9932477832059,1.6363079534772e-10,3.37986918611128e-09,13.3488630398621
"205303_at",-2.29895907139083,4.67362681713223,-6.99169591778798,1.64922076235714e-10,3.40396924053895e-09,13.3411475958077
"203147_s_at",1.99930928708994,6.82100397668595,6.98752674001376,1.68441304697562e-10,3.47398277417548e-09,13.3204231372129
"201307_at",-1.75997027517364,7.64216457641322,-6.98629066881514,1.6949888306846e-10,3.4931592279563e-09,13.3142797739797
"201693_s_at",-2.23232629938744,5.17649140883471,-6.98441494652786,1.71116302587572e-10,3.52250897740042e-09,13.3049581653779
"200911_s_at",-2.09877557202941,8.3334845807438,-6.98400648084396,1.71470538135096e-10,3.52847259034112e-09,13.3029283887662
"36545_s_at",2.40677104885464,6.9536532228843,6.98212752157207,1.73109401367968e-10,3.55951730718076e-09,13.2935919701148
"201279_s_at",-1.93496853750792,4.69739470568595,-6.98080441815958,1.74272723178075e-10,3.58074450949314e-09,13.2870181908099
"238884_at",1.68602324744062,7.22888786280165,6.97958930893098,1.75347902196972e-10,3.60148255169777e-09,13.2809814346086
"202976_s_at",-3.11925244944626,6.07557358893388,-6.97906544012697,1.75813464627462e-10,3.60968876399043e-09,13.2783789496544
"224888_at",1.54985215068382,5.35428872280165,6.97300445635196,1.81289577848994e-10,3.71793235892488e-09,13.2482750306475
"241769_at",1.63341752035746,6.74352839281818,6.97270921040369,1.81560599850008e-10,3.72209441199819e-09,13.2468088719556
"229553_at",1.90550967832523,6.0194416701157,6.96884937991997,1.85140824881538e-10,3.79264690910382e-09,13.2276437755618
"229513_at",1.88864348563631,6.8759118976281,6.96413099696428,1.8961237151627e-10,3.87698444751386e-09,13.2042217847814
"1557948_at",1.50883571217421,5.17877844341322,6.96335924525708,1.90353844919338e-10,3.89069026951955e-09,13.2003914534814
"236616_at",1.80845746070928,5.07168834956198,6.96156593947205,1.92087885219048e-10,3.92319952347832e-09,13.191491669337
"243286_at",1.57461241053337,5.94435867528099,6.96039599894113,1.93227572369834e-10,3.94500280781205e-09,13.1856860299749
"201349_at",2.23139879331278,8.9858533407438,6.9544618140306,1.99112097223302e-10,4.05908050547504e-09,13.1562449272032
"1552790_a_at",-2.01810174954412,6.17994933329752,-6.95189370887103,2.01713331959541e-10,4.10904486769296e-09,13.1435071391654
"227334_at",1.6028607280707,5.74387106299174,6.95050452137621,2.03134417858155e-10,4.13337338905642e-09,13.1366176030918
"228698_at",-1.92854743779298,5.26735612124793,-6.94763863580885,2.06097464703507e-10,4.18898843221719e-09,13.1224063660559
"204822_at",2.20250068894118,4.94257985144628,6.94710415055596,2.06654780495332e-10,4.19875515554898e-09,13.1197562559272
"229396_at",1.78310634831165,5.40045147887603,6.94667066378705,2.07107877956251e-10,4.20639792988783e-09,13.1176069844801
"226726_at",2.05738616381787,6.45617943786777,6.94544783561519,2.08391327357184e-10,4.22775355222784e-09,13.1115443833354
"201911_s_at",1.94733683111708,7.75962131660331,6.94158513842073,2.12497400931396e-10,4.30785887872602e-09,13.0923966640789
"239804_at",1.56830291832353,5.01861003306612,6.93839781335683,2.15945714152597e-10,4.37128171836107e-09,13.0766002135932
"205193_at",-1.69478067106844,6.03496032904959,-6.93747101635532,2.16958743924879e-10,4.3901625921883e-09,13.0720075640907
"218305_at",1.55212916528337,6.59087614808264,6.93333342909148,2.21538929558697e-10,4.47952698728616e-09,13.0515073346863
"203860_at",-2.10711282243439,6.4036881736281,-6.93303064075006,2.21877837127063e-10,4.48472116263296e-09,13.050007332818
"220192_x_at",3.6202298515017,7.97230815440496,6.93184559208004,2.23209185463127e-10,4.50829782607922e-09,13.0441369140078
"228155_at",-2.19674430627884,10.2928876402975,-6.92229136730446,2.34235492880272e-10,4.72054020391775e-09,12.9968233608857
"241391_at",1.62434020301697,4.66599201076033,6.92158817158025,2.35067991940893e-10,4.73382779350583e-09,12.9933421549564
"224932_at",-1.76185343173755,7.03250628738843,-6.92113996741086,2.35600137624246e-10,4.74279732128338e-09,12.9911233760541
"205117_at",-1.86532757861029,4.05578981145455,-6.91964420409324,2.37384668769948e-10,4.77344860794296e-09,12.9837192283327
"225656_at",2.03765737710464,6.09608033175207,6.91777659435338,2.39631605432345e-10,4.81508931533019e-09,12.9744753669579
"238295_at",1.81851854062896,7.42702385150413,6.91739151799876,2.40097502260048e-10,4.82267852170027e-09,12.9725695374145
"214705_at",2.0879472203914,5.26464421445455,6.91559571313349,2.42282068260202e-10,4.86298534586143e-09,12.9636822914681
"209238_at",1.8016039942319,5.3627940576281,6.91545404030912,2.4245524485131e-10,4.86467541733775e-09,12.962981209651
"226248_s_at",3.99520634385634,9.01968474313223,6.91295890350245,2.45525361435756e-10,4.92085745472873e-09,12.9506347841744
"223915_at",1.96094110583484,6.4854846441157,6.91261958004658,2.45945836783117e-10,4.9274784265727e-09,12.9489558919327
"224580_at",2.23074474052998,5.67956073938017,6.91174989577932,2.47026766517682e-10,4.94612416098071e-09,12.9446530601781
"243874_at",1.65308344455882,6.01285424946281,6.91172527831714,2.47057431799512e-10,4.94612416098071e-09,12.9445312666943
"226350_at",1.93294822871946,6.67827563656198,6.91163623819208,2.47168378014047e-10,4.94653406585579e-09,12.9440907473209
"222587_s_at",2.72060274145192,6.66613502243802,6.90851250859351,2.51091956850194e-10,5.02137993444928e-09,12.9286378602607
"209184_s_at",-2.20473559896267,6.34860085927273,-6.90765042698555,2.52185579689129e-10,5.04140642394996e-09,12.9243737234293
"1553994_at",-1.59723208282636,3.88841191214876,-6.90728595119665,2.5264936300755e-10,5.04883184299627e-09,12.9225709756036
"204146_at",2.17617759745079,5.90164351953719,6.90505876181683,2.55501763829785e-10,5.1021033372511e-09,12.911555870286
"227064_at",-1.70996486015045,7.63676556255372,-6.9037868911232,2.5714492957692e-10,5.13304089982406e-09,12.905266205908
"201584_s_at",1.50948356449265,8.86596917009917,6.90271154889884,2.58542342322101e-10,5.15905203155506e-09,12.899948801822
"224655_at",-1.63065381345192,8.44684662209917,-6.89909980952043,2.63290998855876e-10,5.24997642685814e-09,12.882091891165
"224730_at",1.69756314306901,5.40725046360331,6.89751920571197,2.65396180474767e-10,5.28809627093947e-09,12.8742784374904
"205780_at",2.41806931388235,6.79225844642149,6.89628522673722,2.67051257437587e-10,5.31719865273127e-09,12.8681789990693
"44040_at",1.64595590661482,5.68913990673554,6.89296837774126,2.71550734599573e-10,5.40088629109919e-09,12.8517864528588
"224476_s_at",-2.47173185925735,5.68072383308265,-6.89249569019315,2.72198031582202e-10,5.41179177336615e-09,12.8494506094047
"226535_at",3.75503735273473,7.26878786865289,6.89083360082303,2.74486227257605e-10,5.45530151774248e-09,12.8412377363482
"228320_x_at",1.7548692780905,6.08996356833884,6.88946769422126,2.76380895485273e-10,5.48697366036938e-09,12.8344890254499
"228549_at",1.68744052211425,6.75331230071074,6.887647029084,2.78926481486198e-10,5.53349251642159e-09,12.8254943228969
"226001_at",-2.04659736095871,7.24620549059504,-6.88713203484038,2.7965072314155e-10,5.54584812758949e-09,12.8229502619924
"203509_at",1.7388242302319,7.65232121804959,6.88505950417513,2.82584186681006e-10,5.59996027792099e-09,12.8127128291688
"230099_at",1.58286196740159,5.77772303685124,6.88412344661134,2.83919036565686e-10,5.62437439283655e-09,12.8080895309663
"228057_at",-1.63539761948925,3.09883547114876,-6.88392991405457,2.84195797192594e-10,5.62781789623508e-09,12.8071336846371
"226932_at",-2.47464410696267,5.88984940732231,-6.88102801138139,2.88377776708942e-10,5.70649835018509e-09,12.7928027367638
"226028_at",-1.52558948804808,7.12178702693388,-6.88071497355672,2.88832519757299e-10,5.71213587168624e-09,12.7912569653215
"202329_at",1.52215340820532,7.31887429006612,6.88003518031758,2.89822482790026e-10,5.7288663219612e-09,12.7879002707322
"217741_s_at",-1.51097407511143,8.68904820504132,-6.87935542874878,2.90815738903929e-10,5.74642230739874e-09,12.7845439245445
"37028_at",-1.50531883399831,4.58394367926446,-6.87872479286424,2.91740235679256e-10,5.76052632205248e-09,12.7814302198893
"241837_at",2.02279068192025,5.37603902439669,6.87826851780264,2.92410934598168e-10,5.77168514409922e-09,12.7791774817818
"236229_at",2.35587153390159,5.6493228995124,6.87341000949511,2.99647881288628e-10,5.90600140932073e-09,12.755193865094
"204167_at",-1.96612938940724,4.80617836047934,-6.87177064235978,3.02129512904269e-10,5.94633949533509e-09,12.747102914892
"202586_at",-1.57972328894401,4.05285202895868,-6.87102951765035,3.03258066224179e-10,5.9664033000385e-09,12.7434454331133
"218667_at",-1.79184482129412,6.53427526207438,-6.8704444829136,3.04151874477244e-10,5.98183587663428e-09,12.7405583820868
"243683_at",1.96366039049095,6.75068660639669,6.8701114684865,3.04661811968628e-10,5.98971038093663e-09,12.7389150575418
"212680_x_at",1.60619423658428,9.4677149696281,6.86941446643338,3.05731852608402e-10,6.00858700264714e-09,12.7354756763805
"221880_s_at",1.96848067133824,7.11574918264463,6.86832038548274,3.07418987517658e-10,6.03740414602297e-09,12.7300771990547
"206632_s_at",2.80386490792308,6.27179568657851,6.86810773347091,3.0774797558657e-10,6.0416949964796e-09,12.7290279623001
"209095_at",-1.97873711713857,8.48663173492562,-6.86745721621483,3.08756535084678e-10,6.05931929495865e-09,12.7258183613255
"207621_s_at",-2.05894813421211,7.24743736312397,-6.86555231176905,3.11728721279866e-10,6.11545311660448e-09,12.7164204674791
"217989_at",-2.22447974757636,7.28205209936364,-6.86270163097494,3.16229489801201e-10,6.19929987625696e-09,12.7023586659008
"236428_at",2.04551793814989,5.20213182609917,6.86088796170552,3.19126353739629e-10,6.24936726028446e-09,12.693413535154
"225426_at",-1.66717808649604,6.37557689678512,-6.85929438802043,3.2169331109378e-10,6.29287362577904e-09,12.6855547734749
"235496_at",-2.16684884688801,4.66721019635537,-6.8591974923483,3.21850048928534e-10,6.29368792030314e-09,12.6850769547085
"203881_s_at",-3.34910422341403,6.22368414723141,-6.85120266969339,3.35045868098081e-10,6.53769908574681e-09,12.6456623913991
"229694_at",1.96557293994344,6.99167222502479,6.85006605461203,3.36964811766771e-10,6.57045331075186e-09,12.6400604838912
"232865_at",1.73358791664989,5.65425910665289,6.84966444654488,3.37645439342774e-10,6.58137768130702e-09,12.6380812195431
"235148_at",2.38208828140441,5.94422997867769,6.84609428013178,3.43756039207062e-10,6.69373452311277e-09,12.6204884101895
"204179_at",2.56117613564706,6.83287758131405,6.84608215178747,3.43776982915421e-10,6.69373452311277e-09,12.6204286517917
"210101_x_at",-1.94170786982183,6.69817584153719,-6.84600242853753,3.43914683595927e-10,6.694031799789e-09,12.6200358430383
"216101_at",1.95327769696324,5.22219010434711,6.84504682661559,3.45569480377107e-10,6.71906519901078e-09,12.6153275995202
"204667_at",3.32740802952941,5.84302652247107,6.84168529275827,3.514533565721e-10,6.82618553128937e-09,12.598767616214
"211458_s_at",-1.73134353902262,9.81906990907438,-6.84090018935785,3.52841766155648e-10,6.85071859536934e-09,12.5949004568214
"221795_at",-3.09964556693834,4.16407406405785,-6.83978317401053,3.54826490252522e-10,6.8819220839151e-09,12.5893987416659
"213429_at",-1.96221010914875,4.6196357541157,-6.83616301222929,3.61334962764247e-10,6.99822496958385e-09,12.5715707875245
"204037_at",-1.56235873854072,6.97400920231405,-6.83531293686317,3.62880286896407e-10,7.02566561121142e-09,12.5673850772407
"213359_at",2.00118681758032,6.99293824490083,6.83390038332467,3.65462578379137e-10,7.0731562735856e-09,12.5604302659866
"225080_at",-1.76229624199604,7.43265301008264,-6.83230954870771,3.68392533866067e-10,7.12229907677766e-09,12.5525984244871
"209568_s_at",-1.81032082115667,7.86597169819835,-6.8275088645812,3.77375760895759e-10,7.28567080754789e-09,12.5289689850287
"223165_s_at",2.05186162305656,6.65228490984298,6.8272782052564,3.77812787999048e-10,7.29153342176067e-09,12.5278338395695
"201703_s_at",1.79151641573812,5.88467918340496,6.82358761158191,3.84873714661605e-10,7.41733181146396e-09,12.5096735705238
"228919_at",3.0792961289853,8.70675224999174,6.81939867109338,3.93046196079957e-10,7.57216376697381e-09,12.489066289838
"233921_s_at",1.7304903045905,4.84059769987603,6.81900156787579,3.93829772845362e-10,7.58458711881654e-09,12.4871130477806
"222830_at",2.7496143371414,7.34178527346281,6.81806089187555,3.95692109792052e-10,7.61776975453536e-09,12.4824863184895
"230742_at",1.89186013337896,6.87213538053719,6.8168491195178,3.98103990646902e-10,7.65880917966902e-09,12.4765266092331
"225645_at",3.67991614763066,9.3874358018595,6.813965519573,4.03902009302066e-10,7.75992190229138e-09,12.4623464230769
"210239_at",2.86629076659672,7.68181666753719,6.81395291740643,4.03927530570119e-10,7.75992190229138e-09,12.4622844573243
"230360_at",-2.56897014591629,4.31782625465289,-6.81210900725443,4.07678949643793e-10,7.81825554955258e-09,12.4532183605928
"223339_at",1.80197932964876,5.07541914979339,6.81189190248903,4.08122906622146e-10,7.82402521723907e-09,12.4521509754217
"216568_x_at",1.60285887402546,5.03652605278512,6.81107724315253,4.09793065255568e-10,7.85328981522895e-09,12.4481458747901
"214710_s_at",2.54104732043326,7.12375142457851,6.80897502233214,4.14134159247853e-10,7.93370187697139e-09,12.4378117201639
"242492_at",1.7228335348026,6.65694964607438,6.80837873660827,4.15373742948179e-10,7.95466178483071e-09,12.4348807371848
"1557828_a_at",1.61639321325226,4.51343905598347,6.80800879809224,4.16144628767619e-10,7.96663430597673e-09,12.4330623979205
"208436_s_at",1.90260990835916,7.58931490508264,6.80256511791959,4.27653103799168e-10,8.18408591187242e-09,12.4063103790603
"1567107_s_at",1.67176353032467,10.4992972755455,6.79813581090075,4.3724867680454e-10,8.35601936535764e-09,12.3845502586505
"225820_at",-1.5684742741052,4.74495839557851,-6.79735436274636,4.38963532698045e-10,8.38585994069379e-09,12.380711838608
"242056_at",2.12439506554581,4.65824350044628,6.79587688597238,4.4222397457711e-10,8.44224714036434e-09,12.3734551040533
"219371_s_at",-1.93696472068835,7.98234948787603,-6.79267992600315,4.49361037581433e-10,8.56653233255399e-09,12.3577553801556
"218542_at",2.64434105104412,5.46104624610744,6.79139202019673,4.52268280213723e-10,8.61895023376971e-09,12.351431614428
"227663_at",2.33579222851866,8.50210839597521,6.788825345286,4.58117676357412e-10,8.72738116893432e-09,12.3388305215285
"227698_s_at",1.6413067542155,7.15878300080165,6.78782277453319,4.60422759566187e-10,8.76823907324321e-09,12.3339089699362
"218499_at",2.22749334682296,7.17497069881818,6.78475290572171,4.6755242031132e-10,8.89180478414302e-09,12.3188411874529
"225008_at",-2.85648749585351,6.82290967852893,-6.78474891837893,4.6756175133811e-10,8.89180478414302e-09,12.3188216184056
"209185_s_at",-2.87533132323586,6.78979987490909,-6.78426847100184,4.6868742364588e-10,8.91011296517333e-09,12.3164637199867
"235786_at",2.19873812229412,6.3446884375124,6.78323685705231,4.7111351605578e-10,8.94690221964215e-09,12.3114011026819
"225031_at",1.66482539051357,6.4981849688843,6.77679200349769,4.86553530572821e-10,9.22730290810579e-09,12.2797808627435
"211813_x_at",-2.71153822609106,8.39629239220661,-6.7723013330178,4.97606361047735e-10,9.43037358415421e-09,12.2577562488526
"208789_at",-1.92549334047285,7.53206237486777,-6.76818053123618,5.07966898637882e-10,9.61339224057674e-09,12.2375513568975
"1558199_at",2.23879696897907,6.13157096265289,6.76767225609677,5.09259479755768e-10,9.62649051828324e-09,12.2350595875149
"209539_at",-2.11035807516799,8.9679450511405,-6.76751076770809,5.09670836421242e-10,9.62897476894658e-09,12.2342679237867
"208470_s_at",-1.93784074487217,2.89900539152893,-6.7642363679139,5.18082826284596e-10,9.77438872571094e-09,12.2182176579249
"218741_at",1.54193739304355,6.16804204819835,6.76340111142383,5.2025047930833e-10,9.80851550213205e-09,12.2141239972992
"208614_s_at",1.83998156401019,8.79814903396694,6.759907475937,5.29414671820179e-10,9.97441322597115e-09,12.1970038368311
"236279_at",1.51712737100905,4.18688754803306,6.75927871758732,5.31080824889451e-10,9.9996425684446e-09,12.1939230959435
"213943_at",-2.55830040385973,9.09068159409917,-6.75898322328414,5.31865646454686e-10,1.00102424164922e-08,12.1924753001141
"239597_at",1.65807234733767,6.75019078901653,6.75623600136906,5.39217222277503e-10,1.01311689443376e-08,12.1790164338194
"243450_at",1.54326355568156,5.83370803228926,6.75247909898049,5.49433447319569e-10,1.03136495370402e-08,12.1606150013189
"229985_at",-2.30360342114649,5.31208986061983,-6.75245652702064,5.49495401946008e-10,1.03136495370402e-08,12.1605044568824
"214349_at",-1.72759451591459,4.16737881280992,-6.75073803002428,5.54232584115187e-10,1.03989933206925e-08,12.1520887333816
"1568658_at",-2.09671567443665,6.44709909241322,-6.74946724113258,5.57761545431362e-10,1.04544437766403e-08,12.1458661137955
"230372_at",-1.78253193344287,3.84611495990083,-6.74906265267511,5.58889732787559e-10,1.04684125180404e-08,12.1438850917465
"211719_x_at",2.31806448032013,12.2698386179669,6.74484316122142,5.70790882258947e-10,1.06876683176397e-08,12.1232279808384
"201106_at",-1.53410717693496,11.7133023182562,-6.74449507457987,5.71783771020538e-10,1.07025942076508e-08,12.1215241313109
"218543_s_at",1.8870408760939,7.59415055980992,6.74374389524103,5.7393226591561e-10,1.07391330044271e-08,12.1178473168141
"225802_at",1.71755439532353,6.29613104928926,6.7415330468708,5.80302032254725e-10,1.08508938486755e-08,12.1070268883059
"226711_at",-1.78099199731731,7.61565994283471,-6.74011168022311,5.84434016487483e-10,1.09206868938664e-08,12.1000712118501
"219543_at",-1.82739765877715,6.61490589946281,-6.73983094809185,5.85253549013557e-10,1.09322643636202e-08,12.0986974834514
"215066_at",1.65765123904638,5.70040619234711,6.73495853187735,5.99659614474805e-10,1.1193714380816e-08,12.0748589848734
"226365_at",2.43563929684276,7.41156777043802,6.73465942160351,6.00555303930464e-10,1.12027844566353e-08,12.0733958266589
"1561166_a_at",1.64174109557749,3.89098880217355,6.73401547743488,6.0248809001223e-10,1.12311750158263e-08,12.0702459426093
"225793_at",-1.71139311038122,7.39355640257851,-6.7338991792793,6.0283781112619e-10,1.12338641183792e-08,12.0696770789262
"227383_at",2.48424997781052,7.05704695177686,6.73134603381033,6.10566113897555e-10,1.13701302034567e-08,12.057189668019
"205109_s_at",-1.90249023745305,4.53361716843802,-6.73124193227077,6.10883294277763e-10,1.13721634711054e-08,12.0566805533432
"239758_at",2.07640928811426,5.71923887239669,6.72799906170224,6.20845704778457e-10,1.15497580499361e-08,12.0408228714822
"212282_at",2.37169736921946,7.16774481683471,6.72647199212664,6.2559241819031e-10,1.16341038995086e-08,12.033356666396
"1554547_at",-1.89480637265611,3.90177392604132,-6.72619620775912,6.26453474091805e-10,1.16461556259672e-08,12.0320083722773
"213285_at",2.29871924030091,6.0738053292314,6.72431838074145,6.32347639518125e-10,1.17437524424774e-08,12.0228284418398
"203108_at",3.55478815508371,7.46193723714876,6.72163523156718,6.40864726744786e-10,1.18898130080662e-08,12.0097136159204
"238617_at",1.98764692953394,4.58660102558678,6.72032732333528,6.45057380340553e-10,1.19594819498541e-08,12.0033216109969
"221511_x_at",-1.78988552347285,5.39604624094215,-6.71849194314418,6.50986624225483e-10,1.20653198913655e-08,11.9943526890813
"201708_s_at",1.5570851305,5.83308379390083,6.71741773734467,6.54481811589019e-10,1.21259888338291e-08,11.9891038961706
"209006_s_at",1.73284573156674,6.47034544533058,6.71665911670489,6.56961326361122e-10,1.21678050537921e-08,11.9853973452808
"238715_at",1.59012110082805,6.21158584285124,6.71531704288708,6.61370574229151e-10,1.22411767589637e-08,11.9788405567264
"236700_at",1.74056836224265,4.24481301666116,6.71393906429369,6.65928192858993e-10,1.23213617409697e-08,11.9721089662913
"237086_at",3.80640315008428,6.19961575455372,6.71135045261216,6.74573964269907e-10,1.2472888568298e-08,11.9594649691915
"239735_at",1.64521721760181,6.19363468365289,6.70800389771899,6.85915681846247e-10,1.26611883541335e-08,11.943122075284
"205436_s_at",1.6746939158422,7.73947812359504,6.70684342702525,6.89892410681009e-10,1.27302961707675e-08,11.9374557767102
"242539_at",1.58118191107975,5.34861553473554,6.70359270276455,7.01153697039996e-10,1.29162999951691e-08,11.9215856275104
"224928_at",-1.66689742612104,7.11806546453719,-6.70341640032399,7.01769613691719e-10,1.29232918924199e-08,11.9207250120649
"237626_at",1.50883503296946,6.18411220428099,6.7027764067441,7.04009939592634e-10,1.29601829788644e-08,11.917600987088
"214140_at",-1.99298707067308,6.13713113727273,-6.69860869807008,7.18772930511662e-10,1.32090305874164e-08,11.89726028622
"233261_at",-2.55679446492364,4.98483519666116,-6.6978179406593,7.21608284332511e-10,1.32395748140537e-08,11.8934016019462
"227947_at",-1.65127493677375,6.6883090026281,-6.69474082604245,7.32747141481762e-10,1.34394330629035e-08,11.8783880667483
"238787_at",2.09714197007806,6.62647789409917,6.69450824322341,7.335959375814e-10,1.34504888957958e-08,11.8772533998297
"202619_s_at",-2.24066425129864,4.97238365659504,-6.69310914158237,7.38722395313796e-10,1.3530870004617e-08,11.870428188728
"217755_at",2.41515353751414,7.56255261123141,6.69038379736508,7.48810127790025e-10,1.36972879681899e-08,11.8571350470389
"238714_at",1.5405830170198,6.44168086664463,6.68871066220409,7.55070421659542e-10,1.38025661331446e-08,11.8489753756181
"209392_at",-3.58654360227884,7.85584902741322,-6.68563336515914,7.6671984020215e-10,1.39921252546904e-08,11.8339701961034
"209189_at",-3.52915287120645,7.29622535015702,-6.68507288098376,7.68860634078788e-10,1.40265115676536e-08,11.8312375613554
"209122_at",-2.16104607220192,8.95073133,-6.6842056814934,7.72184576976377e-10,1.40824522168724e-08,11.827009743989
"224937_at",1.72278399430373,8.09618215375207,6.68409499816371,7.72609841802242e-10,1.40855095366914e-08,11.8264701525947
"229479_at",2.43332412220871,5.3071637027438,6.68377469523044,7.73841805436577e-10,1.41032669040816e-08,11.8249086692188
"238902_at",1.66688229188801,6.49195250664463,6.68088373771155,7.85049263483978e-10,1.42932295973981e-08,11.8108167279522
"210052_s_at",2.39806243537557,5.62477937802479,6.67904182135511,7.92273304717276e-10,1.44071554341755e-08,11.8018397697014
"215169_at",2.00797722636538,5.9543694784876,6.67819407595635,7.95620202403354e-10,1.44520048393367e-08,11.7977084858337
"204351_at",4.35354676370758,7.48149576697521,6.67730089794647,7.99161571213578e-10,1.45115107625714e-08,11.7933560547241
"204748_at",-2.2626422943207,3.30592334844628,-6.6761162969532,8.03882425471474e-10,1.45923876536032e-08,11.7875839357188
"203810_at",-1.73533191140272,6.38311087129752,-6.67468784783,8.09611692707095e-10,1.46915098900632e-08,11.7806242547217
"55093_at",1.64781632735577,6.95995722052066,6.67174191831829,8.21554930075776e-10,1.4903289914364e-08,11.7662732536953
"203431_s_at",2.10918075784389,6.76229472310744,6.66837926862957,8.35400327025662e-10,1.51393811336188e-08,11.7498957372486
"201242_s_at",2.60897834042873,11.0074474622066,6.66829063874072,8.35768351318967e-10,1.51410320107238e-08,11.7494641233061
"214697_s_at",1.53008212656052,5.34755959878512,6.66382547989618,8.54518001270881e-10,1.54653332404785e-08,11.7277228686137
"214291_at",1.68636321679751,5.03386866380992,6.66311756045822,8.57528524576109e-10,1.55095508042338e-08,11.7242765556843
"221843_s_at",1.74861496860238,6.1284507323719,6.66296343364601,8.5818535654872e-10,1.55162977411711e-08,11.7235262534186
"203145_at",1.65881907657127,5.2252492792314,6.66278062976407,8.58965043656786e-10,1.5525260747747e-08,11.7226363590301
"201243_s_at",2.56791658061878,10.7316434300909,6.66253229331762,8.60025357891308e-10,1.55392883155014e-08,11.7214274681303
"211671_s_at",-2.17085592903563,7.85913054386777,-6.65892210344156,8.75586407445328e-10,1.57995666095952e-08,11.7038555444687
"242052_at",1.78466604142421,4.99207175519835,6.65768228861416,8.80994261742155e-10,1.58866626849447e-08,11.6978219806601
"209009_at",-1.65560776055599,8.2664845058595,-6.65756105694687,8.81524819485158e-10,1.58883768651115e-08,11.6972320338017
"210612_s_at",1.64657957181787,4.43511739849587,6.65602430513285,8.88277659268646e-10,1.5996897569339e-08,11.6897541993162
"226636_at",-1.69049246059955,4.19484182878512,-6.65016845311518,9.14480934888288e-10,1.64471201036241e-08,11.6612668553934
"1565162_s_at",-3.10788349883597,7.34813624172727,-6.65005328918059,9.15003838575286e-10,1.64511130792844e-08,11.6607067249014
"221558_s_at",2.4528051482155,5.6077701527438,6.6492377141986,9.18715426613414e-10,1.65015656866256e-08,11.6567400856211
"203920_at",-2.1921668768931,5.44680006471074,-6.64484134886407,9.38980257088115e-10,1.68378962139366e-08,11.6353617125982
"223540_at",1.86493213630939,5.04987388590083,6.64427300264125,9.41632024327885e-10,1.68743791970263e-08,11.632598466588
"202575_at",3.07681182209277,9.20040149336364,6.63748764379316,9.73867631111281e-10,1.74177993886193e-08,11.5996170605011
"236262_at",-1.89991090652319,5.50413022067769,-6.63606273327949,9.80774186084263e-10,1.75241270013585e-08,11.5926930022284
"203574_at",-2.2977962034457,6.10227019228926,-6.62959614532985,1.01273033659223e-09,1.8083289076806e-08,11.5612785391116
"202936_s_at",2.48575410873247,6.70958371557851,6.62921823939898,1.01462930943767e-09,1.81112822375138e-08,11.5594431205801
"1556373_a_at",1.73944515815159,5.72265602633884,6.62837919813283,1.01885805606447e-09,1.8180830357482e-08,11.5553682259328
"210896_s_at",-2.90001184354581,7.09353268983471,-6.62753068524927,1.02315223162824e-09,1.82515002493552e-08,11.5512475727405
"225009_at",1.70882560743439,7.82958210126446,6.62580676659151,1.03193177763907e-09,1.83901140620652e-08,11.5428764136533
"223381_at",2.47034171091912,5.41378908526446,6.62486995108815,1.03673391956207e-09,1.84636570202138e-08,11.5383277613051
"244473_at",1.66255227071154,4.98883234672727,6.62395757236988,1.04143199853582e-09,1.85352521223783e-08,11.5338980450828
"1566191_at",1.50397327282183,5.40472188752066,6.6208496380855,1.05759383859209e-09,1.88045343496008e-08,11.518810733794
"210640_s_at",-2.02355913967025,4.36140032899174,-6.61801178283574,1.07256731191502e-09,1.90398109671928e-08,11.505037359343
"208944_at",-2.57885101721098,8.14279975176859,-6.61326581435678,1.09807757384848e-09,1.94421604113231e-08,11.4820091525948
"225687_at",2.47517886556844,5.05233376290909,6.61272303281237,1.10103299482306e-09,1.94818702239323e-08,11.4793759749365
"209048_s_at",1.69928511960747,8.21454330255372,6.61042907032155,1.11361046530543e-09,1.96853062368492e-08,11.4682484557616
"205528_s_at",-1.75564574332918,3.95106382599174,-6.60882312678559,1.12249990833493e-09,1.98360318320015e-08,11.4604594309156
"211048_s_at",1.52924914480769,8.05778343217355,6.60043368348279,1.17008932571206e-09,2.06236730765012e-08,11.419783834561
"209191_at",-2.09504936898585,9.07552576689256,-6.59599502436464,1.19606766101686e-09,2.104763416997e-08,11.3982730097452
"228157_at",2.07637369120419,7.13936526152893,6.59505703147338,1.20162991768175e-09,2.11319124314088e-08,11.3937281266483
"238156_at",1.85983143745363,6.79997495815702,6.59482659952422,1.20300027038128e-09,2.11492089334716e-08,11.3926116542051
"212419_at",-1.98011651842591,6.53365101776033,-6.59428189745717,1.2062456866802e-09,2.11946192282334e-08,11.3899725745999
"240168_at",1.5709269699491,5.34589260875207,6.58756673123848,1.24697258478903e-09,2.18870709705748e-08,11.3574459378519
"212157_at",-2.11485944324038,4.81305460544628,-6.58116305184822,1.28707319429779e-09,2.25547201596896e-08,11.3264424271153
"231166_at",-1.53098659623869,3.49957262855372,-6.58028081502829,1.2926966808773e-09,2.26387543327888e-08,11.3221721646274
"206949_s_at",1.9895497029112,6.57622553004959,6.57999583121443,1.29451837871366e-09,2.26633981287766e-08,11.3207928236396
"212423_at",-1.93233630531505,6.59793520660331,-6.57965447456565,1.29670376259131e-09,2.26943912354929e-08,11.3191406709475
"223296_at",-1.94189616429807,6.72903131942149,-6.57628835476724,1.31844974713972e-09,2.30675967759565e-08,11.3028509237779
"218590_at",1.541526460181,4.68787170905785,6.57209954502899,1.34601361352966e-09,2.35197489037182e-08,11.2825853432658
"222371_at",1.50880311098586,6.09443351885124,6.5711717987357,1.3521950103949e-09,2.36202115633678e-08,11.2780976956888
"200708_at",1.70700982313745,8.45639025209917,6.57022715659412,1.35851776129137e-09,2.37230784409473e-08,11.2735286243812
"205139_s_at",-1.51175923418552,2.90076924892562,-6.56601657260706,1.38705702321061e-09,2.41895494997009e-08,11.2531664884982
"201058_s_at",-2.17794753231165,7.92349432190083,-6.56455517279913,1.3971000116791e-09,2.4334642605465e-08,11.2461006719715
"1558486_at",1.87793920177998,6.97767822595041,6.56379727944752,1.40233660327399e-09,2.44103004724628e-08,11.2424365740737
"202743_at",1.99309093751697,8.33177723782645,6.5619029382398,1.41551022275253e-09,2.46161009634206e-08,11.2332790911484
"201041_s_at",-2.53851289175904,10.549567273281,-6.55993558331971,1.42932085077214e-09,2.48246879021496e-08,11.2237699607206
"216442_x_at",2.28397370923699,11.4432872371736,6.5595968130576,1.43171236421641e-09,2.48583275686035e-08,11.2221326631285
"213226_at",1.56613405153337,5.70584382568595,6.55773754996562,1.44490810415788e-09,2.50715171675126e-08,11.2131474351142
"227808_at",-1.64718402396437,3.83053141650413,-6.55677624744945,1.45177774088477e-09,2.51827246138562e-08,11.2085022334767
"243736_at",1.96858069792251,5.83154945202479,6.55557252620117,1.46042519903923e-09,2.53086363732076e-08,11.2026860672746
"226522_at",-1.77082098460634,4.19664785181818,-6.55504421781928,1.46423656221901e-09,2.53666457665793e-08,11.2001335335748
"203790_s_at",-2.18610446147794,5.55398021522314,-6.55389903288775,1.47253196917267e-09,2.54942005745774e-08,11.1946008783235
"212950_at",-1.87685732516063,6.0743041477686,-6.55322380808715,1.47744482546092e-09,2.55711604406697e-08,11.191338922469
"212353_at",2.60275629501697,8.35451528987603,6.55282271225466,1.48037080434921e-09,2.56136942176561e-08,11.1894013359167
"219360_s_at",1.72121340616798,5.44502282781818,6.552434746165,1.48320644163594e-09,2.56546384677144e-08,11.1875272285799
"218313_s_at",2.35105497988688,8.12753275219835,6.54951225090268,1.50473983568086e-09,2.59942023746765e-08,11.1734115093598
"224480_s_at",-2.5051542158603,5.81123687782645,-6.54670806529904,1.52569136024804e-09,2.63311790156445e-08,11.1598700088575
"202995_s_at",-2.13930138685181,4.39645484420661,-6.5461514933843,1.52988389991698e-09,2.63868776744355e-08,11.1571826296519
"231866_at",-1.75564379420136,6.0132033836281,-6.54395041924172,1.54657577979618e-09,2.66579542119659e-08,11.1465559073094
"243755_at",1.96361181690328,5.3126883192562,6.54247341464663,1.55787727311765e-09,2.6835834879555e-08,11.1394259140807
"242240_at",1.64026815881222,6.68229035323141,6.54231642048645,1.55908331426338e-09,2.68481512464095e-08,11.1386680954822
"227545_at",1.67919290235407,4.71069502497521,6.54090912434778,1.56993548922443e-09,2.70265185369476e-08,11.1318753893416
"242968_at",2.16938928389649,5.31176558480992,6.53951232900492,1.58078037174497e-09,2.71875328169727e-08,11.1251340483128
"212496_s_at",1.81812837892704,9.90176299090909,6.53460679682557,1.61945631758582e-09,2.77915173145024e-08,11.1014638945819
"1558251_a_at",2.25832328309615,5.78635793373554,6.53345621450016,1.62866197897278e-09,2.79407259806516e-08,11.0959133214492
"225639_at",-2.17724916829864,6.85347223447934,-6.52452662860476,1.70188334430854e-09,2.914202062326e-08,11.0528514085987
"232968_at",2.29944890427828,5.99814180261157,6.52307881846245,1.71405728590197e-09,2.93321070756464e-08,11.0458721297801
"225354_s_at",-1.63211402920193,4.3998281996281,-6.51979274101789,1.74200799515603e-09,2.98010910936032e-08,11.0300340615709
"232034_at",2.77141728096719,6.39143257283471,6.51826855006469,1.75512462599296e-09,3.00160897485658e-08,11.0226891257292
"1561073_at",1.67553661216233,5.64816323391736,6.51314241734003,1.79995710449064e-09,3.0753954590008e-08,10.9979927310151
"219979_s_at",-1.93446687163405,4.97999980863636,-6.50707566863976,1.85447732158723e-09,3.16064674431989e-08,10.9687765914765
"227232_at",3.20667075082296,6.5179090737438,6.50531184445662,1.87063173331337e-09,3.1852005611619e-08,10.9602848229871
"204858_s_at",2.05581812938914,6.88282241709091,6.50186765134812,1.90257737539351e-09,3.23556510107746e-08,10.9437062261114
"201853_s_at",1.99772023634502,6.27600936323967,6.50110992468099,1.90967734156788e-09,3.24360387232755e-08,10.9400594746005
"228654_at",1.5547766234129,7.43588028804959,6.50045210330857,1.915862373426e-09,3.25309861077846e-08,10.9368937064754
"202862_at",-2.26961823927771,7.30204740569422,-6.49571033941982,1.96103415091758e-09,3.32463696748585e-08,10.9140784560619
"223038_s_at",2.0336129258439,6.49066689823967,6.49354132595463,1.98204556467546e-09,3.35817605356773e-08,10.9036447734076
"222988_s_at",1.5675343816103,8.95134509417355,6.49085115864659,2.00841411703828e-09,3.40074456020649e-08,10.8907064719744
"216836_s_at",3.12489180251923,7.29157048404132,6.48390374005274,2.07812261453888e-09,3.51551218904434e-08,10.8573048401662
"210495_x_at",2.30305549707127,11.4369010537851,6.48056802810076,2.11243480597608e-09,3.56693554715078e-08,10.841273552477
"202187_s_at",-1.64957713251753,7.61384145357851,-6.48008910471649,2.11740681173018e-09,3.57337722303644e-08,10.8389721909238
"236656_s_at",-2.60882576226018,5.19215407259504,-6.47980350152138,2.1203773300575e-09,3.57592938065681e-08,10.837599825938
"200972_at",-1.91194236602318,9.56093175152066,-6.47890165601079,2.12978430109391e-09,3.59068629856027e-08,10.8332665165809
"235102_x_at",-1.65860548685916,2.85334677847934,-6.47883780268846,2.13045190038621e-09,3.5907046132434e-08,10.832959716426
"209215_at",1.62241453789197,7.2076812716281,6.47714397750181,2.14823672374891e-09,3.61956372483734e-08,10.8248218137203
"202311_s_at",2.74698112146267,7.074238831,6.47652030641208,2.15482195701358e-09,3.62954068082925e-08,10.8218256719008
"201221_s_at",1.5599131334621,7.39354057060331,6.47195882166087,2.20359490098668e-09,3.70826565747758e-08,10.7999163074362
"235693_at",2.63995564025679,8.40679442135537,6.46873275430408,2.23874472750654e-09,3.76162778046773e-08,10.7844255776514
"232372_at",1.79344171333315,5.06501627370248,6.46701218079928,2.2577168285474e-09,3.79121745032304e-08,10.7761653482244
"235814_at",-1.79551390472059,5.4316799948843,-6.46519194149245,2.27796049741053e-09,3.82335120474118e-08,10.767427784405
"212464_s_at",2.3240090897155,11.4913004592479,6.46323793168368,2.2998911057527e-09,3.85370966003766e-08,10.75804940492
"209035_at",2.46472213125566,6.50003595532231,6.46315650882646,2.30080945035853e-09,3.85406730080737e-08,10.757658640882
"223978_s_at",-1.65876832166289,7.39692100658678,-6.46204254941446,2.31340984570358e-09,3.87161565086756e-08,10.7523127715398
"201562_s_at",2.27078932453564,6.9431022155124,6.46078699265872,2.32769347986549e-09,3.89432806033188e-08,10.7462879096465
"241505_at",3.20062662664423,5.71845388933058,6.45896672541305,2.34855600133544e-09,3.92442846494545e-08,10.7375542502036
"209655_s_at",-1.6485973761052,6.48849097032231,-6.45813928116812,2.35810039118491e-09,3.93797003323259e-08,10.733584555774
"242191_at",1.60063795797455,6.21206132390909,6.45678106721906,2.37385007466073e-09,3.96064244223605e-08,10.7270690038903
"226302_at",2.41884896387105,7.11587408439669,6.45513433902028,2.39308449685828e-09,3.99151601176713e-08,10.7191702903681
"243739_at",1.67816624431278,4.71344193779339,6.45421855756262,2.40384758661636e-09,4.00824540403323e-08,10.7147780627747
"205164_at",1.57989925896324,6.129562303,6.45361910655611,2.41091870849484e-09,4.01881037765108e-08,10.7119031666088
"218974_at",-2.2285607966991,6.23896610166116,-6.45304456368447,2.41771526130689e-09,4.02768378768904e-08,10.7091478474802
"215388_s_at",-2.02008314691911,7.85437324706612,-6.45266961727665,2.42216087216039e-09,4.03386066662714e-08,10.7073497911591
"210480_s_at",1.6844281894259,5.00537447961157,6.44247569955476,2.54616365824278e-09,4.22749766214467e-08,10.6584841211239
"225911_at",3.34753261926471,6.53331649727273,6.43733888651146,2.6110007282436e-09,4.33251790035565e-08,10.6338743611457
"201034_at",-2.14196344788971,8.22626737521488,-6.43710820508451,2.6139502797315e-09,4.33609622403883e-08,10.632769420763
"227417_at",-2.15101728615554,4.57906605563636,-6.43619323882906,2.62568166085221e-09,4.35423551128586e-08,10.6283870146157
"203066_at",1.83321094755882,7.37542294561983,6.43491762843716,2.64212377069388e-09,4.38017335241626e-08,10.6222777366616
"227498_at",-1.93874389688801,3.22716039346281,-6.43455162667201,2.64686009984536e-09,4.38669523974068e-08,10.6205249532875
"230250_at",-1.95656258960747,5.15327853885124,-6.43389663578499,2.65535706143527e-09,4.39811109766657e-08,10.6173883205731
"233713_at",1.7384195123586,5.02202425677686,6.43343293750297,2.66138870504649e-09,4.40676642787452e-08,10.6151678468173
"210172_at",1.63546153743835,6.27149133323967,6.43336883502846,2.6622235921851e-09,4.40681425681867e-08,10.614860890667
"218662_s_at",1.89183388865554,7.15255047620661,6.43103146194284,2.69284313577044e-09,4.45210760351524e-08,10.6036693370243
"221802_s_at",1.63860183149039,8.30162593524793,6.42663019578617,2.75144497658021e-09,4.54349906658178e-08,10.5826010188613
"242874_at",2.827980539875,6.09521676289256,6.42631998779481,2.75562243130123e-09,4.54902344297689e-08,10.5811163549274
"212875_s_at",-2.03335570720136,6.41064870383471,-6.42565563586192,2.76459005577935e-09,4.55969717344604e-08,10.5779368651771
"215304_at",2.93320656012613,5.88883367105785,6.42385539899742,2.78903505959545e-09,4.59724123857044e-08,10.5693219992176
"218686_s_at",1.81153019237387,6.27896393006612,6.42328177285889,2.79686887022914e-09,4.60737588068027e-08,10.566577210481
"212828_at",2.02568140095532,5.12833654052893,6.4227545758333,2.80408774148746e-09,4.61787642366948e-08,10.5640546888253
"229910_at",-1.60263357484163,4.83908166573554,-6.42162754607237,2.81958174058460e-09,4.64199432901122e-08,10.5586624363064
"221215_s_at",2.37438945463575,6.23145845172727,6.42135808855406,2.82329862873088e-09,4.64671440475197e-08,10.5573732898851
"219918_s_at",2.31157192720306,5.15674417732231,6.42097014093448,2.82865845005297e-09,4.65273467980283e-08,10.5555173057814
"1556126_s_at",2.17611535690328,7.596490346,6.4206010785917,2.83376666508194e-09,4.65973511017609e-08,10.5537517213973
"216952_s_at",1.79200561393665,5.48161582145455,6.42034420302145,2.837327462333e-09,4.6641875827738e-08,10.5525228645879
"213424_at",1.68389260957183,4.70694595392562,6.42005363419689,2.84136063065261e-09,4.66941366038268e-08,10.5511328527068
"224724_at",1.90948611709955,7.70787852390909,6.41788895498147,2.87158532794764e-09,4.71766609992601e-08,10.5407785049055
"201278_at",-2.01107778018609,6.65874737186777,-6.41697150149994,2.8844908533388e-09,4.73744480042953e-08,10.536390545022
"236534_at",2.60368692980486,5.03660690885124,6.41509129186724,2.91111807600959e-09,4.77830623854171e-08,10.5273989051745
"204235_s_at",-2.19639844032636,5.97871358498347,-6.4140685591293,2.92570344374741e-09,4.7993650101077e-08,10.5225084749389
"221555_x_at",-1.82795189960803,5.9052110328843,-6.41115995225802,2.96757848060019e-09,4.86513803378757e-08,10.5086023777339
"221796_at",-3.71258876705034,5.40086822356198,-6.40925827000923,2.99527572047247e-09,4.90760263760361e-08,10.4995120615386
"212335_at",-2.12013806866063,6.34694084243802,-6.40686792394313,3.03045182946836e-09,4.95632527000248e-08,10.4880877224279
"206953_s_at",-1.77707043433484,4.32318511583471,-6.40433935559465,3.06810522557402e-09,5.01640709354843e-08,10.4760050260036
"224917_at",1.80982043676358,9.29554649928926,6.40062792828731,3.12420941097114e-09,5.10508516272705e-08,10.4582742771725
"213364_s_at",-1.81021273971945,7.50089085340496,-6.39812696468333,3.16258455104008e-09,5.16470460956142e-08,10.4463291500253
"201030_x_at",-2.55069938059389,10.3011792781818,-6.39331854355628,3.23767552345583e-09,5.27944853101543e-08,10.4233695205476
"226272_at",1.80046032071041,7.1129892276281,6.39014748783703,3.28815524593254e-09,5.35684835656548e-08,10.4082327251456
"238419_at",-2.38391593252771,4.90767383704132,-6.39009104142206,3.28906080164432e-09,5.35684835656548e-08,10.4079633156758
"229276_at",1.70217266989253,4.20667384313223,6.38635984850092,3.34946768304347e-09,5.44711914248666e-08,10.3901575247564
"202422_s_at",-2.03217824606505,4.79656728595868,-6.38556649375198,3.36245212804312e-09,5.46660928042692e-08,10.3863721771241
"235716_at",1.53318484715611,5.7982259614876,6.38339935525171,3.39817398469042e-09,5.51976121844767e-08,10.3760332434185
"206385_s_at",2.24126712226018,9.0709224694876,6.38317126845982,3.4019553192164e-09,5.5212483723343e-08,10.3749451921826
"228972_at",-1.6541515040922,6.50962838719008,-6.38009015007497,3.45344380771083e-09,5.59789624033767e-08,10.3602490796603
"212279_at",2.09288838975283,5.23969355364463,6.37976463780013,3.45892808465003e-09,5.60512427469592e-08,10.3586966759431
"213005_s_at",-2.43413430703677,7.50362865910744,-6.37938465669109,3.46534091875838e-09,5.61385228838858e-08,10.3568845534738
"215221_at",1.56710990022172,6.1126122023719,6.37923204219193,3.46791984748846e-09,5.61636604447369e-08,10.3561567528007
"225017_at",1.61622103516516,8.19114801173554,6.37681444108672,3.50902645410367e-09,5.68125618531591e-08,10.3446286345674
"229125_at",-2.97994231920588,6.24922667153719,-6.37641295555724,3.5158992727522e-09,5.69069842326012e-08,10.342714393538
"228415_at",1.6948058869095,7.81518297883471,6.3754801518683,3.5319187043101e-09,5.71155442644647e-08,10.3382671112433
"242712_x_at",1.59323079422455,6.96047163305785,6.37342508290862,3.56746550326183e-09,5.76051909010161e-08,10.328470386055
"227163_at",2.56948999874943,6.01621929918182,6.37263448125727,3.58123435056862e-09,5.77900205655852e-08,10.324701919393
"223278_at",2.89323650877432,5.60940241804959,6.37035978025573,3.62114253281706e-09,5.83513020871715e-08,10.3138606531922
"214769_at",-1.71796197121832,3.68885799107438,-6.36781781587181,3.66625833870953e-09,5.90261115044003e-08,10.3017478537839
"202923_s_at",-1.54011680507636,7.10066544938843,-6.36373159207556,3.73994579746457e-09,6.00533146773496e-08,10.2822814318254
"230653_at",2.27907557127658,7.84980864529752,6.36189964954426,3.77345347175733e-09,6.04847753058727e-08,10.2735562088376
"228560_at",2.13961916206731,6.10704957419835,6.36099814033113,3.79005122212191e-09,6.07330159934102e-08,10.2692629313865
"204787_at",-2.54411392512104,5.95675188678512,-6.35852845997516,3.83589006005251e-09,6.14135546217777e-08,10.2575030516051
"1556744_a_at",1.52775883251131,5.92608980500826,6.35791048612009,3.84744523399591e-09,6.15634611369187e-08,10.2545607965284
"214782_at",1.75941722588235,4.82433015108264,6.35790728399696,3.84750519807684e-09,6.15634611369187e-08,10.2545455511644
"212495_at",1.59369735497229,6.01282200006612,6.35771023844796,3.85119691459179e-09,6.16045030150106e-08,10.2536074211494
"225191_at",2.07013167139876,6.21477617659504,6.35713396777227,3.86201358755289e-09,6.17233536683585e-08,10.2508638898944
"239653_at",1.51469209695702,4.0021959796281,6.35536602342845,3.89538526706237e-09,6.22385124128098e-08,10.2424477580948
"202069_s_at",-1.69263849320305,6.42976197277686,-6.35239645390211,3.9520793897445e-09,6.31074592973951e-08,10.228314000155
"241937_s_at",1.69828357980996,5.99921655142975,6.34891898108093,4.01950437617499e-09,6.41092187186019e-08,10.2117670028188
"204944_at",-1.91979522059672,4.63296829938843,-6.34852022927819,4.02730787126245e-09,6.42149483409958e-08,10.209869892017
"230968_at",-1.64796398829412,3.85539071458678,-6.34746771331482,4.04797717559362e-09,6.45068936390501e-08,10.2048627002829
"202016_at",-2.85689821624038,7.90282337577686,-6.34581872138105,4.08057041187007e-09,6.49884029330021e-08,10.1970186851484
"239155_at",2.74810352176641,5.17723073540496,6.34513913271922,4.09407797432118e-09,6.51655642637585e-08,10.1937862735252
"205529_s_at",-1.87626633674321,4.06398813204959,-6.34439190634464,4.10898076312421e-09,6.53837378416228e-08,10.1902323457075
"243681_at",2.44346404100962,5.58311577020661,6.34314047281871,4.13405933566358e-09,6.57445300108802e-08,10.1842807915518
"232144_at",1.58683435852828,5.85433427185124,6.34233357927931,4.15030928668872e-09,6.59645814679377e-08,10.1804436836321
"220085_at",2.11031058867986,4.51313058990909,6.34208376099471,4.15535309963178e-09,6.60255538280639e-08,10.1792557447103
"225280_x_at",1.57853950287217,7.6328043782562,6.33996746918593,4.19832386831011e-09,6.65728995069186e-08,10.169193256698
"219411_at",1.84193166668609,4.2525339716281,6.33880330153967,4.22214835141702e-09,6.68924836608883e-08,10.1636586116215
"203035_s_at",1.56004214731222,6.36603294183471,6.33257773934842,4.35183207583807e-09,6.88075242181742e-08,10.1340698027713
"225688_s_at",-2.20185668731052,7.90857218932231,-6.33194072003395,4.36532100311731e-09,6.90008458645386e-08,10.1310429940862
"201752_s_at",-1.88477497675113,7.13046127321488,-6.33132189487071,4.378464108592e-09,6.91885910801351e-08,10.1281027797565
"209403_at",2.06558118702489,6.56459381041322,6.32837689984695,4.44154844952924e-09,7.00567498950495e-08,10.1141122235403
"222498_at",-1.76705136156957,5.71058199398347,-6.32827929543809,4.44365447893977e-09,7.00567498950495e-08,10.1136485972241
"228551_at",-1.67402406544966,5.07477649217355,-6.32693493566453,4.47276228212013e-09,7.04547040550037e-08,10.107263175243
"206546_at",2.19627049174943,5.12791566768595,6.3246854777566,4.52188775002862e-09,7.11465360382201e-08,10.0965802362182
"235008_at",1.6964122797862,5.03536218856198,6.32457173438563,4.52438583776374e-09,7.11653612427309e-08,10.0960401057212
"224999_at",-2.38548015311142,5.91199354933884,-6.3237635179179,4.54217547894164e-09,7.14246316684309e-08,10.0922022859081
"204922_at",1.5244849908767,5.08993465359504,6.32171715328237,4.58752667949612e-09,7.20548753810544e-08,10.0824862028203
"202790_at",1.80643318397681,5.40606574493388,6.32035628568604,4.61793266478913e-09,7.24908034588992e-08,10.0760257058858
"218487_at",-1.58980414612839,6.7731611521405,-6.31722854578201,4.68857055690939e-09,7.35574161259744e-08,10.0611798918503
"203886_s_at",-2.06841833349038,7.55398178118182,-6.31686985055508,4.69673916907174e-09,7.3664433181009e-08,10.0594775789369
"234980_at",-1.52544436587557,3.93546317757025,-6.3149982881485,4.73958844467751e-09,7.4315170121234e-08,10.0505962089218
"59697_at",1.67863905385973,4.10444077961157,6.31476123916233,4.7450430650335e-09,7.43793662788723e-08,10.0494714027878
"208671_at",-1.88833682509955,8.47477703495868,-6.31390748309688,4.76473972754682e-09,7.46667081122448e-08,10.0454204730939
"222675_s_at",1.55651218344061,5.05387185512397,6.31260624264881,4.79491514623428e-09,7.51180474556904e-08,10.0392468293881
"222885_at",-1.66315223284615,4.77734225833884,-6.31052158628724,4.84365058680945e-09,7.58598097490137e-08,10.0293576449009
"238647_at",-1.50806489406165,4.25452354858678,-6.30979056111328,4.8608559053678e-09,7.6085684691092e-08,10.0258901959659
"216033_s_at",-1.67049087360859,4.30879927092562,-6.30475842085056,4.98093625661995e-09,7.78538278532577e-08,10.002026835825
"202053_s_at",-1.7643781305888,7.83995930405785,-6.30185677369371,5.05150059734745e-09,7.88891160125598e-08,9.98827099413143
"244265_at",1.64184991315271,5.23683409991736,6.29903718398951,5.12101238270595e-09,7.98834099927098e-08,9.9749071911563
"238774_at",1.75354035143326,5.61833484256198,6.29646845752046,5.18515924891273e-09,8.08379190003717e-08,9.9627349874057
"223211_at",-1.62224387384729,6.810543923,-6.29530540473396,5.21446295799806e-09,8.11814414479107e-08,9.95722454515976
"239131_at",1.67373957905486,5.32165163912397,6.29500530619558,5.22205053001905e-09,8.12508858078518e-08,9.95580278717593
"226277_at",-1.61269426846776,6.79740532704959,-6.29307187923047,5.27119590653735e-09,8.19688953896273e-08,9.94664372450064
"209774_x_at",-2.39014779713631,4.41705917530579,-6.29239379729987,5.28853960161485e-09,8.21761822958802e-08,9.94343183677711
"228950_s_at",-1.58780031624661,3.60607623185124,-6.28939912630425,5.36581069004026e-09,8.33453691698725e-08,9.92924897529373
"238688_at",1.62301300654412,5.37712608649587,6.28909667632385,5.37367631535134e-09,8.34438377000381e-08,9.92781675005307
"1557780_at",1.60340654021041,5.39813547101653,6.28831191146612,5.39413819671887e-09,8.37140238165212e-08,9.92410072605741
"231736_x_at",-2.86894142368835,9.12701180550413,-6.28572999062213,5.46200200138427e-09,8.469511044404e-08,9.91187643607598
"219288_at",2.11177087239084,8.29581487532231,6.28559384261261,5.46560379313008e-09,8.47269314968492e-08,9.91123190335347
"225241_at",-2.13844831643891,6.84817010828099,-6.2807495856954,5.59529204681913e-09,8.65900347183232e-08,9.88830346067691
"230491_at",2.22352137664084,5.78098693150413,6.27923753138733,5.63638923380196e-09,8.7176684966937e-08,9.88114854438984
"222848_at",1.5840740322319,4.51130418140496,6.27267830948099,5.81813575996182e-09,8.98352365647875e-08,9.85012086486572
"218698_at",-1.67733355822964,7.0828442185124,-6.27178284410785,5.84339135919024e-09,9.01742654709924e-08,9.84588622849956
"228708_at",2.95753359185407,8.353528655,6.27106125614075,5.86382146625434e-09,9.04640063960091e-08,9.84247407581535
"222731_at",-2.37143135191855,5.5412969254876,-6.26538907011419,6.02688501878433e-09,9.28225178597276e-08,9.81565904978083
"201984_s_at",-2.09400986131957,4.35792685538016,-6.2637607267756,6.07451588399656e-09,9.35034222853356e-08,9.80796338080209
"226103_at",-2.12794736020588,5.88470903443802,-6.26198417209125,6.12690496837861e-09,9.42567611553463e-08,9.7995684038626
"235575_at",1.88357112283937,5.76368508178512,6.25965998189049,6.1961156243083e-09,9.51875868949301e-08,9.78858742852938
"214404_x_at",2.8269072134457,8.26165945621488,6.25851737795816,6.2304222327191e-09,9.56608636826501e-08,9.78318978343485
"243332_at",1.97727639560351,6.98006925870248,6.25832047040496,6.23635323361446e-09,9.56981793566855e-08,9.78225964509654
"217143_s_at",-1.92937956126131,3.54715818104132,-6.2556900170941,6.31611965558737e-09,9.68406736313066e-08,9.76983550716533
"202890_at",1.94512054731222,8.53782336186777,6.2536735112578,6.37794808209764e-09,9.77338316672333e-08,9.76031294681004
"204976_s_at",1.68184315020249,6.58414105183471,6.25136651857275,6.44941430467027e-09,9.8718288664011e-08,9.74942052000877
"204677_at",-1.54816564217081,5.01042445705785,-6.24960166114571,6.50461799584661e-09,9.95354013218342e-08,9.74108914666249
"1557987_at",1.54857255838462,9.05822838399174,6.24746630718946,6.57203288413638e-09,1.00426466724471e-07,9.73101035803732
"201843_s_at",-3.21861197822907,6.22499835307438,-6.2436153721968,6.69535350770326e-09,1.02082669557634e-07,9.71283849747415
"205619_s_at",-2.13091746752092,4.89877916780992,-6.24355358532031,6.69735059923505e-09,1.02084651244264e-07,9.7125469826828
"205559_s_at",-2.14530252656278,6.51347692729752,-6.24107070801073,6.77808997024531e-09,1.03200242028171e-07,9.70083380317924
"213353_at",-1.54759664157975,5.46799090418182,-6.23799643067134,6.87938965029368e-09,1.04626044264202e-07,9.68633391545935
"214696_at",-1.7016898599802,7.74511127304132,-6.23445615843331,6.99789168441723e-09,1.0625096579992e-07,9.66964064098333
"213050_at",2.40292440172681,5.48360586642975,6.23179650622769,7.08823693421815e-09,1.07592824646968e-07,9.65710287427697
"209335_at",-2.67701517914819,9.18715025518182,-6.22823250293673,7.21110447972068e-09,1.09306109628148e-07,9.64030619874666
"240392_at",1.95608872339197,5.8617864738843,6.22623802885095,7.28077566291642e-09,1.10270473509683e-07,9.63090863686696
"225782_at",-2.4492073084785,7.88935896355372,-6.22522154873493,7.31653795794844e-09,1.10781421448582e-07,9.62611977495899
"226706_at",1.66038274758428,5.27619935975207,6.22496347026827,7.32564529133717e-09,1.10818972145125e-07,9.624903973684
"201818_at",1.63299731430826,6.65298678504132,6.22442039721726,7.34484626772032e-09,1.10994878299505e-07,9.62234565367815
"215191_at",1.77360809327828,5.44751098266116,6.22427304820077,7.35006450208586e-09,1.11043044114823e-07,9.62165153839238
"213133_s_at",-1.5314787208552,6.72304894647107,-6.22393032647902,7.36221580782867e-09,1.1119589759476e-07,9.62003711551405
"212526_at",-1.79875390523982,7.08004883804959,-6.22380891344566,7.36652528707531e-09,1.11230259616361e-07,9.61946519885528
"200782_at",-1.64476967896437,9.76502534000826,-6.22342360656809,7.38021796434666e-09,1.11406244395542e-07,9.61765024659283
"201010_s_at",-2.0726605511793,10.9324929403719,-6.22157305019984,7.44633124694234e-09,1.12373215822957e-07,9.60893416923146
"212686_at",2.18829851474321,6.51457369033058,6.22119371426645,7.45995529576547e-09,1.12516705047166e-07,9.60714766871515
"221245_s_at",-1.95141293313179,4.47281334163636,-6.2206647381334,7.47899472714453e-09,1.12772762467354e-07,9.60465652315292
"234192_s_at",-1.752586101625,6.19146937856198,-6.21930620700895,7.52811177867589e-09,1.13450802508022e-07,9.59825918831866
"202613_at",1.85016726567874,5.35779678187603,6.21674624438759,7.62153048572955e-09,1.14732152892969e-07,9.58620623575265
"213187_x_at",-1.59760772284503,11.8146765034711,-6.2162820554008,7.63859157080061e-09,1.14957333920596e-07,9.5840209871183
"226121_at",1.98700390245645,4.46919484768595,6.21290710056115,7.76377217698298e-09,1.16744841522702e-07,9.56813531335594
"225065_x_at",-1.83871325826923,6.63315442552893,-6.21007930383693,7.87021122305153e-09,1.18280318477279e-07,9.55482846132658
"225321_s_at",1.725326142556,9.05903014256198,6.20894763600631,7.91320880748446e-09,1.18861178997036e-07,9.54950400235672
"50965_at",1.90381331935747,5.92084641639669,6.20760768854158,7.96441900507412e-09,1.19597530651587e-07,9.54320023512801
"202039_at",1.72830341100905,5.94989646304132,6.20495011495776,8.06695329608593e-09,1.21004299441289e-07,9.5306997665379
"222258_s_at",2.0400034434112,8.91239764249587,6.20289779427411,8.14702389150961e-09,1.22138341450038e-07,9.52104810635446
"223103_at",2.92906796641007,8.48274244789256,6.20035725925211,8.24722620414179e-09,1.23437474051862e-07,9.5091027308318
"238883_at",1.84205778338292,7.15709174921488,6.20024029882313,8.25186838237278e-09,1.23473153751021e-07,9.50855285327741
"217890_s_at",-1.79029512945588,6.52666827502479,-6.19976678594311,8.27068848200682e-09,1.23687060381215e-07,9.5063267348718
"209355_s_at",-2.82878563181448,5.76191975561157,-6.19743325746466,8.36405508643289e-09,1.24980790339087e-07,9.49535742583577
"226322_at",-2.7823712229327,5.7264206954876,-6.19284203124153,8.55079283169093e-09,1.276664658855e-07,9.47378143947058
"208296_x_at",-2.06983709183201,7.17811858928926,-6.19228444344836,8.57374903797136e-09,1.27869538639139e-07,9.47116167177806
"227062_at",2.23862476630091,10.1640468865041,6.18627177413222,8.82518037410312e-09,1.31297071280024e-07,9.44291945936899
"225014_at",-2.07117658440837,6.35705766135537,-6.18616589432507,8.82967233546195e-09,1.3132816510919e-07,9.44242225558557
"225286_at",1.7095817078603,6.83983524205785,6.18516457836439,8.872264683055e-09,1.31925774149043e-07,9.43772036543653
"204444_at",1.95315559887953,5.29200904889256,6.1834265500373,8.94667469644985e-09,1.32959891010708e-07,9.4295600146315
"204964_s_at",-1.81172792153563,4.69600360531405,-6.17992281013101,9.09855184583781e-09,1.35070139063585e-07,9.4131129155735
"228716_at",-1.87859307169288,6.0985959436281,-6.17926934292571,9.12715721406827e-09,1.35387528357039e-07,9.41004596897661
"1554287_at",1.60182762257127,5.93441248001653,6.176643670659,9.24299033047465e-09,1.36954064043009e-07,9.39772446563414
"210757_x_at",-2.01541297614083,5.08707249067769,-6.17611285426151,9.26658280556739e-09,1.37192097182344e-07,9.3952338284758
"225968_at",-1.84325666933258,5.73545492523967,-6.17417355229972,9.35328115575801e-09,1.3832584452017e-07,9.38613538928531
"241903_at",1.9861582964621,5.62588754654545,6.17370758406281,9.37423136401291e-09,1.38560719066614e-07,9.38394946932407
"224568_x_at",1.83246402744231,10.5742789727521,6.17346976514678,9.38494163524356e-09,1.38681536191065e-07,9.38283386137564
"226818_at",-2.14965320960747,4.69190381106612,-6.1727956670454,9.41536540028692e-09,1.39093516147173e-07,9.37967178903747
"203764_at",2.0825619103043,5.05807795071074,6.16662036341174,9.69862812137159e-09,1.43084860371288e-07,9.35071283215474
"222514_at",-1.57025290691007,7.71162398968595,-6.16636844188682,9.71036013819464e-09,1.43219298774155e-07,9.34953176849601
"206697_s_at",-2.07029855065498,3.90741277481818,-6.16005003889929,1.00092194643078e-08,1.47230044178377e-07,9.3199178416902
"222744_s_at",-1.56389950732127,5.2669160477686,-6.15648829936683,1.01816590927748e-08,1.49605539074836e-07,9.30323111680181
"205226_at",-2.47694256043326,6.25714651553719,-6.15572450515739,1.02190166468053e-08,1.50114114767351e-07,9.29965339542612
"236462_at",1.56749105784785,3.93973170786777,6.15346823692019,1.03301612700794e-08,1.51706034768088e-07,9.2890860519513
"208610_s_at",1.54544118718722,9.97152752227273,6.15215090079529,1.03956027990604e-08,1.52585122963389e-07,9.28291716934983
"222680_s_at",1.70750065129412,5.10738752928099,6.14935831800925,1.05356822353349e-08,1.54392502336353e-07,9.26984219259872
"207469_s_at",-2.03937379896324,5.82448088121488,-6.14718737356848,1.06458610624339e-08,1.55923507524397e-07,9.25967987222795
"242920_at",1.62715536287953,6.83281381394215,6.14326325238799,1.08479002207032e-08,1.58755070815564e-07,9.24131554242378
"202861_at",-1.51212409955882,3.75459917304132,-6.14132095481969,1.09492932769096e-08,1.60110353012846e-07,9.23222811392642
"227840_at",-1.56996396598303,5.98646715590083,-6.14102581342375,1.09647818211108e-08,1.60251121643741e-07,9.23084736612754
"220199_s_at",-1.96168344782353,5.51423649528926,-6.13882476592472,1.10809710192589e-08,1.61776259139647e-07,9.22055138182604
"209004_s_at",-1.6043204043948,9.41164664652893,-6.13683308717645,1.11871514506275e-08,1.63152175396922e-07,9.21123642571939
"212509_s_at",-1.71946770482749,8.95566134099174,-6.13594483177839,1.12348283010884e-08,1.63760127262599e-07,9.20708261695244
"1555938_x_at",-1.91233448175792,3.77859580913223,-6.13391648141096,1.13444500911676e-08,1.65269866436075e-07,9.19759847531846
"242736_at",-2.14543893837669,4.02991061560331,-6.13364947277153,1.13589586711427e-08,1.65437151130721e-07,9.19635012010806
"223229_at",2.05700159896437,5.18443750466942,6.12678948660184,1.17380362154197e-08,1.70698694455661e-07,9.16428706124441
"242197_x_at",-2.65113039890271,3.882260251,-6.12677321507035,1.17389499982311e-08,1.70698694455661e-07,9.1642110315098
"229800_at",-2.46531498444457,6.42710081473554,-6.12434493594955,1.18761056069312e-08,1.72647187997597e-07,9.15286592530868
"235616_at",-1.85621727872228,5.65932582167769,-6.12269807697324,1.19700203854096e-08,1.73919974640519e-07,9.14517300605869
"226548_at",1.77762709817308,5.93943173844628,6.12139503587647,1.20448457564443e-08,1.74914194351552e-07,9.13908691559017
"232360_at",2.81610808855656,6.09627837598347,6.11991052636581,1.21306524919294e-08,1.76113495750461e-07,9.13215406611292
"210791_s_at",1.93692476436425,6.23156113785124,6.11982086833029,1.21358540635599e-08,1.76142240755279e-07,9.13173537965952
"223437_at",-1.5690883078405,3.88506336328099,-6.1191498961693,1.21748506773968e-08,1.76567628855881e-07,9.12860216515018
"230326_s_at",-1.51633912508088,7.43763120483471,-6.11834794883801,1.2221621239633e-08,1.77151946255815e-07,9.12485757547032
"203335_at",-1.85598461067308,8.54742979176859,-6.11687214995427,1.23081540019853e-08,1.78264455644648e-07,9.11796719140821
"203148_s_at",1.61796811433258,8.52526860979339,6.11586827637794,1.23673597600365e-08,1.79027110108551e-07,9.11328068319929
"201694_s_at",-1.9372640637811,9.43519526107438,-6.11489255778692,1.24251734445964e-08,1.79816399704422e-07,9.10872599884832
"1566557_at",1.55433280029694,5.73181927677686,6.11323455332578,1.25240244837141e-08,1.81151068425151e-07,9.10098725252744
"218418_s_at",-1.78152754567477,7.44655288539669,-6.10964163333755,1.27408981605825e-08,1.84190535941261e-07,9.08422103443448
"200785_s_at",-2.0266621285707,6.15829298403306,-6.10925164334145,1.27646595820848e-08,1.84485266362804e-07,9.08240147128469
"203498_at",-1.55712622870419,5.6849783071405,-6.10587400254969,1.29722853009191e-08,1.87386974591216e-07,9.0666450654682
"209502_s_at",1.50380388873417,6.0264834592562,6.10275098828615,1.31672125332744e-08,1.9005209748067e-07,9.05208052359829
"227755_at",1.50094481390045,6.94009270797521,6.09994626854313,1.3344726577299e-08,1.92512645280692e-07,9.03900370764648
"219474_at",1.9953993659095,5.36967422715702,6.09122566756815,1.39118349841551e-08,2.00113017037274e-07,8.99836461005401
"202350_s_at",-3.1896849441233,6.38807287842149,-6.08822908913001,1.41121245896675e-08,2.02940665949519e-07,8.98440721468543
"216598_s_at",-2.03801559843948,5.74174288394215,-6.08655522881438,1.42252361153511e-08,2.04513485302871e-07,8.97661231488929
"213412_at",1.57035646232749,4.96785722491736,6.0851683818722,1.4319627627998e-08,2.05708260788437e-07,8.97015484290088
"222740_at",1.89032233197681,7.00257425228926,6.07845660689539,1.47852185391819e-08,2.12173706989441e-07,8.93891423231557
"202709_at",-2.55032860514366,7.73565080180165,-6.07510913465538,1.50229622113435e-08,2.15320616665992e-07,8.92333987347708
"210764_s_at",-1.93387313400113,5.86512351617355,-6.07190570674665,1.52539938843956e-08,2.18499375328617e-07,8.90843992049936
"204600_at",1.5812375638897,6.98224270343802,6.07118115201125,1.53067313713701e-08,2.19082601499911e-07,8.90507040724564
"210105_s_at",-1.61382811696493,6.85166630793388,-6.06494293293419,1.57682662212981e-08,2.2515799311817e-07,8.87606858406731
"212472_at",1.97214319699548,5.49064320640496,6.0643047117969,1.58162496033401e-08,2.25784189833583e-07,8.87310234562994
"238134_at",1.80507998113349,4.41814152685124,6.06409503934217,1.58320447170795e-08,2.25891713180147e-07,8.87212789411522
"203767_s_at",-2.06351611843213,5.00463947675207,-6.06118640737729,1.60527652678651e-08,2.28723685292542e-07,8.85861187848143
"225230_at",-1.596347701694,7.68228160750413,-6.05854602893205,1.62557476603923e-08,2.31453907117695e-07,8.8463453655024
"218342_s_at",1.54178244243665,5.93320868657025,6.05692707896256,1.63814522748616e-08,2.33061645362492e-07,8.83882554067882
"226039_at",2.16638320028054,8.09478900204959,6.05617864331807,1.64398877079724e-08,2.33832169727729e-07,8.83534950757287
"202183_s_at",1.52504798951245,6.03978759219008,6.05042232194244,1.68962248229609e-08,2.40010676070509e-07,8.8086224527787
"222689_at",-1.92301772591912,6.0042866285124,-6.04854305388512,1.7047884588185e-08,2.41976399236504e-07,8.79989977522985
"203939_at",-1.64159655799095,4.70032285247934,-6.0371684338159,1.79948143022202e-08,2.54623828150592e-07,8.74713480223535
"228051_at",2.67254006490498,6.37976235128099,6.03401268916631,1.82665665898075e-08,2.58201791183487e-07,8.7325051673831
"212397_at",-1.54130020585746,8.18098876864463,-6.03204392464961,1.84381430979011e-08,2.60559698598537e-07,8.72338028148854
"232712_at",-2.02314909864876,3.12110629282645,-6.03033712175138,1.85881711561389e-08,2.62544112105889e-07,8.71547082366892
"239551_at",1.54958882885181,4.07774844236364,6.03009381887563,1.86096549795466e-08,2.62653494810716e-07,8.71434343607018
"209343_at",2.8710012813405,9.04385171724793,6.02999689193326,1.86182204971284e-08,2.62697085336902e-07,8.71389431440129
"206346_at",2.23224644295701,4.8043202421157,6.02915104914836,1.86931330136704e-08,2.6341877721992e-07,8.70997517158021
"213564_x_at",-2.41351651599661,11.2176134101157,-6.02805706688775,1.87904616909947e-08,2.64717467909078e-07,8.7049067286454
"232628_at",-1.77643768791629,5.24579400023141,-6.02181885586582,1.93550518821543e-08,2.72180417092795e-07,8.67601432050859
"209442_x_at",1.65692485641573,6.63690401776859,6.01968634942749,1.95518530434264e-08,2.74877234545985e-07,8.66614122575443
"242693_at",1.62464501102998,5.68228761633058,6.0194370533626,1.95749876732233e-08,2.7506102570894e-07,8.66498715457924
"1562497_at",1.76218247011143,4.8926488605124,6.01592224751675,1.99040391271866e-08,2.79325805769745e-07,8.64871870731394
"202095_s_at",2.29268000719287,5.35812557253719,6.0126130123279,2.02188112593272e-08,2.8352487961111e-07,8.63340638701147
"218355_at",1.96872118930091,4.65094969876859,6.01211695464388,2.02664156681306e-08,2.84119558116678e-07,8.63111144237518
"230319_at",-1.96501166088009,3.09380991235537,-6.0103174351092,2.04400338615e-08,2.86480095200593e-07,8.6227870542029
"204362_at",-1.8928394829819,7.55925931478512,-6.00855248990396,2.06117359879737e-08,2.88696652481474e-07,8.6146238962184
"238012_at",1.55059664526075,4.89358327096694,6.00852907465237,2.06140234346168e-08,2.88696652481474e-07,8.6145156054895
"226653_at",-1.61516808351018,3.50663675850413,-6.00678647233762,2.07849610946584e-08,2.90866571418617e-07,8.60645706067601
"227780_s_at",-1.76487617790328,5.34081395968595,-6.00673284657741,2.07902434586914e-08,2.90866571418617e-07,8.60620909184289
"228746_s_at",-1.65117530517704,5.90052751186777,-6.00667351755716,2.07960891552879e-08,2.9087392544522e-07,8.60593475216134
"206074_s_at",1.61648924028281,7.05282129702479,6.00351566810026,2.11095747397559e-08,2.95032208306788e-07,8.59133482523265
"243993_at",1.71443622269457,6.83580888573554,6.00324816539748,2.11363426045581e-08,2.95330828495838e-07,8.59009824817885
"236022_at",1.51578402186482,6.14794356589256,6.00076917089132,2.13859974079613e-08,2.98590247262585e-07,8.57864007416529
"213459_at",1.51963052801527,5.163359729,6.00048507050215,2.14147930497571e-08,2.98915958640661e-07,8.57732709397398
"212589_at",-2.12855084559842,6.33173716066116,-5.99993598606281,2.14705547825058e-08,2.99541358186656e-07,8.57478957474794
"204036_at",-1.73202480634219,6.2336396281157,-5.99822825094021,2.16448957551965e-08,3.01896600871268e-07,8.56689830329295
"229666_s_at",1.72524020268099,7.1449379658843,5.99657411965596,2.18150904651546e-08,3.0419282611128e-07,8.55925587683732
"202017_at",-1.83076638794683,4.62024134264463,-5.99562422434816,2.19134195867826e-08,3.05330330251615e-07,8.55486767576038
"219304_s_at",-2.61565956969118,6.31199249028099,-5.9907675574863,2.24230075140483e-08,3.12033070967317e-07,8.53243731052934
"228868_x_at",1.7232761347121,5.13188694723141,5.98735536798466,2.27879797096247e-08,3.16789420448444e-07,8.51668405138741
"204326_x_at",-2.02619108642817,9.81710009828926,-5.9857394535887,2.2962850670589e-08,3.19139262942159e-07,8.50922544399891
"207943_x_at",-1.58501490030204,6.27492317924793,-5.98319512296544,2.32408690578234e-08,3.22593174850595e-07,8.49748371966038
"221768_at",1.73737025668891,7.04535577101653,5.98220293678441,2.33501790872923e-08,3.24028183146626e-07,8.49290564835101
"204939_s_at",-1.98178323020079,4.33086220839669,-5.98062409552424,2.3525163813786e-08,3.2620804755738e-07,8.48562151842918
"226731_at",-1.82491348404242,6.42812286320661,-5.9791560623681,2.3689023239187e-08,3.28313649075424e-07,8.47884953944536
"211896_s_at",-2.78339606586877,9.66908618492562,-5.97892509487532,2.37149053427276e-08,3.28589064777909e-07,8.47778417691996
"221765_at",1.71011522885804,8.62891290667769,5.97860364343185,2.37509732846418e-08,3.290054381398e-07,8.47630148423394
"214761_at",-1.80513571527319,6.58590186919008,-5.9781796469848,2.37986295686678e-08,3.29498625390456e-07,8.47434586896978
"223349_s_at",-2.39185681768778,6.9732926482562,-5.96659744364625,2.51374050824695e-08,3.46979960334264e-07,8.42095371228128
"212632_at",-1.76649425760521,7.42333266949587,-5.96188024055369,2.57036242526132e-08,3.53991349121317e-07,8.3992241393443
"222835_at",3.04140102813462,7.96004017545455,5.95893469326394,2.60635218690912e-08,3.58586577300594e-07,8.38566032098074
"224840_at",-2.14268410577319,8.83701533572727,-5.95852178086099,2.61143670211473e-08,3.59195727517291e-07,8.38375920857041
"212766_s_at",1.50289947370022,8.43433300856198,5.95593373790283,2.64352798296444e-08,3.63244263555116e-07,8.37184508103471
"228185_at",-1.60008533991629,6.47865609006612,-5.95572073300424,2.64618639587686e-08,3.63518193956199e-07,8.37086463168477
"219696_at",1.76193633133031,6.94527157533058,5.95402315971608,2.66746708224007e-08,3.66165610648948e-07,8.36305147673448
"205483_s_at",2.46443554443891,10.2835546512397,5.95394007364714,2.6685129492368e-08,3.66217232679523e-07,8.36266910040464
"229150_at",3.99878834623643,8.45965645121488,5.95177354316876,2.69592735774691e-08,3.69515738994264e-07,8.35269937477723
"211996_s_at",1.70795543724379,9.75883902380165,5.94998360813488,2.71878503270297e-08,3.72461968586908e-07,8.34446410998326
"209016_s_at",3.64729251632523,8.06155439082645,5.94885432143206,2.73330398670405e-08,3.74357203088788e-07,8.33926909448113
"225293_at",2.41628023852206,8.19368239199174,5.94415090862555,2.79459817822275e-08,3.81891165694398e-07,8.31763790497364
"225299_at",1.61936172922907,6.23611098943802,5.94077857824121,2.83937498668049e-08,3.87525779822157e-07,8.30213412686576
"229308_at",-1.77282046726018,3.85967368921488,-5.94057661694794,2.8420788215661e-08,3.87798002418584e-07,8.30120579184497
"226134_s_at",1.94143843201188,7.10381747266942,5.93996111472091,2.85033470423413e-08,3.88827469945112e-07,8.29837668069396
"232615_at",2.01593496833541,9.24080290165289,5.93948042920205,2.85679863547305e-08,3.89612036404313e-07,8.29616735531823
"1552477_a_at",2.00107040752432,4.82564881038843,5.93880480171326,2.86590836167174e-08,3.90756956794021e-07,8.29306220223482
"209074_s_at",-1.59199374135351,3.39255978870248,-5.93658150761264,2.89608772944653e-08,3.94478317407795e-07,8.2828453975612
"201170_s_at",1.67040158325566,9.452940016,5.9295857479744,2.99310021844448e-08,4.07083966277244e-07,8.25071102158176
"213844_at",-1.77161221165158,4.1771766122562,-5.92613596488944,3.04210753303465e-08,4.1333804515077e-07,8.23487234569182
"205739_x_at",1.73877917108937,6.65918434194215,5.92526215394543,3.0546453827828e-08,4.14835410590287e-07,8.2308612928724
"235561_at",-1.55629295473077,3.93608152544628,-5.92380494090965,3.07566714039266e-08,4.1737925267056e-07,8.22417296659673
"202783_at",-1.72402196802093,5.17803227901653,-5.92041981028001,3.12505098294318e-08,4.2376528395937e-07,8.20863932883888
"201848_s_at",-1.70844108309955,5.50356495457851,-5.91863067288396,3.15146545131189e-08,4.26891135062345e-07,8.20043131548613
"218491_s_at",-1.6376172071052,7.99323729095041,-5.91859418516425,3.15200642386225e-08,4.26891135062345e-07,8.20026393509275
"205951_at",-1.89660344893665,2.7629853341405,-5.91576837432966,3.19418052809342e-08,4.32067838628174e-07,8.18730278056694
"221381_s_at",-1.53172321908144,6.881444521,-5.91570060493184,3.1951987340537e-08,4.32098666298259e-07,8.18699198392314
"209596_at",1.78263445861878,9.69918380926446,5.9153631234229,3.20027399603907e-08,4.32677993900683e-07,8.18544429183489
"212444_at",2.72588128267534,7.32887720931405,5.91501881818217,3.20546003622188e-08,4.3327200860428e-07,8.18386535570609
"238447_at",-2.46395394661199,8.01383178608264,-5.91478188875602,3.20903353898608e-08,4.33647821908215e-07,8.18277885930454
"213887_s_at",-1.84475225527545,6.28969438647107,-5.91375062162796,3.22463331811193e-08,4.3554057971287e-07,8.1780500144742
"209946_at",-1.61065545902489,5.87121241766116,-5.91107053792201,3.26552352762385e-08,4.40628082114595e-07,8.16576267450562
"242722_at",1.73645141493778,5.81794520079339,5.90601742533303,3.34400893842963e-08,4.50218391304211e-07,8.14260401864973
"224610_at",1.61737895349491,8.39259583767769,5.90419341877349,3.37279216760886e-08,4.53758395088618e-07,8.13424716828363
"230712_at",1.58535793501188,7.28934558709091,5.90134859102064,3.41817047226353e-08,4.5929828107891e-07,8.12121615143316
"207480_s_at",-1.9207918536414,6.51717353299174,-5.89887365533496,3.45813583110268e-08,4.64098126081343e-07,8.10988225716833
"228455_at",1.66025291724152,5.1974936648595,5.89666236277726,3.49423175376411e-08,4.68597304726644e-07,8.09975791034921
"209772_s_at",2.35976198679129,7.42251282708264,5.89589953858032,3.50676929616845e-08,4.70163342981879e-07,8.0962658213966
"212915_at",-2.12544496591233,7.47433170590909,-5.89490459623878,3.52318825723239e-08,4.7213313226515e-07,8.09171150406123
"209803_s_at",2.52275135274435,7.57756907757025,5.89447018946046,3.53038067369145e-08,4.72981042230042e-07,8.08972315273807
"204220_at",-1.97890297666572,6.60917517538843,-5.89308156949497,3.5534687101969e-08,4.75608082570418e-07,8.08336774919437
"222621_at",1.59610569788009,8.29061100504132,5.89255773773778,3.56221671158853e-08,4.76662258213663e-07,8.08097050138689
"211730_s_at",-1.54780607139593,10.2784499063306,-5.89104084697557,3.5876682668202e-08,4.79715731201747e-07,8.07402930736041
"232583_at",1.5859845647302,4.15269069657025,5.88911676620774,3.62020896949293e-08,4.83948472877815e-07,8.06522624814457
"225895_at",-2.53648927818439,6.6029202306281,-5.88742541794974,3.64905283093223e-08,4.87565893282551e-07,8.05748929019022
"201009_s_at",-2.10496540321775,8.47857667655372,-5.88726365683079,3.65182326065828e-08,4.87816850174667e-07,8.05674938880963
"223374_s_at",1.61144189909163,5.74677509335537,5.87703184589358,3.8313209011855e-08,5.10671551127054e-07,8.00997139844727
"213441_x_at",1.7694191675707,8.371379449,5.87517085591913,3.86488685891839e-08,5.14643665395428e-07,8.00146809681886
"1555419_a_at",-2.36417025046041,7.2732868733719,-5.87415702782153,3.88329418905726e-08,5.1671722995061e-07,7.99683630089825
"242389_at",1.88794567461199,7.16355114793388,5.87223043126276,3.91851146793642e-08,5.21149633931947e-07,7.98803562466422
"213960_at",-1.55941707757466,2.78674803183471,-5.86921945984659,3.97417944623723e-08,5.28039516945372e-07,7.97428471734199
"222620_s_at",1.51844446430656,10.4529426816942,5.8686211262045,3.98533377219356e-08,5.29264328381548e-07,7.97155262989734
"222486_s_at",-1.55667525192307,3.28564941742975,-5.86632116856692,4.02849715438227e-08,5.34606994941384e-07,7.96105208329655
"210260_s_at",-2.11924765839706,6.91754992603306,-5.86598860862722,4.03477617320342e-08,5.35310330671916e-07,7.95953395563024
"209091_s_at",-1.84481668230769,7.04138395334711,-5.86537644381363,4.04635950232445e-08,5.36716899052861e-07,7.95673956289313
"226374_at",2.48540132060747,6.60248625872727,5.86506056563957,4.05234928322988e-08,5.37250720321517e-07,7.95529771397756
"222826_at",-1.55423416966063,4.11351431907438,-5.86095520842861,4.13099251192157e-08,5.46616688260678e-07,7.93656240841589
"209488_s_at",-2.2999066280379,5.59579827092562,-5.8607268168214,4.13541135737798e-08,5.47068995801212e-07,7.93552032762295
"222714_s_at",-1.6927874851448,6.02710568605785,-5.85885114613544,4.17187716612781e-08,5.51092979120652e-07,7.92696306612386
"226326_at",-1.5024907656233,7.16275389871901,-5.8577826355628,4.19279151487613e-08,5.53454553538997e-07,7.92208893971546
"226792_s_at",1.70779790786312,7.90411411694215,5.85670864330734,4.2139168596702e-08,5.5584054113985e-07,7.91719030282508
"201341_at",1.77743419406844,5.9268050855124,5.85448218562775,4.25804445592808e-08,5.61195688151828e-07,7.90703668219146
"226841_at",-2.01584852320645,5.29927118358678,-5.85138679406928,4.3201484997809e-08,5.68208129000531e-07,7.8929238891502
"209868_s_at",-1.82914675367534,5.29758980387603,-5.85071192436862,4.3338062619897e-08,5.69867381852541e-07,7.88984750936561
"211071_s_at",1.62334159044005,6.56685906012397,5.85001336484556,4.34798808664858e-08,5.71457328455556e-07,7.88666334674575
"203911_at",1.8468638465888,6.26346431069422,5.84966264178282,4.3551254658497e-08,5.72257834283423e-07,7.88506476591587
"216176_at",1.63900648450169,4.62898024259504,5.84333276908558,4.48593580918512e-08,5.88315040458615e-07,7.85622259509781
"226421_at",1.53452161300566,5.30744543008264,5.84228277851284,4.50800417359057e-08,5.90925744883875e-07,7.85143996794425
"207809_s_at",1.80828968699095,8.42269941271074,5.84093293743927,4.5365312933104e-08,5.93810985065229e-07,7.84529224434254
"202546_at",1.51325242225,9.36001939903306,5.83616086264584,4.63881032755526e-08,6.06327885869194e-07,7.82356459585704
"233037_at",1.81523454350736,6.2931364192314,5.83601411295376,4.64199119111769e-08,6.06598633781931e-07,7.82289658858826
"222043_at",-2.50687640099208,7.60793993994215,-5.83520826306331,4.65949652731519e-08,6.08595252343425e-07,7.81922851135745
"226499_at",1.5502913208043,6.04215231357025,5.83376946945355,4.6909124273812e-08,6.1225981610663e-07,7.81268009239146
"209959_at",-1.50942001914084,3.61567476709917,-5.83323675708252,4.70259679562242e-08,6.13345610211488e-07,7.81025577205936
"202975_s_at",-2.47996880580543,6.5310252614876,-5.82710466248868,4.83917042643643e-08,6.29806339122618e-07,7.78235808361035
"1553960_at",-1.86280609495022,6.5960352562562,-5.82273120740659,4.93894613739425e-08,6.4233320661758e-07,7.76247121343186
"214744_s_at",-1.99289959442421,5.21937766352893,-5.81917783308467,5.02149657828075e-08,6.51983674703159e-07,7.74631951340372
"201005_at",2.4665286364983,9.92216916492562,5.81764586261699,5.05750293516632e-08,6.56191203085473e-07,7.73935770575409
"216804_s_at",1.75945480933993,6.50129085392562,5.81280904553296,5.17285470234663e-08,6.69885909168172e-07,7.71738422751606
"220233_at",-1.70247135100113,4.19241973386777,-5.80718776147822,5.31016087307004e-08,6.86077845999627e-07,7.69185975425662
"1554608_at",1.51986142972059,4.53590940079339,5.80442736247995,5.37888960638997e-08,6.94429254378682e-07,7.6793307028968
"204565_at",-1.50917116873077,6.27510319823141,-5.79988534357045,5.49388140973931e-08,7.07604160371016e-07,7.65872238167629
"209436_at",-2.31269108011029,6.10439678230578,-5.79633156822881,5.58553214147277e-08,7.18224294061674e-07,7.64260426962317
"215248_at",1.52756637458371,4.7709743178595,5.79346554791103,5.66053706259514e-08,7.27014009625063e-07,7.62960949097946
"229831_at",-1.76712381313009,3.66771985621488,-5.79125463159093,5.71907193626743e-08,7.33842426931289e-07,7.61958746833868
"213993_at",-2.220628848194,5.45208571941322,-5.78330916378874,5.93437405935835e-08,7.60576422164598e-07,7.58358858299286
"200800_s_at",1.50305438881562,11.3224674467438,5.78044609435202,6.01388854878181e-08,7.69684823044581e-07,7.57062354297145
"227996_at",1.69440836224152,5.23124349397521,5.78029298032574,6.01817021560396e-08,7.70052554500694e-07,7.56993028741962
"225681_at",2.20488213881787,10.5813438858678,5.77958490638055,6.03800965140269e-08,7.72229655416239e-07,7.56672446969575
"236907_at",1.51471740290894,6.64674846919835,5.77794031396347,6.08433715667735e-08,7.77427282171848e-07,7.55927939864286
"204679_at",2.60427911170871,7.82900501164463,5.77704733692274,6.10963783065242e-08,7.8011314430388e-07,7.55523738957898
"227429_at",2.09835867616516,6.43532403247934,5.77411079020559,6.19356870315023e-08,7.89907555037879e-07,7.54194775619001
"222336_at",1.53637114677488,6.616581754,5.77182625728841,6.25964523530668e-08,7.97404713980412e-07,7.53161150357418
"207002_s_at",-1.80540445984219,7.03999979771074,-5.77095930011018,6.28490117797287e-08,8.00435527383337e-07,7.52768960230967
"223849_s_at",1.52830624906674,5.31466295991736,5.76691093681622,6.40416614793249e-08,8.14676091526778e-07,7.50938019074238
"240971_x_at",1.95758605451584,6.03554726823141,5.76470288821434,6.47014797656143e-08,8.22495560610315e-07,7.49939696463709
"221427_s_at",1.55509079933145,5.84057480678512,5.76452311437534,6.47554931116807e-08,8.22990838187156e-07,7.49858424994625
"240155_x_at",1.50524065279242,6.6406360933719,5.76363933187768,6.5021670784844e-08,8.2598974213786e-07,7.4945890875237
"212192_at",-1.78710282003449,9.25968463375207,-5.76350513824191,6.50621809600728e-08,8.26282476997677e-07,7.49398249178772
"208158_s_at",-1.78734946541289,8.50818275120661,-5.76168167940856,6.56151035673624e-08,8.32947710133629e-07,7.48574069647848
"225571_at",-2.00219416158088,5.56575612829752,-5.75708200273342,6.70304072173867e-08,8.49336619840236e-07,7.46495729378572
"235028_at",1.53242124402885,7.34968266156198,5.75100862837741,6.89451079052668e-08,8.722298568531e-07,7.43752941673631
"229498_at",-2.02200112700452,6.90150907619835,-5.750996974635,6.89488329459368e-08,8.722298568531e-07,7.43747680315856
"201195_s_at",2.7559401652698,6.78556485970248,5.75083262528545,6.90013871375317e-08,8.72692769314029e-07,7.43673481554471
"219454_at",-2.71500645867025,3.78987523209091,-5.75040538345702,6.91381906409662e-08,8.74018629663544e-07,7.43480600394613
"212158_at",-2.39337303199547,8.13784780879339,-5.74884337454587,6.9640615915546e-08,8.79158734027451e-07,7.42775490031793
"218959_at",2.5345819467664,5.7604327463719,5.74686673481352,7.02815431593022e-08,8.87036789527897e-07,7.41883365355586
"229319_at",-1.50999516229015,6.37081503795041,-5.74176610707147,7.19622673968587e-08,9.06575338691992e-07,7.39582080503767
"203186_s_at",-1.8591093200164,10.1837351495289,-5.74071957112111,7.23119561407152e-08,9.10404600065595e-07,7.39110050768492
"239278_at",2.09650096553507,5.07458724328099,5.73866185017271,7.30043872469445e-08,9.18222883074924e-07,7.38182078091137
"218486_at",-1.5727453634474,5.78889414593388,-5.73842591853371,7.308419341645e-08,9.19015242650507e-07,7.38075691782227
"204359_at",-2.15639202023586,5.72035257766116,-5.73176810409494,7.53718683973808e-08,9.46258761108334e-07,7.35074571872063
"225627_s_at",-1.96035448441459,5.48233530106612,-5.72633749710308,7.72897303948818e-08,9.68113633296716e-07,7.32628099752043
"204033_at",2.18776050222455,5.81685368081818,5.72616325636188,7.73520505417367e-08,9.68672323263732e-07,7.3254962662262
"221874_at",2.75792184539084,6.61459553166116,5.72271547262669,7.85953902145171e-08,9.83116668949605e-07,7.30997120804016
"227063_at",-1.72436492288009,7.20413788207438,-5.72256688151253,7.86494132649775e-08,9.83567399419635e-07,7.30930223513564
"210563_x_at",-1.70755741679412,6.68121361553719,-5.72163456901368,7.89892044883598e-08,9.87139372663102e-07,7.30510509103373
"203002_at",-1.64954478009389,7.94414789809091,-5.72074998410633,7.93129312704467e-08,9.90958527699194e-07,7.30112316949318
"204396_s_at",-1.51241024149208,6.72383378239669,-5.71664835372734,8.08310609342177e-08,1.00877385450316e-06,7.28266443021235
"240262_at",1.71790008062104,6.00187792176033,5.71559146958504,8.12268371737687e-08,1.01278844298194e-06,7.2779093108209
"218931_at",1.57596668713857,4.85029034214876,5.71327251492322,8.21018956467451e-08,1.02299934924471e-06,7.26747765412981
"213931_at",1.51518591466855,7.42145547099174,5.71287798783225,8.22516876721003e-08,1.0246322678223e-06,7.2657031413202
"209173_at",4.3415049709983,9.00320237826446,5.71060550193726,8.31197237166846e-08,1.03426738602861e-06,7.25548326227722
"222958_s_at",1.62990907459898,4.13659527413223,5.71048708196526,8.31652026944283e-08,1.03459782874127e-06,7.25495076459365
"225107_at",1.6935109314474,8.19202126479339,5.70793370944306,8.41517756288623e-08,1.04520634541301e-06,7.24347057554303
"222496_s_at",1.65858370666233,5.66049601858678,5.70072523921882,8.69993132734309e-08,1.07788068280644e-06,7.21107646028507
"204162_at",1.83556326066573,5.42093475039669,5.69581680138833,8.89921085046724e-08,1.10157200192279e-06,7.18903182861382
"1558732_at",1.68057917617817,6.02033631470248,5.69370353366243,8.98637969559605e-08,1.11110427376009e-06,7.17954412478752
"212614_at",-1.60552780141685,7.73379402844628,-5.69326932411152,9.00439349484537e-08,1.11257675554954e-06,7.17759495160943
"236798_at",-1.73237776217817,5.32138980958678,-5.68926840790023,9.17205141561829e-08,1.13141091774676e-06,7.15963878060057
"204011_at",-2.21625417836029,5.4097878338595,-5.68923705647276,9.17337719991932e-08,1.13141091774676e-06,7.15949810345324
"226558_at",-2.10474153805656,6.22049292770248,-5.68463420848263,9.37007350717826e-08,1.15410851318984e-06,7.1388494576127
"229367_s_at",-1.66533704959219,4.54890525261157,-5.6831051542455,9.43632561717963e-08,1.16200698900742e-06,7.13199214902922
"212226_s_at",-1.99795421708201,7.12055318917355,-5.68290250323253,9.44514062820243e-08,1.16283058736088e-06,7.13108340479295
"1555778_a_at",2.39813014481561,7.11498034168595,5.68254423169826,9.46074464526659e-08,1.16411190772842e-06,7.129476859735
"223623_at",-2.48029995239423,4.9276190467438,-5.68232769796632,9.47018771597359e-08,1.16460304401902e-06,7.12850591708354
"202075_s_at",-2.2840543171035,5.72168505909091,-5.68199279474925,9.48481109350722e-08,1.16613907474141e-06,7.12700424447452
"225381_at",-1.98623071645249,4.84021594917355,-5.67988229729026,9.57747534851666e-08,1.17673812287674e-06,7.11754215188868
"1562957_at",1.70498955614706,5.39312518827273,5.67396450999773,9.84206118361653e-08,1.20608320577135e-06,7.09102141289481
"212298_at",-2.14754370636934,5.63729329793388,-5.67352944658677,9.86179320819887e-08,1.2081414825415e-06,7.08907228952544
"223839_s_at",-2.29369493306561,8.01286939036364,-5.67337350727955,9.8688751699823e-08,1.20873823906537e-06,7.08837368823979
"203256_at",2.7743213748422,6.72568840052066,5.67004018384562,1.00214550167189e-07,1.22632733446532e-06,7.07344318251647
"205433_at",-2.07409615465158,2.94367237631405,-5.66974713244374,1.00349791974262e-07,1.22770751313331e-06,7.07213079801932
"226844_at",-1.51783290088971,4.85135133441322,-5.66586106748459,1.02160191920162e-07,1.24790180814005e-06,7.05473135575692
"219257_s_at",1.75902642162104,6.28279654079339,5.66502740589966,1.02552718685436e-07,1.25157810136746e-06,7.05099961841498
"204078_at",1.67032831706392,7.11041702187603,5.66483461860658,1.02643702116381e-07,1.25212949870886e-06,7.05013668546145
"235747_at",-2.11611611223246,6.86262296584298,-5.66098527047714,1.04476996477173e-07,1.27278961283187e-06,7.03291020049834
"218704_at",1.86818867963292,5.75485984552066,5.65954994915191,1.05168763940579e-07,1.28036120428661e-06,7.02648861971507
"242281_at",-1.63925043691742,5.75953104841322,-5.65819349520809,1.05826644267206e-07,1.28684903188468e-06,7.02042075091196
"212810_s_at",2.09563187944287,6.7869286734876,5.65393726600335,1.0791720058547e-07,1.31061149311652e-06,7.00138666531673
"220318_at",1.74325349153394,4.87765660473554,5.65375232076342,1.08008952655477e-07,1.31102070964364e-06,7.00055976743748
"238673_at",1.94288185203337,6.56916129802479,5.65367605702805,1.08046809650741e-07,1.31102070964364e-06,7.00021879363801
"204379_s_at",2.81896322658484,6.43122669644628,5.65355769731616,1.08105588656639e-07,1.31144287992051e-06,6.99968961473049
"225202_at",-2.57409897870135,8.47675277950413,-5.65088724707687,1.09440128522502e-07,1.32557355493306e-06,6.98775189613371
"225651_at",-1.54393657614027,6.97360513219835,-5.64989230108303,1.09941462164267e-07,1.3307614442841e-06,6.98330501914554
"203259_s_at",-1.50102132862217,8.30255106283471,-5.64953451935784,1.10122290773923e-07,1.33236031158757e-06,6.98170603644393
"211744_s_at",-1.55815241786369,4.87227383761157,-5.64509408056778,1.12390955000575e-07,1.35830580562698e-06,6.96186588309295
"205180_s_at",1.54425425971097,5.14025155796694,5.63857759670061,1.1580341400757e-07,1.39492215484994e-06,6.93276615258982
"208699_x_at",-1.54128639198756,5.0732053254876,-5.62759816133507,1.2178391766686e-07,1.46277146274946e-06,6.88378085406034
"202746_at",-2.71066373648416,7.48048282957851,-5.62639980727441,1.22454692369588e-07,1.46864382904524e-06,6.8784376858437
"221760_at",-2.11776360731335,8.75255965971901,-5.62260765562828,1.24601270058161e-07,1.49234927501203e-06,6.86153375581927
"214774_x_at",3.28245652486765,7.34831574687603,5.62017098104803,1.25999973292602e-07,1.50844066997439e-06,6.85067550266389
"1557383_a_at",1.70793882522851,4.154911018,5.61598311379092,1.28439910785969e-07,1.53496221250773e-06,6.83202001017869
"1554769_at",1.7573487149293,6.32075090942975,5.61520400050203,1.28898916143592e-07,1.53977457726696e-06,6.82855022265855
"225239_at",1.72608572755091,11.4890415947686,5.61499634012133,1.29021527716622e-07,1.54067979506815e-06,6.82762545264105
"204834_at",-2.21983954997794,5.4737310882562,-5.60472420552455,1.35231328597336e-07,1.60734193283899e-06,6.78190558244988
"201324_at",-2.21712124283032,9.43891565830578,-5.60445805963562,1.35396050871387e-07,1.60895002855751e-06,6.78072165099197
"234989_at",1.97122621726979,9.78060165277686,5.60400606179414,1.35676250448147e-07,1.61157918602051e-06,6.77871104508702
"201951_at",2.21975912993326,7.52317830220661,5.60292155349386,1.36350869695338e-07,1.6188889903567e-06,6.77388725063805
"212650_at",-1.54142380728054,7.41661277471074,-5.59624380962064,1.40577737148097e-07,1.66509700575655e-06,6.74419724382105
"216623_x_at",3.13430778604185,6.72982592761157,5.5956182493074,1.40980214079375e-07,1.6695025351505e-06,6.7414169894574
"203608_at",-1.55813502169853,4.32066114309917,-5.59294911273912,1.42710215415475e-07,1.68633694139638e-06,6.72955625660184
"237881_at",2.61136390190611,6.53476255733058,5.59240408959141,1.43066019427786e-07,1.69017601819667e-06,6.72713476566194
"36499_at",1.88660012255657,5.32636925226446,5.59008806380111,1.44587688592745e-07,1.70667786567538e-06,6.71684639928159
"208964_s_at",-1.56595256342421,5.61659972491736,-5.58423840554545,1.48501926482265e-07,1.75023557456733e-06,6.69087184063597
"230180_at",1.55921591163744,9.58126493444628,5.5825361543712,1.4966033013363e-07,1.76235846595298e-06,6.68331622805202
"204683_at",-1.699122572944,3.93691172197521,-5.58249026286771,1.49691682046376e-07,1.76235846595298e-06,6.68311255266283
"226150_at",1.83225084622115,8.01435457161157,5.5788126144784,1.5222517532381e-07,1.78995535980698e-06,6.66679362155286
"225108_at",-1.63558251375226,5.13344636594215,-5.57880258286317,1.52232143083721e-07,1.78995535980698e-06,6.66674911659685
"203688_at",-1.52942529917591,6.26107287606612,-5.57679917891536,1.53629943784874e-07,1.80406296744802e-06,6.65786201499953
"202073_at",-1.91148746733145,5.92075858735537,-5.57557284091887,1.54491767411713e-07,1.81379372626914e-06,6.65242290102448
"222240_s_at",1.90221191761369,6.56001582415702,5.57546233055102,1.54569661966177e-07,1.81392922687288e-06,6.65193279447811
"202404_s_at",2.03459768448304,12.377897154124,5.57422983481384,1.55441011285446e-07,1.82337208582531e-06,6.6464671389244
"206043_s_at",1.73256966240272,5.70910977427273,5.56984355195936,1.58581209599316e-07,1.8586125690981e-06,6.62702136814428
"224856_at",-2.08320629058428,4.63809215183471,-5.56954082476262,1.58800212484613e-07,1.86078045812178e-06,6.62567961443043
"223214_s_at",-1.56211046957466,5.39532682128099,-5.55503855520189,1.69645726973117e-07,1.97895884835826e-06,6.56145252824014
"201753_s_at",-1.79808301905655,8.78111060496694,-5.55219800109744,1.71853387395973e-07,2.00129583724704e-06,6.54888392319969
"38487_at",-1.52410739141742,5.43809343781818,-5.54999092149418,1.73588104911929e-07,2.01977647075116e-06,6.53912086612936
"239005_at",2.16403612127206,6.6796326918843,5.54814251373165,1.7505409166852e-07,2.03423644250294e-06,6.53094615929206
"233648_at",-1.54481955743382,4.52044564789256,-5.54665497089918,1.76242667344459e-07,2.04717821054988e-06,6.52436856659273
"219786_at",1.79267048589253,4.21420700694215,5.5444603340008,1.78010660438655e-07,2.06577713233049e-06,6.51466625476981
"213258_at",-2.11253363017873,5.38549227167769,-5.5444330210034,1.78032772703087e-07,2.06577713233049e-06,6.51454552048045
"210652_s_at",2.3618118212845,6.34247013065289,5.53431628979224,1.86410793813816e-07,2.15840960435629e-06,6.46984969087995
"200894_s_at",1.80742753388066,5.54529200078512,5.53124104037545,1.89033126695903e-07,2.18692048288162e-06,6.45627275865602
"205871_at",1.62548616448077,6.0627248372562,5.53089710794828,1.89328640362582e-07,2.1894127351574e-06,6.45475460713518
"242337_at",1.55505333228394,6.69385316117355,5.52825284160428,1.91615796344507e-07,2.21352074057382e-06,6.44308441979579
"203430_at",-1.61448597768269,9.28954205275207,-5.52415285556024,1.95215636227372e-07,2.25320137444196e-06,6.42499609636612
"239049_at",1.55023228588405,5.66936821516529,5.52208074770511,1.9706006343093e-07,2.27113384656115e-06,6.41585738990094
"215470_at",1.8426489667121,5.86481321661157,5.52192521102668,1.97199195895054e-07,2.27225838473384e-06,6.41517150169739
"209890_at",1.99460838010407,7.34401742047107,5.51912983689049,1.99716196361905e-07,2.29980687364936e-06,6.4028463656826
"202357_s_at",3.02336120634389,7.82233963319835,5.51771000670308,2.01006645384745e-07,2.31223192434482e-06,6.39658758200669
"242990_at",1.52986484668609,5.82517263630579,5.51680211247617,2.01836080900364e-07,2.32079657691428e-06,6.39258597436516
"201842_s_at",-3.00934794330373,8.32156337270248,-5.51132302685599,2.06913226254489e-07,2.37368456682001e-06,6.36844480846199
"222614_at",-1.52388286270249,4.029785124,-5.50490820729181,2.13016378109619e-07,2.43654193998817e-06,6.34019883862596
"201280_s_at",-1.65873400567478,6.82383974043802,-5.50241627004214,2.15434440436331e-07,2.46265482560242e-06,6.32923151906852
"212154_at",-2.14452734581844,5.61529137164463,-5.49168536045567,2.26157631066988e-07,2.57607676637241e-06,6.28203723148106
"230641_at",1.89394314578959,5.04216536295868,5.48690266291443,2.31103467368805e-07,2.62857958776564e-06,6.26102071904804
"227046_at",1.68143664510973,6.62557113185124,5.47973400388059,2.38715371575235e-07,2.70839654303299e-06,6.22954007913645
"224996_at",-2.16574442427602,8.02779466733058,-5.47883116780758,2.39691248190408e-07,2.71890435576982e-06,6.22557708269574
"232231_at",1.64320435333258,5.99311836749587,5.47852467659605,2.40023421214152e-07,2.72210756168508e-06,6.22423182903667
"210130_s_at",-2.06807995023925,5.05428328692562,-5.47686553977565,2.41829412595754e-07,2.74031567537261e-06,6.2169503128727
"202762_at",-1.52579869863914,5.72890027880165,-5.4762338906334,2.42520457962547e-07,2.74700767331722e-06,6.2141785168343
"228069_at",1.68559722036029,4.36796045194215,5.47608436412968,2.42684327476437e-07,2.74772532714313e-06,6.21352239418506
"209380_s_at",1.85230496999378,5.48963460468595,5.47443975987363,2.44493847969563e-07,2.76598122859825e-06,6.20630657334465
"200883_at",-1.73302790382749,7.94137123391735,-5.47261794643287,2.46513754208337e-07,2.78589076298901e-06,6.19831474689725
"236949_at",2.03901889731561,5.17625321352893,5.47180007379869,2.47425856709543e-07,2.79562073064564e-06,6.19472746755142
"232676_x_at",1.66318876549604,6.17756108233058,5.46934404947385,2.50184730146828e-07,2.82620870264005e-06,6.18395700220595
"204510_at",1.6679760191991,4.35749961861157,5.46753518656709,2.52235856989121e-07,2.84662471666716e-06,6.17602640031288
"213135_at",2.10040370005656,6.66252155261157,5.46408105704488,2.56198388339081e-07,2.88996222043311e-06,6.16088681502424
"202488_s_at",1.51919261656618,7.09134663065289,5.46285486759937,2.57619645454496e-07,2.90539482574764e-06,6.15551375667939
"205872_x_at",-1.59439916767251,5.60039425342975,-5.45805964369339,2.63252119747468e-07,2.96219585247845e-06,6.13450843107401
"209695_at",1.72473139620928,5.73010977214876,5.45277292930649,2.69601495119798e-07,3.02678885948151e-06,6.11136297033727
"223395_at",-2.55370715597002,5.54029746087603,-5.45119302637633,2.71527858998951e-07,3.04591417537293e-06,6.10444870076968
"231856_at",1.51268144749717,5.34851856252066,5.44737586433139,2.76237805798456e-07,3.09684273775489e-06,6.08774828172335
"212354_at",1.87320575812274,8.4112042557438,5.44421288878477,2.80200999095957e-07,3.13677101260677e-06,6.07391531243739
"204731_at",-2.92966233942873,7.5852338835124,-5.4437901231649,2.80734916412849e-07,3.14081881622111e-06,6.07206675363361
"235856_at",2.65617777789932,5.04243419828099,5.44359814846998,2.80977692529048e-07,3.14234026010973e-06,6.07122736545519
"200884_at",-1.64490436981505,7.00826718290083,-5.43958334673317,2.86102205711466e-07,3.1962889450908e-06,6.05367716810325
"234199_at",1.52711990157297,4.34707299852066,5.43855435410961,2.87430258977043e-07,3.20915854800282e-06,6.04918031164017
"204709_s_at",1.69776910336708,4.18813628033058,5.4380719417034,2.88054950279552e-07,3.21482025036426e-06,6.04707227134657
"204962_s_at",2.06166484584502,5.10239637433884,5.43674747945803,2.89776871490003e-07,3.23205843507057e-06,6.04128523003649
"1554408_a_at",1.53615405868043,4.22080592229752,5.42662678624517,3.0327110655029e-07,3.37430764156229e-06,5.99709241113145
"201105_at",-1.63774973380373,11.4818681725289,-5.42472371318712,3.05876269216193e-07,3.40076475336001e-06,5.9887880374263
"210220_at",1.50312481511369,7.42700920743802,5.4219737467222,3.09679448095058e-07,3.44070795053796e-06,5.97679121067942
"228850_s_at",-1.74978882506335,5.07733573661984,-5.41589681395241,3.18248460116063e-07,3.52659800503562e-06,5.95029340894036
"228372_at",-1.59306403099265,5.40172212657025,-5.41575535241091,3.18450668558321e-07,3.5281236683741e-06,5.94967679525731
"230093_at",1.86213479822512,4.4820500551405,5.41442049050736,3.20364945210615e-07,3.54573955048389e-06,5.94385877386395
"204897_at",-2.08035037962443,7.02823908969421,-5.41424586962406,3.20616193027586e-07,3.547802135961e-06,5.94309774952383
"212187_x_at",-2.27821250095136,6.65440905080165,-5.4106510546078,3.258314811292e-07,3.6004965935519e-06,5.92743429897629
"205047_s_at",1.67443608954864,6.81319008959504,5.40935774474161,3.27727996978654e-07,3.61990469390058e-06,5.92180058517169
"203304_at",2.51285491908145,7.59238554241322,5.40927799084562,3.2784530098462e-07,3.62046896209536e-06,5.92145320043407
"203640_at",-1.56412695710576,7.92666053203306,-5.40765508904503,3.30241238158295e-07,3.64619137647512e-06,5.9143849865795
"210889_s_at",-1.83157120227997,3.86114641722314,-5.40637447995516,3.32143910223347e-07,3.66645836694155e-06,5.90880846465416
"221589_s_at",-1.92264120842817,7.59190879032231,-5.40553346479971,3.33399277029126e-07,3.67883056943843e-06,5.90514662739123
"202765_s_at",-1.95006231248869,6.18504779871901,-5.40539721780136,3.33603086234193e-07,3.67959425859481e-06,5.90455343116628
"227265_at",-1.90391648506505,6.15378826754545,-5.40490973846958,3.34333294657487e-07,3.68690457551394e-06,5.90243110337465
"203953_s_at",2.84603772006222,5.64378892664463,5.40426152806849,3.35306686408784e-07,3.69612358435821e-06,5.89960918399346
"226863_at",2.2272932637517,5.95181289929752,5.40232204555022,3.382357002832e-07,3.72468014360201e-06,5.89116706521729
"226791_at",1.85156769229299,4.61534403339669,5.40163271941527,3.39282734118055e-07,3.73438113129076e-06,5.88816703046358
"223695_s_at",1.63111421485577,7.75564872780992,5.40067411670575,3.40744045352438e-07,3.74777322060843e-06,5.88399545575073
"210510_s_at",-1.85853858925339,4.68102741680165,-5.39836573945196,3.44288262646195e-07,3.78219022708071e-06,5.87395187696777
"209318_x_at",-2.12655374157127,5.67990531841322,-5.39817445504438,3.44583566396335e-07,3.78463790401229e-06,5.87311972951443
"226362_at",1.70080944684219,6.49989786240496,5.38490627064168,3.65682326339169e-07,4.00033637306804e-06,5.81544265445031
"209199_s_at",-1.53631932222171,6.44045863965289,-5.38417076014608,3.6688813594258e-07,4.01272431139439e-06,5.81224789902591
"232297_at",-1.60813431488405,5.68581938864463,-5.38302734301016,3.68770393376414e-07,4.03250425157109e-06,5.80728189192814
"218211_s_at",3.39189097170305,8.94005983519835,5.38221100098373,3.70119999436226e-07,4.04645290325448e-06,5.80373680660545
"234464_s_at",1.53318863922851,6.48775480502479,5.38001586514517,3.73773057739394e-07,4.08230961484246e-06,5.794205729503
"200670_at",2.52328040049321,9.92534666835537,5.37982413964456,3.74093787372743e-07,4.08499656972333e-06,5.79337338747943
"202986_at",2.3238229264276,4.82689376260331,5.37268654022902,3.86227217596529e-07,4.20824494262459e-06,5.76239963368587
"243030_at",2.03315884984558,7.31514111745455,5.37044032198052,3.90124558386032e-07,4.24563648611477e-06,5.75265731086879
"224374_s_at",-1.84354835412274,4.78007848754545,-5.36717096761701,3.95865849408105e-07,4.30211991977502e-06,5.73848187202022
"1568838_at",2.1788036420198,5.28577330610744,5.36680814116017,3.96508072165168e-07,4.30567603686804e-06,5.73690903471043
"203397_s_at",2.88153818469062,7.1468421765124,5.36558474546312,3.98681060570596e-07,4.32755350142889e-06,5.73160614463746
"240304_s_at",3.34095095185691,7.12588497864463,5.36232924288977,4.04520288971361e-07,4.38745225144002e-06,5.71749854828226
"214373_at",1.78465477559616,5.26657706723141,5.36093308065002,4.07050034664301e-07,4.41309419211861e-06,5.71144993502034
"204363_at",-2.00451393689819,6.53540320182645,-5.35974930212467,4.09207057226443e-07,4.43300888723118e-06,5.70632218872962
"227386_s_at",-1.54605936689367,4.74693303695041,-5.35769194741242,4.12982461727858e-07,4.47036549098607e-06,5.69741203948717
"227099_s_at",-1.80922091730091,8.88848051010744,-5.35555142073957,4.16946604956325e-07,4.50881242602592e-06,5.68814390319675
"209366_x_at",-1.88164048993156,10.1224374194711,-5.35422604838192,4.19419730760714e-07,4.53376310386359e-06,5.68240638968708
"213307_at",1.8871256450017,5.50759916533058,5.35184695824388,4.23895071843705e-07,4.57671071347839e-06,5.67210953054816
"204929_s_at",-1.92282027553789,6.29060673610744,-5.34831412309517,4.30626914747587e-07,4.64022991009545e-06,5.65682435640456
"205141_at",-1.93733579442195,5.7838509981157,-5.34752593130005,4.32143005937919e-07,4.65564903441492e-06,5.6534150071252
"201990_s_at",-1.53203854911425,7.08443767423967,-5.34690713744109,4.3333691107853e-07,4.66667236817385e-06,5.65073860985069
"225242_s_at",-2.40400316023134,8.87932539241322,-5.34378409968177,4.39411852116328e-07,4.72836902469204e-06,5.63723379356025
"222819_at",1.52671127745984,7.23544475528926,5.34048649797187,4.45916627390762e-07,4.79270524918222e-06,5.62297936922689
"204237_at",-1.86511171413178,6.76352357098347,-5.33577699681685,4.55369810470106e-07,4.88087519848129e-06,5.60263113977165
"229218_at",2.15445991428733,8.2802768411157,5.33389396091506,4.59204071794177e-07,4.91907966797544e-06,5.59449823600709
"201893_x_at",-2.37654692635746,10.4523419409421,-5.3319477496042,4.63200099864103e-07,4.95994231493729e-06,5.58609432841949
"202054_s_at",-1.74488107227432,8.39576680189256,-5.33073385268732,4.65709688624463e-07,4.98193645578997e-06,5.58085357158689
"202145_at",2.1357855003569,7.03918451205785,5.32523062851582,4.77254486968714e-07,5.09845429367222e-06,5.55710370646732
"211748_x_at",-1.98290381153733,7.53052070510744,-5.32282421393075,4.82390101984498e-07,5.14929301561937e-06,5.5467232602185
"230748_at",2.5995222617138,5.73348348465289,5.31989082705814,4.88723361443731e-07,5.21180998379871e-06,5.5340735429637
"221666_s_at",1.757156627069,9.22805696735537,5.31809546824323,4.92639561983429e-07,5.25050059482339e-06,5.52633349110158
"228827_at",-1.84747009915328,5.25271398607438,-5.31710347459028,4.9481651330041e-07,5.27164708977006e-06,5.5220575531698
"232083_at",1.85129431688575,4.89939917728099,5.312425152254,5.0521043615827e-07,5.38028449492664e-06,5.50189851157801
"236037_at",1.82263236074378,4.94046587642149,5.30918864977444,5.12525463256355e-07,5.4454585510185e-06,5.48795872318577
"212667_at",-1.91240665774152,9.93132514222314,-5.30827002048953,5.14620487968687e-07,5.4645319828487e-06,5.48400309310552
"209969_s_at",1.91813605168156,8.77409162466116,5.30736754325113,5.16686816559358e-07,5.48327866758208e-06,5.48011742538956
"213913_s_at",1.91295680314706,4.80251314343802,5.30678300562439,5.18029504501266e-07,5.49539448168543e-06,5.47760088262356
"213397_x_at",-2.16273358364197,7.98381328582645,-5.30281654398897,5.27230902457197e-07,5.5854194132624e-06,5.46052905257595
"203362_s_at",1.80857471597964,7.56003080489256,5.29855359843939,5.37297965148887e-07,5.68325909160677e-06,5.44218993741953
"228969_at",3.13856126578167,6.52872077755372,5.29510749838432,5.45572955891158e-07,5.76744032547352e-06,5.42737154389618
"224559_at",1.6969300581991,8.83217567777686,5.28853964682424,5.61689962173021e-07,5.92064751914593e-06,5.39914599705921
"210006_at",-1.5463885145509,5.86143180435537,-5.28630237136806,5.67285456064164e-07,5.97502067237684e-06,5.38953619120662
"213568_at",-1.87519296495362,6.23247773347934,-5.2846155196215,5.71540260957456e-07,6.01519995531259e-06,5.38229229586783
"212558_at",-1.83824491770588,6.3194751128843,-5.28328899672401,5.74908057887715e-07,6.04947999711525e-06,5.37659677778452
"235170_at",1.62220106320815,7.19799729431405,5.28233878531805,5.77332367182554e-07,6.0691496204011e-06,5.37251752429896
"203803_at",-1.98902595379921,6.87877874165289,-5.27887655334758,5.86250383391177e-07,6.15907587988654e-06,5.35765802853359
"212681_at",-1.89931451151301,6.14554261812397,-5.27884307690975,5.86337264834192e-07,6.15907587988654e-06,5.35751438107965
"203394_s_at",1.74067360822511,9.06632479042975,5.27695479935816,5.91258311284564e-07,6.2071905087334e-06,5.34941269434805
"228175_at",1.52811154980204,5.6261993058595,5.27607189223602,5.93573065344763e-07,6.22790392395412e-06,5.34562518390085
"210117_at",1.54307351298699,4.68225224692562,5.26874129833167,6.13136601997756e-07,6.4124782702801e-06,5.31419348217129
"239834_at",1.57224040249265,4.61508111068595,5.26787700398989,6.154842464397e-07,6.43557107938241e-06,5.31048940073104
"1557270_at",1.79057987238631,5.57267526781818,5.26389771683133,6.26406651366821e-07,6.54102056216214e-06,5.29344036143804
"236278_at",1.60474334745306,5.68126936324793,5.26342461271516,6.27717747078434e-07,6.55220844244242e-06,5.29141390589103
"213103_at",-1.52208736948303,4.56552474542975,-5.26279551945482,6.29465277832913e-07,6.56794161555621e-06,5.28871947480205
"230660_at",1.85627397801753,7.18290178624793,5.2618202476605,6.32183830839479e-07,6.59504883631913e-06,5.28454274386723
"244310_at",1.52986594225509,5.39561948936364,5.25716495430467,6.45319031865826e-07,6.71925691625672e-06,5.26461247588389
"214039_s_at",2.04416560681675,10.9492003245537,5.25052140324425,6.64526439914642e-07,6.90872468194201e-06,5.23618911436597
"209737_at",-1.79322754072737,4.39429490153719,-5.2485022046694,6.70473943518648e-07,6.96525990155464e-06,5.2275547423748
"204646_at",-1.75074521652715,6.66892541732231,-5.24713340208466,6.74535220965739e-07,7.00212895506015e-06,5.22170273253696
"210069_at",1.67281490119118,8.34215879409091,5.24292166150053,6.87182687762687e-07,7.12124970686598e-06,5.20370235569704
"204508_s_at",2.88436881839254,5.99419807787603,5.2393621489938,6.98051698329458e-07,7.2229327415146e-06,5.18849655144714
"218236_s_at",-1.58795925493665,5.65881931027273,-5.2382478308124,7.01488616826785e-07,7.25163360276129e-06,5.18373764685808
"227342_s_at",-1.6994875188716,3.48924994367769,-5.23527362837799,7.10743047750529e-07,7.34313608007562e-06,5.1710388585952
"1556821_x_at",1.54831922868948,5.58483998871901,5.23292441814678,7.1813685441764e-07,7.40972495098782e-06,5.16101175554803
"223220_s_at",1.57218644126697,6.72294622502479,5.22910344849052,7.30323357430452e-07,7.52410581637648e-06,5.14470878053049
"214850_at",1.75141892082918,6.77261219560331,5.22832141128267,7.32842317544476e-07,7.54437087398686e-06,5.14137297303358
"241792_x_at",1.54882938200453,6.38376981471901,5.22583953038619,7.40892763106059e-07,7.61625491073681e-06,5.13078849261423
"232307_at",1.63421562871946,5.00074761442975,5.22261774714046,7.51471976597134e-07,7.71726715260111e-06,5.117053249732
"201116_s_at",-1.96989104201697,6.32853467122314,-5.2216695589327,7.54613457735548e-07,7.74516440805164e-06,5.11301190543647
"219148_at",1.70820898185068,4.11775291438017,5.21378691166692,7.81230381779696e-07,7.99733591533512e-06,5.07943251408941
"216222_s_at",1.78474166655713,4.78789068490083,5.21024768511389,7.93476860393768e-07,8.10903688636061e-06,5.06436608382333
"237483_at",1.64773835622511,6.65815986430579,5.20624700491888,8.07545530231469e-07,8.23587984805177e-06,5.04734299878318
"209875_s_at",2.9176519060345,8.54364343235537,5.20334002944279,8.17920391068537e-07,8.33857866523816e-06,5.03497884047844
"203038_at",1.56628367497059,9.48536162341322,5.20302999356869,8.19034534447094e-07,8.34838053148674e-06,5.03366042998292
"201952_at",1.94702168945758,10.2212543243388,5.20210391544673,8.22371303028824e-07,8.37869783782676e-06,5.0297226282271
"223084_s_at",-1.76554550453054,6.76200077280165,-5.1991606182684,8.33064596297815e-07,8.4771648618245e-06,5.01721028590008
"204567_s_at",1.70382324059219,7.81896502258678,5.1961340512209,8.44201766216475e-07,8.57949435725713e-06,5.0043486051656
"215303_at",-1.79985025456165,4.2174369585124,-5.1961293693855,8.44219106393111e-07,8.57949435725713e-06,5.00432871292304
"218854_at",-1.89059298544344,7.12596123570248,-5.1957438450197,8.45648170419266e-07,8.59082380484455e-06,5.00269073079927
"209357_at",-1.63163121742817,6.86075975910744,-5.18897292089428,8.71134542008323e-07,8.82269108284963e-06,4.97393551745743
"230416_at",-1.5789253058371,4.99012621267769,-5.18760758519749,8.76363765891346e-07,8.86497481963171e-06,4.96813998524006
"209276_s_at",-1.75509797029751,6.79273371552893,-5.18540490838166,8.84864571433783e-07,8.94434654153116e-06,4.95879216480968
"202376_at",3.27575011385917,9.94293789784298,5.18201940342664,8.98087217460755e-07,9.06627005440672e-06,4.94442949370249
"227371_at",1.72087958279242,4.87494578477686,5.17775102939444,9.15032791134736e-07,9.22541358201949e-06,4.92632978776407
"203131_at",-2.05356842478902,8.31885206160331,-5.17133232572717,9.41103451937984e-07,9.46208739145077e-06,4.89912954168851
"1566342_at",-1.71845518490611,7.56309608763636,-5.16788599495839,9.5539858854814e-07,9.5952273748842e-06,4.88453399882788
"222067_x_at",2.02976469177206,6.54154804938843,5.16604093722709,9.63138512348116e-07,9.66053901350821e-06,4.87672253537699
"220161_s_at",-1.94735055871097,7.75763616335537,-5.16554221638572,9.65241091199277e-07,9.67985265247991e-06,4.87461139297027
"228063_s_at",-1.6693569754457,6.37812569561157,-5.16105054829085,9.84380393933457e-07,9.86093771313884e-06,4.85560347152753
"222847_s_at",1.99963854183145,5.05411570943802,5.16016965074197,9.88177100328785e-07,9.89353286220039e-06,4.85187690373155
"235157_at",1.69795908463405,5.44614674513223,5.15903526969387,9.93087358653916e-07,9.93541652962541e-06,4.84707858850679
"243170_at",1.75685402442138,6.55978516530578,5.15727186199723,1.000767655006e-06,1.00085918305201e-05,4.83962088467166
"228806_at",1.97549327752941,5.23181745170248,5.15550111186368,1.00853816566197e-06,1.00807722500125e-05,4.83213375741956
"208682_s_at",2.09250117482579,9.04727084952066,5.15531438112754,1.00936100740234e-06,1.00871528202747e-05,4.83134431330521
"212233_at",-1.55806222353111,6.55026658671901,-5.15318708026243,1.01878140703757e-06,1.01645754433903e-05,4.82235197609573
"212242_at",1.50050957697059,7.99256523038843,5.15171868058976,1.02533389511214e-06,1.02243535865869e-05,4.81614626301946
"204942_s_at",2.98184804742704,7.2336386497438,5.15089173240216,1.02904207016452e-06,1.02527503882579e-05,4.81265193047233
"227566_at",-1.85784334651697,5.6467897315124,-5.14830444467001,1.04072850580268e-06,1.03570861038881e-05,4.8017214523019
"227697_at",-1.81558406960746,7.49341937534711,-5.14236581332525,1.06804372509544e-06,1.05961333096703e-05,4.77664581160363
"201710_at",1.56492368885351,5.68665191031405,5.14216027322306,1.06900152325204e-06,1.06037115899502e-05,4.77577825626022
"210469_at",1.88490888388575,4.92390527152066,5.14198949729081,1.06979796003723e-06,1.06077626886172e-05,4.77505745229132
"214239_x_at",1.78436084038801,7.97935441652893,5.14147559280801,1.07219811261203e-06,1.06219300248347e-05,4.77288847751025
"227224_at",1.58850323330317,7.02638933732231,5.1396629105542,1.0807060742072e-06,1.06945890691907e-05,4.76523900992672
"205882_x_at",-1.68072518707013,6.99105108421488,-5.13844507066017,1.08645900118553e-06,1.07456848570584e-05,4.76010072501353
"202260_s_at",-1.57952633926131,6.63890817602479,-5.13616259550493,1.09732160627857e-06,1.08438418123511e-05,4.75047264252878
"214164_x_at",3.13384175341007,8.45040560299173,5.13513792628392,1.10223248941207e-06,1.08859395517711e-05,4.74615120399025
"218885_s_at",-1.60356105146211,3.8337007795124,-5.13128163206112,1.12090702028728e-06,1.10543995913072e-05,4.72989260174576
"235247_at",1.5572694566646,5.60394567594215,5.11548111926898,1.20069372393143e-06,1.17754133373903e-05,4.66335718302684
"230187_s_at",1.62304375480996,4.85378414793388,5.11413127044213,1.20776088745232e-06,1.18341086956014e-05,4.65767909772653
"223569_at",1.65554593449435,5.28554999509091,5.11383595660419,1.20931240241537e-06,1.1845065496607e-05,4.65643699965856
"231329_at",1.58955526128167,4.44066895383471,5.11043186896638,1.22733749533341e-06,1.20065624543486e-05,4.64212262870156
"201118_at",-1.57643138948416,6.04577926573554,-5.10939190867384,1.23289621479415e-06,1.20521550589435e-05,4.6377507568762
"228481_at",1.80092777255034,5.23771742823967,5.10934632196801,1.23314044165258e-06,1.20521550589435e-05,4.63755912871504
"225806_at",1.7017653639242,6.49564331132231,5.10618321810623,1.25020205146993e-06,1.2201855973602e-05,4.62426538777447
"226961_at",2.05653988206504,5.66831025385124,5.10490882798251,1.25714082282492e-06,1.22615028000235e-05,4.61891093290575
"205794_s_at",-2.1465941386612,4.51328414947934,-5.10489606364809,1.25721051114645e-06,1.22615028000235e-05,4.61885730683794
"207808_s_at",-1.88838761724491,5.70809718695868,-5.10024316901739,1.28286575331084e-06,1.24827700769301e-05,4.59931509440978
"218191_s_at",-1.63594537691516,6.59853517002479,-5.09846954689873,1.29277880387613e-06,1.2565809973676e-05,4.59186886941906
"217028_at",1.65291136811425,10.1558997781653,5.09778984584758,1.29659749637765e-06,1.25962096862914e-05,4.58901571050305
"219768_at",2.72620568576188,7.31859269510744,5.09581677821176,1.30774490169937e-06,1.26999915631284e-05,4.58073481190335
"222155_s_at",1.52853939420079,6.16200366565289,5.09520866168415,1.31119940369055e-06,1.2726757925933e-05,4.57818298212793
"226246_at",1.56576706745079,5.28678081164463,5.09482004756338,1.31341163953903e-06,1.27459675881783e-05,4.57655234923539
"229674_at",1.58866969542647,6.03164857179339,5.09441031613103,1.31574802447245e-06,1.27641098719005e-05,4.57483319415359
"202609_at",-1.62525627163236,7.51863601747934,-5.09330098724562,1.32209400865098e-06,1.28211227249011e-05,4.57017910697568
"206584_at",-1.61351537323077,6.34850730028926,-5.09270203045704,1.32553275772881e-06,1.28521907304172e-05,4.56766650955071
"208029_s_at",2.09582541603677,8.85996454510744,5.08990390884357,1.34171313893571e-06,1.29975488786871e-05,4.55593102728897
"215108_x_at",2.75970785056844,6.6644817052562,5.08900958263592,1.34692509588782e-06,1.30434165103908e-05,4.55218104601697
"218368_s_at",1.65433860721267,6.82510279795041,5.08482170694123,1.37159466017027e-06,1.32646443118514e-05,4.5346265856109
"239002_at",1.78657878347738,4.69730586013223,5.08373542522017,1.37806514747968e-06,1.33201622854543e-05,4.53007469992926
"225163_at",-1.83475801371267,6.3099302356281,-5.08371567819366,1.37818304616031e-06,1.33201622854543e-05,4.5299919590383
"232346_at",1.57737592244627,4.36528332971901,5.07091152057238,1.45673381323947e-06,1.40322271386307e-05,4.47638556886299
"214250_at",1.52304850454752,5.37836396877686,5.06475117808756,1.49606260282242e-06,1.43806650508642e-05,4.4506254936978
"235651_at",2.05001087478224,4.71208600581818,5.06399968239413,1.50093045284595e-06,1.44223853267755e-05,4.44748442396369
"225834_at",1.87842019960351,5.7562426417438,5.06331114176973,1.50540404001152e-06,1.44628300628413e-05,4.44460675533088
"214651_s_at",-2.04824497867421,5.20945931006612,-5.0621376665773,1.51305827081775e-06,1.45338125363598e-05,4.4397029461847
"230233_at",-1.57086707634163,6.90782006146281,-5.06044340000793,1.52417633677127e-06,1.46226252347726e-05,4.43262410886143
"1555989_at",-1.64838080948359,4.12219324940496,-5.05949494837235,1.53043491261748e-06,1.46749436771941e-05,4.42866203905498
"209656_s_at",-2.02430624553337,7.58369621929752,-5.04803565049201,1.60805685847293e-06,1.53734059690518e-05,4.38082983136348
"238481_at",2.81520754010011,6.38574406509917,5.04668629918068,1.61744530451989e-06,1.54550545306929e-05,4.37520212910065
"234785_at",1.50304822746437,4.75844750580165,5.04581425445479,1.62354112517246e-06,1.55078810305388e-05,4.37156563457972
"217771_at",2.18397094840668,7.68160543218182,5.04444407043203,1.63316425694291e-06,1.55916283828101e-05,4.3658526826577
"203780_at",1.72023498278224,6.05724335593388,5.04326530689633,1.64148739417117e-06,1.56574185757692e-05,4.36093865865126
"211762_s_at",1.75049052257579,8.01276426264463,5.04088522209436,1.65841894840973e-06,1.58051343915465e-05,4.35101884080473
"230130_at",-2.31633038666685,6.60231901922314,-5.03936238638318,1.66934119002047e-06,1.5889838016081e-05,4.34467349448047
"224918_x_at",-2.4151655864802,10.1164742608678,-5.03926855217756,1.67001648207288e-06,1.58934988959678e-05,4.34428254711444
"214981_at",1.59027262177715,5.13714332538017,5.03832341861195,1.67683311824038e-06,1.59476204269044e-05,4.34034504082577
"205807_s_at",1.52683804796776,8.02651442565289,5.03350920223731,1.71197729256972e-06,1.62588776222424e-05,4.32029604581272
"204352_at",1.52934556720815,7.43211099780165,5.03082354148548,1.73189318408266e-06,1.64366012566775e-05,4.30911691159699
"230147_at",2.03960068117308,5.25364096157025,5.03006675948985,1.73754579731207e-06,1.64873857112178e-05,4.30596748618927
"204678_s_at",1.9628893802483,4.98080258402479,5.01931633068486,1.81980864843232e-06,1.71963425255854e-05,4.26126174767188
"221731_x_at",1.73014832832636,9.55493086709917,5.01642723806287,1.84255436104317e-06,1.73752431338453e-05,4.2492580437531
"206710_s_at",-1.99332937375849,5.33528365229752,-5.01537036227113,1.85094399722445e-06,1.74483384565943e-05,4.24486802310376
"203628_at",2.27061792365385,5.75892292409917,5.0070727678924,1.91811520805889e-06,1.80256014095256e-05,4.21042265524417
"226456_at",1.67992841802885,5.21197097814876,4.99682762605611,2.00432882526056e-06,1.87777036533792e-05,4.16794387858144
"1569003_at",1.65869621119287,7.60890383410744,4.99003915380717,2.06351786636443e-06,1.92991514443167e-05,4.13982858607593
"204364_s_at",2.2359526865888,5.07140178647934,4.9831262000997,2.12553788520073e-06,1.98350885600529e-05,4.11122344032227
"228949_at",-1.96467193369626,6.66213505321488,-4.98291075103162,2.12749963880635e-06,1.9849579997815e-05,4.11033234976773
"217865_at",-1.55285667162557,7.79161001050413,-4.98019416468005,2.15238684223806e-06,2.00514143123814e-05,4.09909879981748
"204224_s_at",1.71695188750792,7.0213752877438,4.97716789565995,2.18044444904692e-06,2.02885977283255e-05,4.08658938642345
"230417_at",-1.51401349846493,3.59029054899174,-4.96883673041646,2.25953512817032e-06,2.09584343979122e-05,4.05217737296849
"203963_at",3.06303126420305,8.15426580167769,4.96741645916112,2.27329365538498e-06,2.10772139406773e-05,4.04631469501451
"226424_at",1.77478743073699,6.94084572172727,4.95911430079956,2.35536310694284e-06,2.17569653441628e-05,4.01206660140452
"226625_at",-2.47738670156335,8.37323028916529,-4.95254032057358,2.42238527554427e-06,2.23345556391877e-05,3.98497432892471
"224976_at",-1.62937022732636,5.28546954614876,-4.94991420395424,2.44967368539962e-06,2.25573405038607e-05,3.97415835699886
"231897_at",-1.56212658754977,7.98980079752066,-4.94386215486197,2.51370405455139e-06,2.30908550373987e-05,3.94924667276256
"218804_at",2.1188502635198,6.46049839354545,4.94320320202162,2.52077315018084e-06,2.31519018958739e-05,3.94653547801739
"204971_at",-2.37941790845362,9.20754804596694,-4.937039451242,2.58783884135683e-06,2.37081247739921e-05,3.92118689698967
"208782_at",-1.83060667359164,8.90675851232231,-4.93684286290786,2.59000613609215e-06,2.37240049406665e-05,3.92037876602651
"201387_s_at",-1.96202833886595,3.47541263371901,-4.93577764019736,2.60178042609983e-06,2.38198835895861e-05,3.91600024164917
"219213_at",-1.5763157307319,5.21983550979339,-4.93139003993232,2.65082885512824e-06,2.4224313497265e-05,3.89797189401939
"202388_at",-1.82383912818892,7.35433690961983,-4.92724792282655,2.69795679941266e-06,2.46344001349177e-05,3.88096194469248
"225274_at",-1.5268467389983,9.41203091795868,-4.92646223910731,2.70698750174105e-06,2.47086046173108e-05,3.87773653546256
"209471_s_at",-1.55208694311425,6.48376048375207,-4.91844089937284,2.800882005856e-06,2.54932951007453e-05,3.84482660279598
"229377_at",1.57512145334785,6.35180597533058,4.91774852259095,2.80913342853215e-06,2.55598885346972e-05,3.84198758595044
"218404_at",-1.59660302706561,7.6271439541157,-4.9160852146654,2.82905258023236e-06,2.57069054053855e-05,3.835168452091
"201681_s_at",1.50641387593439,9.4550848706281,4.90762777347881,2.93247721897279e-06,2.6580436330792e-05,3.8005187836161
"201466_s_at",-1.55671313623699,8.89727468852893,-4.90624937547417,2.94967784028073e-06,2.67274835792756e-05,3.79487531444881
"1558281_a_at",1.62112115094514,4.46029329443802,4.89432254173418,3.1026590182529e-06,2.80069146149872e-05,3.74608817759612
"227404_s_at",-1.90659849790215,10.5243857079587,-4.89177222048215,3.1363571035539e-06,2.82690940713501e-05,3.73566624432625
"215867_x_at",3.0381992503552,8.44734686775207,4.8913225268952,3.14233577359006e-06,2.83136467404477e-05,3.73382893830879
"1555037_a_at",-1.51773214872172,8.27452917008264,-4.89123657701524,3.14347973520647e-06,2.83176631227254e-05,3.73347778703063
"225601_at",1.5835014422698,5.28061516149587,4.88444357023353,3.23518270748726e-06,2.90641281305107e-05,3.70573771168923
"228665_at",-1.69577925676244,6.78525857510744,-4.87915835766688,3.30832269851767e-06,2.96674665477207e-05,3.68417266759633
"212489_at",1.78569952381109,7.13306700646281,4.87553650049266,3.35936858854697e-06,3.00808184701614e-05,3.66940353775223
"200953_s_at",-1.61233206802036,5.53256143606612,-4.87489673303635,3.36846448980146e-06,3.01523896496226e-05,3.666795468477
"241368_at",-1.59586183183202,6.32998550083471,-4.87084336943093,3.42665136197525e-06,3.06181015224704e-05,3.65027687836808
"219580_s_at",2.78476017322624,6.89673998139669,4.86773348604368,3.47195475663644e-06,3.09925104194444e-05,3.63760945527209
"213183_s_at",-1.93735830294287,6.02629250453719,-4.86489308454524,3.51384014045477e-06,3.13357053791167e-05,3.62604443092252
"227943_at",1.68420361426471,6.93293720921488,4.85331320726142,3.68973402707173e-06,3.28012069131289e-05,3.5789423531839
"202580_x_at",1.52762879213688,3.77115251723967,4.8509502399471,3.72666213794801e-06,3.31057805257779e-05,3.56934002801354
"241397_at",2.02161627442308,4.56409732265289,4.84748161496212,3.78151979885783e-06,3.35422769309785e-05,3.55525034901915
"214375_at",1.70722805034955,7.44336516776033,4.84733685564778,3.78382617808841e-06,3.35518482463484e-05,3.55466247836369
"211985_s_at",-1.78675396496776,7.23112858065289,-4.84350753952316,3.84533490583154e-06,3.40530751500388e-05,3.53911581951696
"224997_x_at",-1.5858764110854,3.17814780340496,-4.8431367692607,3.85134170006844e-06,3.40952246520793e-05,3.53761096521126
"226814_at",-1.54407376319004,4.36021294295041,-4.84125372509776,3.88198945292731e-06,3.43442998930099e-05,3.52996940126983
"217202_s_at",-1.63150595235124,7.03026431495868,-4.83776148228475,3.93945559457777e-06,3.47907825284347e-05,3.51580284389812
"227708_at",-1.63873560440215,6.67753076379339,-4.83711828549504,3.95012927638971e-06,3.48625210954976e-05,3.5131944141802
"226473_at",1.80890855215724,5.2441657722314,4.83036587437209,4.06389101885982e-06,3.57856726455404e-05,3.4858246534588
"204990_s_at",1.51479950609502,5.59094072904959,4.82929449943723,4.08223085725188e-06,3.59240257718085e-05,3.48148437837191
"219389_at",1.72590610099152,5.53180455058678,4.82731770018756,4.11628078239162e-06,3.6206185935853e-05,3.47347781486067
"236293_at",2.21880105127262,5.55621945199174,4.82610469653347,4.13731074708772e-06,3.63700138576247e-05,3.46856591879236
"208527_x_at",1.5219174073914,5.23811160821488,4.82390225817458,4.17576140353758e-06,3.66821585376635e-05,3.45964956278013
"219317_at",-1.53590046425,5.09723772228099,-4.82234216782128,4.20320733375001e-06,3.69054698848213e-05,3.45333534749764
"209714_s_at",1.63769310048812,4.81038723731405,4.82121967520453,4.22306298991958e-06,3.70560052919038e-05,3.44879308953658
"232668_at",2.10940927105826,5.4053683445124,4.8188347327669,4.26555250513411e-06,3.73928304021497e-05,3.43914458961933
"202310_s_at",1.95094024618439,9.1544602397438,4.81567023157017,4.32257110482212e-06,3.78501882056613e-05,3.42634728039876
"226325_at",-1.88716028144514,5.36139086556198,-4.8090420402165,4.44440524280669e-06,3.88299547220287e-05,3.39956110801136
"201983_s_at",-2.51070729724264,5.67463692631405,-4.80870967462257,4.45060142405109e-06,3.8859251494729e-05,3.39821859120696
"204236_at",-1.69918449559841,5.32065735672727,-4.79837737020853,4.6474571092624e-06,4.04424188204555e-05,3.35651480566809
"225288_at",1.9500011341957,4.73876173852066,4.79598022633522,4.69432125367811e-06,4.08177504047154e-05,3.34684799339075
"205499_at",-1.67877897586765,4.9467157892562,-4.79127635384322,4.7876175055684e-06,4.15694754830796e-05,3.3278884785644
"201313_at",1.88019767976018,5.10364334963636,4.7899876939353,4.8134888628373e-06,4.17609494724896e-05,3.322696579535
"228360_at",1.79519463405317,5.31940399036364,4.78455586319476,4.92403708019465e-06,4.26523649175606e-05,3.30082260050042
"223551_at",2.44355685023247,6.19138035952893,4.77225073891966,5.1836511382996e-06,4.47310804902983e-05,3.25133212152083
"212560_at",1.76028934714819,8.20036682609091,4.77143735397669,5.20127178607617e-06,4.48760509552966e-05,3.2480637833193
"211966_at",-1.88648346193835,4.7534618333719,-4.77134381802416,5.20330180741216e-06,4.4886482537119e-05,3.24768796200452
"222162_s_at",-2.16642242555034,5.34549780119835,-4.76781701761362,5.28040731302386e-06,4.54798786766824e-05,3.23352116149703
"235123_at",1.68258113027149,6.00021301016529,4.76333561031376,5.37998223920942e-06,4.62428122824674e-05,3.21553007278696
"1555982_at",1.55906398524887,4.98586332079339,4.75772720712871,5.50716499751762e-06,4.72320386257688e-05,3.1930307511276
"235274_at",1.69001660853224,6.21796715339669,4.75702242838045,5.52335203282952e-06,4.73634366993341e-05,3.19020465467157
"230388_s_at",-1.77617106343269,5.61739866442975,-4.75435694830897,5.58498956872798e-06,4.78394649334486e-05,3.17951890813977
"229105_at",1.7111396599474,4.61119794178512,4.75220142470822,5.63532171239764e-06,4.8187553116256e-05,3.17088052903505
"204823_at",-2.07208327416063,3.8635545678843,-4.75216061712197,5.63627880923092e-06,4.81882007653949e-05,3.17071701613262
"204475_at",3.22698710306957,5.8568955166281,4.74861867782135,5.71995404091216e-06,4.8796768167713e-05,3.15652837988906
"202088_at",1.87242657635577,12.2436415856777,4.74603562946126,5.78173408733652e-06,4.92699986323448e-05,3.1461855075202
"200832_s_at",-2.06945932434276,10.0553753860661,-4.74536472630901,5.79788589632671e-06,4.93922423467845e-05,3.14349974907859
"231283_at",1.57638076904469,4.5022970611405,4.73038765618148,6.17005050562925e-06,5.233417424092e-05,3.08361106120015
"213620_s_at",-1.7288142380345,7.68683235384298,-4.72578038723286,6.2891194196038e-06,5.32782157215429e-05,3.06521403952873
"225496_s_at",1.90418881165555,6.90282666957851,4.72481703552815,6.31429587924368e-06,5.34666450670045e-05,3.06136888545272
"201427_s_at",-1.93921870518099,11.4668743990083,-4.72029700068157,6.43373310305553e-06,5.43685251019414e-05,3.0433346340647
"232361_s_at",1.97358473319796,4.96856258019835,4.71397059089219,6.60458328619373e-06,5.56456009540024e-05,3.01811307968345
"1556474_a_at",2.49471757781618,5.13851285994215,4.70859833204996,6.7531088235128e-06,5.67603727787183e-05,2.99671365831617
"234057_at",1.90686934487782,4.43685295590083,4.70352874104195,6.89622985249172e-06,5.78299642921755e-05,2.97653521803998
"202672_s_at",-2.2133417782647,7.45894106030579,-4.69974346383267,7.00500400576688e-06,5.86881081849991e-05,2.96147845399939
"227776_at",-1.54793324996267,6.58277187429752,-4.69731147133792,7.07576465292771e-06,5.92446297701107e-05,2.95180907002377
"223280_x_at",-1.63686683990045,5.23581437601653,-4.69485323926865,7.1479919248509e-06,5.97395992802237e-05,2.94203885682128
"204688_at",-2.05136255592251,6.98615677595041,-4.69210797031591,7.22949666784089e-06,6.03930833176777e-05,2.93113197695442
"242881_x_at",1.872667892,6.01829068547107,4.69191428235497,7.23528096025027e-06,6.04238240259772e-05,2.93036262564042
"236496_at",1.90658851373925,5.49289335208264,4.6907488054858,7.27018145094257e-06,6.06773272523714e-05,2.92573367613334
"227804_at",1.68223903019344,4.96697721279339,4.689934465096,7.29466374609008e-06,6.08445065320328e-05,2.92249981261428
"205376_at",1.73777354151131,6.25597742722314,4.67856565252297,7.6449042819477e-06,6.35235777531141e-05,2.87739300548273
"204070_at",1.92037441061255,7.937065451,4.67401428594441,7.78963478687448e-06,6.4637772343658e-05,2.85935619884994
"219476_at",2.10014853393495,5.39804133109917,4.6709072327059,7.88995656735179e-06,6.54404392172268e-05,2.84705008204591
"221667_s_at",-2.28925183505374,6.68519724634711,-4.66374875381827,8.12587490152578e-06,6.72381312069525e-05,2.81871898262163
"201149_s_at",-1.67603564045249,4.99827166879339,-4.66373378424079,8.12637532721614e-06,6.72381312069525e-05,2.81865976901272
"204533_at",2.68850006222115,5.43404160498347,4.65729136355304,8.34453366505262e-06,6.89388604014434e-05,2.79318835323061
"225387_at",1.69259803776188,6.32579176154545,4.65691937381069,8.35730185082884e-06,6.8999099547976e-05,2.79171836024222
"219630_at",2.36542025888688,5.7986507338595,4.64382586050352,8.81896525518759e-06,7.24751127803068e-05,2.74002849956037
"206110_at",1.95092591193609,4.41119868280992,4.6424958074923,8.86721883746844e-06,7.28060053969945e-05,2.73478343281824
"237377_at",1.80376639000735,4.79517915990909,4.64126430720517,8.91212465229995e-06,7.31198102287664e-05,2.72992793817034
"210809_s_at",2.23396393575113,11.1580056309752,4.63900038271163,8.99525175287563e-06,7.37575569268859e-05,2.72100418746185
"226363_at",1.5135797624129,5.12915067678512,4.63340478270398,9.20394258450304e-06,7.52993507119113e-05,2.69896088156205
"225342_at",-1.98195989462387,6.76318254559504,-4.63309309481472,9.21570382117357e-06,7.53842918047075e-05,2.69773356160802
"205419_at",-1.58929814343382,4.81024118242975,-4.62002096993005,9.72227218070126e-06,7.91019689702145e-05,2.64631171586355
"208891_at",-1.60548614264253,8.90380409257025,-4.61932812855921,9.74985935062722e-06,7.93146198475737e-05,2.64358910528966
"224812_at",-1.53629372332466,7.57946736936364,-4.61108688816363,1.00838655681538e-05,8.18380047864524e-05,2.61122589102669
"236237_at",1.86803173050962,6.8082820425124,4.60881454181935,1.01778896633748e-05,8.2563222158014e-05,2.60230950915673
"229287_at",-1.50572006154469,6.17302554994215,-4.60851440170685,1.01903719219044e-05,8.26522155214545e-05,2.60113202881292
"232914_s_at",1.93374189529243,8.15044708296694,4.60649028513858,1.02749384278504e-05,8.32516684266033e-05,2.59319260931179
"236934_at",2.03655547608484,4.85180948180165,4.60201250785613,1.04644353058451e-05,8.46365385128814e-05,2.57563756906483
"211657_at",3.3287162678207,6.62183787104132,4.59779742292875,1.06458995666392e-05,8.5862894056055e-05,2.55912330173224
"204620_s_at",1.54090707284219,8.47355089619835,4.59690869230486,1.06845469131777e-05,8.61618882710899e-05,2.55564269634576
"223691_at",-1.74700145680091,4.3036301385124,-4.58558762597368,1.11888795657734e-05,8.9976759855664e-05,2.51134628936495
"227450_at",2.20822977813066,5.72768089792562,4.57326203937742,1.17641159412941e-05,9.42314894089898e-05,2.46320642723695
"209135_at",-1.60057920049886,10.1238291961488,-4.56701814389581,1.20663221238924e-05,9.63525868444311e-05,2.43885441296238
"201525_at",-3.2371272757138,7.94565060108264,-4.55840319036587,1.24956291742486e-05,9.9475615186669e-05,2.40529332189436
"207131_x_at",1.70062554440271,5.75645580285124,4.55677395702755,1.25784610746218e-05,0.000100087247209429,2.39895136014515
"212724_at",-1.64070268349774,7.85240840165289,-4.5558115167804,1.26276414928742e-05,0.000100424188890603,2.39520570952817
"229245_at",1.52661557029185,5.54351700681818,4.55368533909497,1.27369479107432e-05,0.000101205148527813,2.38693296726767
"227480_at",1.79986742781505,5.36262447779339,4.55350098910372,1.27464682539064e-05,0.000101266078433934,2.38621580809077
"219215_s_at",1.76080715139423,6.76499371168595,4.54860921009807,1.30016193944419e-05,0.000103098410499074,2.36719325236693
"202992_at",-1.78875444666006,5.7746947313719,-4.54124416958545,1.33951019488332e-05,0.000105926699313343,2.33858014230465
"226022_at",-1.86669406712048,7.48220088746281,-4.54114122153936,1.3400682703159e-05,0.000105955506405672,2.33818042171906
"216973_s_at",-1.546884639125,5.64224363258678,-4.53201840701641,1.39042429854989e-05,0.000109619969031313,2.30278427814028
"204675_at",2.12121501481109,7.04887347640496,4.53037344738923,1.39969650764896e-05,0.000110269843061215,2.29640724850939
"210108_at",2.13733397226471,4.60265071835537,4.51572027492476,1.48497020868098e-05,0.000116269148159291,2.2396733775694
"224952_at",1.51016160641346,5.69940734904959,4.51464009632366,1.49145099007048e-05,0.000116676324055092,2.23549630829119
"229499_at",1.5326994384802,6.2692356193719,4.5063184126865,1.54230246769702e-05,0.000120258681433734,2.20333994428433
"218640_s_at",1.52784208407749,6.45287549713223,4.50604300704161,1.54401368328097e-05,0.00012037494386623,2.202276449889
"238584_at",1.86698113280713,5.38902664297521,4.49775052381543,1.59640539778157e-05,0.00012412324391881,2.1702761507701
"215726_s_at",-1.56402783436709,10.3510524040248,-4.49085054594143,1.64130318504516e-05,0.000127324420604915,2.14368135658216
"206326_at",1.79832077971493,4.73000763606612,4.4898653893105,1.64781212365381e-05,0.000127811218415055,2.1398866036538
"225078_at",1.59251622898303,8.92654173233884,4.48747576593435,1.66370403431447e-05,0.000128879311527548,2.1306844035121
"202007_at",-1.69954715230373,6.77700755596694,-4.48482441928238,1.68150957017323e-05,0.000130000757563944,2.12047840925605
"202856_s_at",1.58102959194627,4.55308639675207,4.48249072547646,1.69733388082503e-05,0.000131112927287523,2.11149872570615
"233388_at",1.72019968048642,5.47119851534711,4.48065737755703,1.70986612371367e-05,0.000131950501501827,2.10444662601217
"207109_at",1.54086468703111,4.47023894659504,4.47987505192148,1.71524101086402e-05,0.000132309258280178,2.10143798122655
"207843_x_at",-1.62125957800678,10.0505859956364,-4.47962360449154,1.71697201319732e-05,0.000132422562336585,2.10047105153986
"229147_at",1.8878431886776,5.41341670343802,4.47957838601633,1.71728348279469e-05,0.000132422562336585,2.10029717004246
"214038_at",-2.03515563607353,6.0661231998843,-4.47679393397519,1.73656846311184e-05,0.000133728001014986,2.08959234582651
"212811_x_at",1.54540602237556,6.70867573767769,4.47474066311349,1.75092297899115e-05,0.000134719552316833,2.08170158339565
"201289_at",-1.52250723335294,8.95466563593388,-4.47164752724133,1.77276355242033e-05,0.000136189190991403,2.06981946669321
"219359_at",1.95978367235747,7.15242136308264,4.46498136272676,1.82073026159768e-05,0.000139501719524738,2.04423166487346
"201008_s_at",-1.50899882789649,8.56972421700826,-4.44781975235956,1.95004718042255e-05,0.00014837994262318,1.97848293835674
"244264_at",1.81776979358541,4.53096806609091,4.44780331846978,1.95017515809816e-05,0.00014837994262318,1.97842006437133
"210387_at",2.21434040985916,5.33194228726446,4.4351621621292,2.05105379770751e-05,0.000155084174235455,1.93010586415099
"201645_at",2.04031726357014,8.02073475045455,4.43162684596042,2.08015462635799e-05,0.000157045642358635,1.91661159875327
"224925_at",1.82974651917364,6.67807100963636,4.41858070609063,2.19102652405821e-05,0.000164665807839014,1.86688144336207
"225330_at",2.0003389021595,8.10941847297521,4.41351444516386,2.23559904248021e-05,0.000167669928186016,1.84759791967631
"209610_s_at",1.77450357506958,7.51284713531405,4.41080691411073,2.25977660995934e-05,0.000169090244654972,1.8372988652227
"218888_s_at",1.53560504706052,5.03275804377686,4.39530171755586,2.40316166989965e-05,0.000178644275053384,1.77840700220813
"213358_at",1.5147349734095,5.12445313458678,4.39367220380792,2.41872981665449e-05,0.00017970383574614,1.77222645912451
"224367_at",1.89586696239819,6.47195445163636,4.38871798743907,2.46666064597586e-05,0.000182727633431299,1.75344588672717
"219010_at",1.92962196986369,5.39530456433058,4.38850855221619,2.46870690347546e-05,0.000182845502502738,1.75265229107417
"1553678_a_at",-1.71034625372737,7.65711858319835,-4.38831177685777,2.47063095915515e-05,0.000182963223204399,1.75190669130992
"202112_at",-1.66000125139366,7.27849082238843,-4.38292995848789,2.52381746622889e-05,0.000186397028185957,1.73152384990856
"217838_s_at",1.66532936664367,8.56384289268595,4.38210372958118,2.53207979616886e-05,0.000186855800857784,1.728396229717
"217901_at",1.53182451951358,9.70425068366942,4.37533892498826,2.60071490240601e-05,0.000191610412732851,1.70280465932936
"210664_s_at",-1.92331467372398,5.65028289,-4.36794867480753,2.67774274424256e-05,0.000196808152361153,1.67487968847649
"202708_s_at",2.12597084536708,6.92932276700826,4.36504245501654,2.70863176426412e-05,0.000198864565208998,1.66390754117835
"205190_at",1.51827098731957,4.13118782233058,4.36376228549331,2.72234673226822e-05,0.000199764202908019,1.65907606505822
"204415_at",2.07556395738801,10.2354823959091,4.36170096830784,2.7445710435099e-05,0.000201259954136137,1.65129862441621
"225817_at",1.57112382905713,5.01907244885124,4.35996730524008,2.76339784021526e-05,0.000202477589002639,1.64475949901024
"215043_s_at",1.50356193301018,4.47259064595868,4.35986107000817,2.76455554013986e-05,0.000202508137938299,1.6443588564093
"222904_s_at",1.6422208298948,4.00264069280165,4.3595691597161,2.76773904107547e-05,0.000202714175580444,1.64325801796255
"243296_at",-1.54001870975566,6.36676012854545,-4.35752818298727,2.79009622053562e-05,0.000204214873972939,1.63556267495952
"238964_at",-1.6306017960543,4.78394578109091,-4.35461805099209,2.8222751314758e-05,0.000206238830277251,1.62459476977675
"201850_at",1.52286377690102,7.78945535871901,4.34358524828181,2.94754582121742e-05,0.000214390139384146,1.58306189497349
"221019_s_at",-1.69113808795984,5.60100855063636,-4.33583913588166,3.03867729308605e-05,0.000220256769189288,1.55394748508381
"206247_at",1.72331680035125,5.80435851528099,4.33577155526987,3.03948417055918e-05,0.000220260296773607,1.55369364402423
"224356_x_at",-1.7415726051448,4.88439956482645,-4.33456292377564,3.05394946305241e-05,0.000221158525685286,1.54915436212812
"209498_at",1.63332680050283,5.55197379166942,4.33264853404147,3.07699713337912e-05,0.000222691030521192,1.54196633425186
"202307_s_at",1.58094367536482,7.86446718833058,4.33063917694882,3.10136810533249e-05,0.000224414109527599,1.53442421519135
"1556551_s_at",2.24493059021437,6.96573220121488,4.32674033161832,3.14918698957332e-05,0.00022748288896145,1.51979717246394
"227556_at",1.74699825964763,7.64907691399174,4.326175476704,3.1561734223393e-05,0.000227897229089278,1.51767883914059
"226419_s_at",1.5355234114819,7.26603211024793,4.32326733290533,3.19237956416277e-05,0.000230298657699696,1.50677583376498
"224909_s_at",1.65835840716572,6.64787231756198,4.321634872944,3.21287828792096e-05,0.000231563564977694,1.50065787307523
"229130_at",1.61515577504242,6.1693268891405,4.3200243030964,3.2332261795754e-05,0.000232907300880481,1.49462360070716
"229964_at",1.61782150291969,4.28976938414876,4.31198640449837,3.33664367536566e-05,0.000239379337292504,1.46453278573298
"208161_s_at",1.83867515485068,5.85941472919008,4.30149998712239,3.47635516295364e-05,0.000248489630715767,1.4253371876138
"221582_at",1.78553070952828,6.55326494659504,4.30138451471441,3.47792448462776e-05,0.000248569308754278,1.42490596902036
"204776_at",-2.2164714460871,6.03500110264463,-4.30071644744633,3.48701719675781e-05,0.000249186596827517,1.42241131384405
"244696_at",2.35281371442081,5.58020656903306,4.30050079344223,3.48995722679826e-05,0.000249364102685827,1.42160609259647
"204457_s_at",-1.69867260390045,8.60770683646281,-4.29160856672982,3.61328265111641e-05,0.000257234673111705,1.38842951665102
"202409_at",-2.30111795410747,6.03139673028099,-4.29152481481042,3.6144638770817e-05,0.000257285265563653,1.38811728024112
"215049_x_at",-2.04596678645928,5.2140707905124,-4.27124921016809,3.91161921933851e-05,0.000276029660321803,1.31265907590481
"1556666_a_at",1.97407061177772,4.68967310919835,4.27010590456742,3.92905638870953e-05,0.000277117076951359,1.30841193289439
"234222_at",1.7914192800526,4.12639952452893,4.26693905418027,3.97774658086851e-05,0.00028022586562168,1.29665210287522
"203936_s_at",2.5799459269949,7.22278658695041,4.26587267733752,3.99427217138017e-05,0.000281245113934592,1.29269364612073
"201858_s_at",-1.89390784188857,5.65301991653719,-4.26413139230525,4.02139867447721e-05,0.000282900119051778,1.28623145199862
"219654_at",-1.59004006109955,3.82519368924793,-4.25958559928003,4.09305179230179e-05,0.000287275490043774,1.26937041397563
"227769_at",1.74967758374774,5.69657190842149,4.25460775792648,4.17292175407472e-05,0.000292618310765725,1.25092202406456
"227966_s_at",1.94665875226414,4.82891371038017,4.25383293626516,4.18548772580726e-05,0.000293386591549374,1.24805188399822
"229030_at",2.49079561662783,6.13756387138843,4.24334226697747,4.35924307987295e-05,0.000304473192887141,1.20922964372829
"55616_at",1.83264241361539,6.88231967540496,4.24215007253959,4.37942204304093e-05,0.000305648328061351,1.20482222794783
"239468_at",-1.68654078259672,3.16782633471074,-4.24179116494106,4.38551442420201e-05,0.000305956362311146,1.20349556371061
"206082_at",1.68844306830034,5.54055143812397,4.2346840767251,4.50784547843419e-05,0.000313610448572833,1.17724202098704
"211712_s_at",2.12904511406674,4.70015762277686,4.23387731708265,4.521937173227e-05,0.000314510768281626,1.17426390972117
"212776_s_at",1.67057101601357,5.2301288447438,4.23238138816927,4.54817861425445e-05,0.000316134840750524,1.16874287494213
"202718_at",1.90321666559955,4.50457201043802,4.22561745678607,4.66866704316489e-05,0.000323563658999924,1.14379718684501
"222760_at",1.72438537763971,8.47306572587603,4.20625095168412,5.03083478746817e-05,0.000345684167405834,1.07253596903971
"240655_at",1.65355522795984,4.43339224789256,4.20178376002662,5.11812243659865e-05,0.000351064288321454,1.05613287599833
"243271_at",1.50031134618665,5.07856511597521,4.2010884510188,5.13183860437633e-05,0.000351872680830544,1.05358093197182
"234562_x_at",1.51862246774944,7.9156248608595,4.19090736402805,5.33676222138176e-05,0.00036477994056013,1.01624991512823
"205357_s_at",-2.90164211977545,5.24093325561983,-4.18226802917177,5.51678947985352e-05,0.000375957204052089,0.98462485071933
"225915_at",-1.64249036997398,5.14464917650413,-4.17514705804822,5.66954232344044e-05,0.000385597992951991,0.958594406766927
"229119_s_at",-1.50717655727149,5.3067706351405,-4.17310887075376,5.71400508280499e-05,0.000388332166441719,0.951149970199731
"200986_at",-1.50443000492873,8.43001831140496,-4.17071717697589,5.7666059773178e-05,0.000391517672680803,0.942417812493932
"228462_at",2.14519327108428,5.97295908804959,4.16916410281222,5.80101129502514e-05,0.000393445916976443,0.936749482399106
"233337_s_at",1.56044040316573,4.54425097450413,4.16915019352633,5.80132031550704e-05,0.000393445916976443,0.936698724113992
"1567101_at",1.78735368656392,4.47829821753719,4.16070611239256,5.99186343628117e-05,0.000404650609410416,0.905907582496026
"238623_at",1.58187324733484,5.93703806833884,4.15844482357075,6.04389987417785e-05,0.000407862534708312,0.897669754645941
"232286_at",2.31551806821211,6.25665563335537,4.14850458543681,6.27782532816206e-05,0.000421981927486182,0.8614973523513
"229139_at",1.64299647170645,5.55299756643802,4.14298513244952,6.41143730012405e-05,0.000430328178718736,0.841440079802723
"203645_s_at",-2.02239152564763,6.17612325089256,-4.13944650297222,6.498527637214e-05,0.000435300061876265,0.828591481218535
"203627_at",1.60799672850566,5.74452956947107,4.13804092355028,6.53343441267814e-05,0.000437388914550236,0.823490168606881
"202994_s_at",-1.64673311354751,7.29985208169421,-4.13410377361989,6.63217038782482e-05,0.000443401706962976,0.809207856860549
"232202_at",1.52521250451188,3.74140885404132,4.1320085386304,6.68529600811435e-05,0.00044640761998492,0.801611384672567
"213201_s_at",2.43664748116459,4.98909750579339,4.13105859165233,6.70951644650371e-05,0.000447751509474662,0.798168213109093
"241763_s_at",1.66313570604129,5.00616052615703,4.13057627976919,6.7218459258196e-05,0.000448310066341835,0.79642025575195
"208788_at",-1.59459900172737,11.0789677445868,-4.12959066585794,6.7471089975203e-05,0.000449875834682223,0.792848745939268
"225974_at",-1.6133728870164,6.41474250913223,-4.12482114467944,6.87065105493204e-05,0.000457388099876305,0.775574749112667
"239153_at",1.60641458827206,3.73388549604959,4.12422483363759,6.88624849089077e-05,0.000458259050924359,0.773416114723073
"203417_at",1.54207013810407,6.00986178947934,4.1233120306692,6.9101899791477e-05,0.000459628512299149,0.770112239258696
"222453_at",-1.74858742844457,9.45832035780165,-4.122790719619,6.92389895654686e-05,0.000460260395682918,0.768225608599198
"208146_s_at",-1.51403890641403,5.06822847510744,-4.11177396188723,7.21977436106642e-05,0.000478300209852546,0.728397728939465
"231766_s_at",1.93854049321154,5.61583477741322,4.10987149864374,7.27207947725959e-05,0.000481357076778654,0.721528034732796
"227803_at",2.14170389449491,5.26100545109917,4.10971086795874,7.27651232965898e-05,0.000481592194194534,0.720948115234347
"223949_at",1.89002601746889,5.14689474915702,4.09393844035549,7.724606763579e-05,0.000508601727840417,0.664088526088173
"219857_at",1.63278249726414,5.03747143319835,4.0791284980251,8.16931374410581e-05,0.000534854782611645,0.610848720604603
"242912_at",2.20383865342478,5.05365145580165,4.0734442604904,8.34641994119647e-05,0.000545535577148735,0.590453310830841
"217867_x_at",1.71880229426527,7.7560769861157,4.0727891401152,8.36706633462027e-05,0.000546661035043931,0.588104077722452
"203637_s_at",-1.53553541550962,6.10697149318182,-4.06736126296976,8.5400179347607e-05,0.000556858056747813,0.568650934172409
"203477_at",-1.57031349962783,7.08681217781818,-4.04988721598999,9.12033445054437e-05,0.000591172834716673,0.506158514133506
"215768_at",-1.78182214841063,5.94735285989256,-4.04976470529915,9.12453317051755e-05,0.000591374882762028,0.505721098843005
"235046_at",1.54344372597002,7.10295044639669,4.04959383435913,9.13039239332693e-05,0.00059168448987217,0.505111033640436
"230493_at",2.38655530941572,4.87250174412397,4.03155487599688,9.76961030488096e-05,0.000628046376742348,0.440815956703487
"231120_x_at",1.71494011594287,4.47373448265289,4.03068640144337,9.80144018000218e-05,0.000629722375842091,0.437726011000882
"213906_at",1.96513370108484,5.86960515705785,4.03026085564453,9.81707273414921e-05,0.000630652628057347,0.436212146278271
"228974_at",-1.54214376866685,5.2661824095124,-4.01325353981209,0.000104617202867406,0.000666738030863205,0.375808773029685
"205590_at",1.68249024240102,5.28772153542975,4.01006399607586,0.00010587038004117,0.000673922048460904,0.364502418209661
"209806_at",1.64976695003168,9.12206718312397,4.00011032436652,0.000109874067873743,0.000696263868914803,0.329262538601053
"220177_s_at",1.90732689154751,5.33931445533058,3.99830081388975,0.000110617278302203,0.000700433788979253,0.32286334549496
"209791_at",2.02281073434955,6.10860949571901,3.99724581810357,0.000111052804289951,0.00070291597175433,0.319133455119173
"227314_at",1.65131230369231,5.1237251826281,3.99451958495146,0.000112185851931214,0.000709023402420428,0.309498461107133
"205819_at",-1.70952808465102,3.48731975242975,-3.99161431141574,0.000113405459173762,0.000715903877188021,0.299236234122056
"223423_at",1.89223796575736,6.40792364885124,3.98261238562443,0.000117265294621718,0.000737375501258477,0.267475199245497
"214953_s_at",1.5297393883207,7.68527649232231,3.97885575420032,0.000118912877580727,0.00074670513170165,0.254237093625913
"208335_s_at",-1.83101396422172,5.01192982910744,-3.97660918645634,0.000119908712247943,0.000752094624544713,0.246324916463247
"205830_at",2.03399672176923,4.52371570330579,3.97496239877456,0.000120643734208288,0.000756184359490787,0.240527275740071
"227921_at",1.61529503070136,5.04054025919008,3.97183852193793,0.000122049869335253,0.000763859501591688,0.229534485540914
"212488_at",1.5301931804621,8.05002488619008,3.96869598799851,0.000123480178253512,0.000771310264596224,0.218482724418845
"232481_s_at",2.7684755143224,6.46542863677686,3.96638545314998,0.000124541997420869,0.000777249088542768,0.210361241612926
"232541_at",-1.71568843257692,4.46065617157851,-3.96409988649362,0.000125600912153478,0.000783304422492459,0.202331090041994
"221811_at",1.52171148891233,5.73724541284298,3.94341694566106,0.000135582093139938,0.000838284625401576,0.129824914189968
"226506_at",1.74422131858315,5.18058506102479,3.93648263907378,0.000139094599922457,0.000857359112166204,0.105581278603261
"217744_s_at",1.57564459992308,7.56116546956198,3.92278065357368,0.000146291991866681,0.000896292543176913,0.0577732250078942
"201641_at",1.53614570845645,8.84030916289256,3.91394437563471,0.000151120367121968,0.000923185036021634,0.0270104800317954
"230958_s_at",-1.55734272520531,7.72257307956198,-3.90764632108197,0.000154654098889413,0.000942245693868803,0.00511704692458981
"202086_at",1.91396051414763,8.29901985366116,3.90106513983239,0.000158430757141478,0.000962269838749214,-0.0177314744095725
"203757_s_at",2.77397720416007,5.64181713486777,3.89208796109982,0.000163724273782435,0.000990881632616184,-0.0488503548923092
"213994_s_at",-1.61141643270814,6.69261489416529,-3.88473530274943,0.000168184955711579,0.00101529341432379,-0.0742965557024817
"204698_at",1.62321469902262,6.77544924613223,3.87460835337879,0.000174518565130134,0.00104752141666242,-0.109282971338585
"227811_at",1.75303332274434,7.71031418013223,3.8726745669186,0.000175753543050851,0.00105388516849148,-0.115955724660001
"229975_at",3.23188771921607,6.67107101333884,3.86819979635745,0.000178643256725376,0.00106863458002844,-0.131386516383758
"235911_at",1.56360851812614,6.81446394346281,3.86594608217821,0.000180115730633728,0.00107626530845891,-0.139152972064479
"223864_at",3.23974161144118,7.43264865845455,3.86016186030434,0.000183947938682573,0.0010971259460532,-0.159069697225412
"1567997_x_at",2.0055391783405,4.71512028642975,3.85578062314104,0.000186902151272694,0.00111280356319662,-0.174140106044946
"204951_at",1.64898645145701,5.3860220472562,3.85467600483375,0.000187654077618922,0.00111691559915247,-0.177937626776416
"205541_s_at",-1.65221497863575,4.99596794258678,-3.85419983387777,0.000187979099840038,0.00111836314295474,-0.17957437360596
"226884_at",1.5956451199802,4.01162887272727,3.84088802888385,0.000197285265641821,0.00116750426441894,-0.225267405363463
"219255_x_at",1.50889140285407,5.13866119742975,3.82883690612833,0.00020608666081568,0.00121354746150752,-0.266526771496503
"219352_at",1.70910272167308,5.26531555968595,3.82695597204122,0.000207493625537061,0.00122091196472652,-0.272957382204502
"226189_at",1.63555102043665,6.13142595383471,3.81144775905557,0.000219447166213708,0.00128282623893237,-0.325883299740606
"207522_s_at",1.65717891633201,4.73844232966942,3.80867131147107,0.000221655163853789,0.00129476453885747,-0.335340919492054
"221024_s_at",1.71906658111199,7.90410486622314,3.80682099882402,0.000223138351161249,0.0013024542916346,-0.341640780136609
"218976_at",2.44751610486991,7.22014632760331,3.80534873956776,0.000224325229286311,0.00130812520384269,-0.346651748699398
"218856_at",-1.52156692971041,6.49975637838843,-3.80519636891278,0.00022444840661106,0.0013087039171867,-0.34717026940355
"235976_at",2.54086424816459,4.85175167767769,3.80260341459783,0.000226554446143407,0.00131957647202416,-0.355991656168704
"209123_at",-1.6758058923173,7.84680497273554,-3.78470439254921,0.000241612841843724,0.00139893912186864,-0.416756535162232
"202089_s_at",1.91372651118609,8.54281556214876,3.76616166138588,0.000258212758814053,0.00148608237770088,-0.479469097126998
"213557_at",1.56109309932127,4.88692598195868,3.76476601733973,0.00025950504052659,0.0014926331949495,-0.484179435465462
"222392_x_at",1.54347674063914,10.4537893133471,3.76376572443642,0.00026043502572206,0.00149698118496148,-0.487554606591025
"203439_s_at",2.15089527326584,5.26808492854545,3.75586861033332,0.000267888956163279,0.0015354679398498,-0.51417609880673
"222484_s_at",-2.41451540576866,9.45714869287603,-3.74401713050605,0.000279456325185028,0.00159503493342608,-0.554045155430032
"206595_at",1.54223065842817,3.86972681900826,3.74303538167329,0.00028043550195278,0.00159983421006555,-0.557343353873533
"208767_s_at",1.54781010794118,5.8664516787438,3.72559287812468,0.000298384411331564,0.00169058732534231,-0.615827685415536
"209504_s_at",1.52689246303224,4.21269469127273,3.72272995080685,0.000301432596250745,0.00170608977225771,-0.625406370162053
"205280_at",-1.57286702169457,3.86985198652066,-3.70855275829408,0.000316967292930683,0.00178459342405366,-0.672753952770832
"204337_at",1.61243888670362,5.42129787250413,3.68845906895186,0.000340289541297957,0.001897148023908,-0.739615209757733
"223631_s_at",2.23031125416459,7.16500021905785,3.67965811901184,0.000351008469182727,0.001948364269296,-0.768809200459231
"243806_at",1.58357996478676,4.21444683304132,3.64569643360819,0.000395444023747809,0.00216750897227183,-0.880943494070669
"240192_at",1.68397142992986,3.85775869123141,3.62873919156934,0.000419574340396159,0.0022839732239307,-0.936621611835264
"204365_s_at",1.5677857094836,5.01165993910744,3.62223570209467,0.000429193045507794,0.00233238542522002,-0.957920278328446
"211430_s_at",2.32737407275565,11.1639638614876,3.62113966584532,0.000430834476479388,0.00233944532739205,-0.961506737160465
"209291_at",-1.96324629801923,7.81884971726446,-3.61794231719633,0.000435656817199304,0.00236258048803531,-0.971964154236928
"201467_s_at",-1.72555476389253,6.34727392045454,-3.61205259181696,0.000444673716844574,0.00240480073872177,-0.991207998390499
"1553589_a_at",1.50572917311934,4.76109299261157,3.5814656445606,0.000494406879305332,0.00263904091828752,-1.09074110302389
"223748_at",1.70545006293665,6.52937253070248,3.57546410719631,0.00050476231017203,0.00268307465217875,-1.11019073775538
"206157_at",-1.57649679137952,3.45086161759504,-3.56087040227757,0.000530803890673528,0.00280484224631054,-1.15737584005071
"223916_s_at",1.52487937315102,5.01513973702479,3.5525095449861,0.00054628920922073,0.00287693724852084,-1.18433834359433
"229158_at",1.80088600254921,4.25564886280992,3.55164968002079,0.000547905725696451,0.002884894602509,-1.1871083725499
"203438_at",2.09699373353111,7.0205201231157,3.54151470404983,0.00056730224079076,0.00297384947413565,-1.21971700447792
"239723_at",1.7910041189819,4.74225192404959,3.53291992478846,0.000584256609912805,0.00305015087816123,-1.2473110201009
"202712_s_at",1.74484247711651,6.3447944681157,3.52265734601488,0.000605126540124617,0.00314768276865317,-1.28018839080351
"209292_at",-1.88314408715272,5.20560143944628,-3.5129835823048,0.000625440510612945,0.00323978777051282,-1.3111083436962
"202037_s_at",-2.55576928289423,6.71860391632231,-3.50474981242432,0.000643234973562791,0.00331907060962114,-1.33737125777321
"204041_at",-1.81722125322002,7.24672662161983,-3.50130009804429,0.000650831156998911,0.00335478396426091,-1.34835977152702
"210096_at",-2.22496056170871,5.3125015505124,-3.49279020605308,0.000669932477757998,0.00343930124144775,-1.37542901152361
"218232_at",-1.57487353011652,6.31565792718182,-3.47937278156677,0.000701124596637257,0.00357693266036596,-1.41799966664573
"203892_at",1.85503366882409,5.34772694142975,3.46929473292538,0.000725446734713823,0.00368828344992359,-1.44988727827674
"229381_at",1.61378903839536,5.09808536399174,3.46405820486968,0.000738395620817973,0.00374541057317216,-1.4664261773088
"229580_at",-2.28417468440724,6.03803521919008,-3.46231861668835,0.000742745154453101,0.00376356012428503,-1.471915925251
"205569_at",1.72790868069797,4.7147078068843,3.46186815107506,0.000743875385064395,0.00376831156104844,-1.47333712575564
"214290_s_at",1.6561232991827,7.42371445113223,3.45975911386161,0.000749188561121169,0.00379346958504352,-1.47998904089018
"202018_s_at",2.73751381252263,8.80090909072727,3.45862256841748,0.000752066569763891,0.00380522299665378,-1.48357233731682
"209114_at",1.58232711004072,4.49898392750413,3.4561078862355,0.000758471339427603,0.00383301788364953,-1.49149719659241
"209278_s_at",-1.98944912724491,4.69473260250413,-3.45292668810119,0.000766647169244318,0.00386968555930881,-1.50151578273874
"230788_at",1.56396091218383,7.00037934661157,3.45233373360567,0.000768180221208317,0.00387635012409458,-1.50338234695368
"228241_at",2.95938645966629,7.29236733130579,3.43872809767656,0.000804158572408429,0.00403518446644923,-1.54613947426885
"39248_at",2.00301051743609,7.88505978646281,3.43445503153054,0.000815780959019759,0.0040886262658727,-1.55953947961671
"226021_at",-1.56279497523586,5.83221582271901,-3.42027960566436,0.000855476947629804,0.00426490399486273,-1.60389461407724
"232176_at",2.18781581311482,4.83528743446281,3.41683668191465,0.000865388393749041,0.00430920860002084,-1.6146448402893
"237339_at",2.68196941316629,7.7184697384876,3.39027684572959,0.000945551907689924,0.00465370496327523,-1.69727615139376
"207076_s_at",-1.60871074400056,8.28784848449587,-3.37966986222641,0.000979471418341266,0.00479948017546233,-1.73012746452883
"226736_at",-1.67328415582296,6.09340472896694,-3.37780449871325,0.000985553268249525,0.00482538953537591,-1.73589597523246
"225491_at",1.54614233523869,4.2461894687438,3.36713566262608,0.0010210238301677,0.00497633071085923,-1.76883809251384
"205009_at",3.03518673995588,8.08631947038016,3.35091921990612,0.00107723660725674,0.00521728332906036,-1.81874449965218
"220414_at",2.04740749372455,4.60675643304132,3.32929452073008,0.00115671377765388,0.0055598528169869,-1.88498434197544
"204914_s_at",1.6719943021629,3.81950320030578,3.32358755583261,0.00117858568974202,0.00565156749575906,-1.90240632792578
"226809_at",1.81410638777093,4.88525048300826,3.31418363352883,0.00121547214229572,0.00580857786732092,-1.93106006210868
"204913_s_at",2.05566973581787,4.20000243190909,3.29469745410051,0.00129536804266884,0.00613781503881784,-1.9902194077116
"205440_s_at",-2.03626551908088,5.49766434773554,-3.27493898204136,0.00138137131116007,0.00649075940509424,-2.04990849217357
"202035_s_at",-2.29245315625679,6.30990921160331,-3.27301031236225,0.00139004596694025,0.00652552165305239,-2.05571882762538
"242579_at",2.50172873176415,6.78768658143802,3.26629269073437,0.00142065877636401,0.00665192417553328,-2.07593409697786
"212730_at",-1.71575832183145,8.82369833571074,-3.24398228014619,0.00152690415350883,0.00707707309272421,-2.1428232423462
"210163_at",1.50982437978054,3.68097479877686,3.24096856816283,0.00154181111292154,0.00712944203306707,-2.15182925909506
"204595_s_at",1.52126141660294,5.58532016242149,3.2249983266898,0.00162309653959652,0.00744924060290771,-2.19943669616958
"235153_at",1.51895408439253,4.24021253079339,3.21361044487676,0.00168347874121742,0.00769729053153222,-2.2332634625613
"230418_s_at",-1.7386437546267,5.86232697000826,-3.18407567954296,0.00184996941204621,0.00835719058114738,-2.32052473146371
"206754_s_at",2.70106444683654,6.38882861347934,3.18305905483147,0.00185596412176811,0.00838191698820271,-2.32351628974529
"218002_s_at",-2.22899295899491,9.38611850226446,-3.17004945308774,0.00193428964083228,0.008683577150218,-2.36172766048468
"212236_x_at",1.76547470379073,7.8172325161405,3.12864708322291,0.0022044780264882,0.00974135909627758,-2.48245208898516
"219557_s_at",1.61010849252036,4.74912382360331,3.12581245996292,0.00222420171939851,0.00981582282735602,-2.49066831878316
"219300_s_at",1.58787043773134,5.37500730714876,3.11677372254312,0.00228819324085,0.0100544053237542,-2.51682511454601
"238755_at",1.57486189509107,4.42114705628926,3.09604054481803,0.00244148184393105,0.0106331065649936,-2.57658067669981
"236285_at",1.56306067777828,4.27567068800826,3.06538822663905,0.00268560659603019,0.0115482139707393,-2.66430180450499
"204734_at",2.05569523398586,7.88975252845455,3.01773083146555,0.00311036182569816,0.0130854903678091,-2.79920560347222
"214324_at",1.55538502115951,4.34837096260331,3.01554672170618,0.00313124002514999,0.0131581391418858,-2.80534474181506
"227425_at",1.62805463803168,5.18746337523967,3.00718366219347,0.0032123852588647,0.0134495109907671,-2.82881650701466
"203485_at",-1.5519019950724,7.03110011318182,-3.00420421767318,0.00324175993540931,0.0135538139075097,-2.8371650888695
"240633_at",1.56490170832466,4.00326097695868,2.97554501748481,0.00353723883406344,0.0146170760526354,-2.91710619559766
"211429_s_at",1.70210467808654,8.07526790830578,2.96278315118342,0.00367663599053718,0.0151063404811468,-2.9524912741808
"230863_at",1.94431022289197,5.52342893703306,2.96021556120511,0.00370528565225486,0.0152135805834394,-2.95959462604798
"1553394_a_at",2.10413252469344,5.64952373367769,2.94061875044666,0.00393081253400089,0.0159932412037877,-3.01363480408357
"204268_at",1.66042005788292,4.98233214657851,2.91674833052622,0.00422255086090698,0.0169656061375727,-3.07904026726752
"203915_at",1.97600663883541,7.21678293045455,2.91485311175175,0.00424654551302144,0.0170419756256934,-3.08421341551137
"204623_at",2.13288666260351,7.94339285420661,2.88469235397921,0.00464563731669813,0.0184204960686395,-3.16614664926944
"224646_x_at",-1.70427625834502,7.57726314742975,-2.88218341771983,0.00468033887716828,0.0185432991383461,-3.17292893638708
"211421_s_at",1.62498949474378,4.54256441038843,2.88064483655894,0.00470173664463922,0.0186145873313287,-3.17708556995571
"212094_at",1.91285305620475,6.2053109235124,2.87802412673643,0.00473839062330953,0.018739349535584,-3.18416123840732
"1553434_at",1.55056765698021,4.41700644300826,2.84164523986776,0.00527497330351134,0.0205142019609846,-3.28180102072732
"214451_at",2.61820258469344,6.72961960750413,2.81816326598797,0.00565025949649242,0.0217325316898152,-3.34424979522866
"205916_at",2.37667951220871,4.35726519138016,2.77547892730821,0.00639546258222874,0.0241302820152754,-3.45660294553777
"210272_at",1.92325169337783,4.27604972413223,2.76946055272715,0.00650745244421605,0.0244717630089767,-3.47232332277534
"1552507_at",1.58566863820192,5.6288555728843,2.74539317037645,0.00697337187971953,0.0259702409593124,-3.53488867891324
"237395_at",1.96866842876753,5.47274980610744,2.73705330835349,0.00714177044652239,0.026496322125508,-3.55645667112577
"202036_s_at",-1.71552015486086,6.42597257573554,-2.70147881995289,0.00790237977338893,0.0287964952086137,-3.64780626314735
"205890_s_at",1.76070452888066,6.00376955191736,2.68678937760149,0.00823733949539189,0.0298242856043011,-3.68521802305167
"202833_s_at",1.73489482302602,6.30274127502479,2.68225423902049,0.00834332212146261,0.0301341747252588,-3.69673182354019
"214440_at",1.98660674820588,8.10784914649587,2.65408767908074,0.00902966407818115,0.0321710467531965,-3.76785457706523
"243241_at",1.66944101438744,4.34123787873554,2.62770046477585,0.00971853685015248,0.0342195390444415,-3.83387881423809
"213680_at",1.7551923305707,5.67663842680992,2.49015420338977,0.0141365245909576,0.0466961383525015,-4.16847349429579
